id,sex,race,age,juv_fel_count,juv_misd_count,juv_other_count,priors_count,c_charge_degree,is_recid,is_violent_recid,two_year_recid,high_risk
1,1,0,0,0.0,0.0,0.0,0.0,0,0,0,0,0
3,1,0,0,0.0,0.0,0.0,0.0,0,1,1,1,0
4,1,0,1,0.0,0.0,0.058823529411764705,0.10526315789473684,0,1,0,1,0
5,1,0,1,0.0,0.07692307692307693,0.0,0.02631578947368421,0,0,0,0,1
6,1,0,0,0.0,0.0,0.0,0.05263157894736842,0,0,0,0,0
7,1,0,0,0.0,0.0,0.0,0.0,1,0,0,0,0
8,1,1,0,0.0,0.0,0.0,0.3684210526315789,0,1,0,1,0
9,1,0,0,0.0,0.0,0.0,0.07894736842105263,0,0,0,0,0
10,0,1,0,0.0,0.0,0.0,0.0,1,0,0,0,0
13,1,1,1,0.0,0.0,0.0,0.02631578947368421,0,1,1,1,0
14,1,1,0,0.0,0.0,0.0,0.0,0,0,0,0,0
15,1,0,1,0.0,0.0,0.0,0.07894736842105263,1,1,0,1,0
16,0,1,0,0.0,0.0,0.0,0.0,1,0,0,0,0
18,1,0,0,0.0,0.0,0.0,0.0,0,0,0,0,0
19,0,1,0,0.0,0.0,0.0,0.02631578947368421,0,1,0,1,0
20,1,0,0,0.0,0.0,0.0,0.18421052631578946,0,1,0,1,0
21,1,0,0,0.0,0.0,0.0,0.0,1,0,0,0,0
22,1,0,0,0.0,0.0,0.0,0.07894736842105263,0,0,0,0,1
23,1,1,0,0.0,0.0,0.0,0.15789473684210525,0,1,1,1,0
24,1,1,0,0.0,0.0,0.0,0.13157894736842105,0,1,0,1,0
25,1,0,0,0.0,0.0,0.0,0.3421052631578947,0,1,0,1,0
26,1,0,1,0.0,0.0,0.0,0.02631578947368421,0,1,0,1,1
27,1,1,0,0.0,0.0,0.0,0.0,1,1,0,1,0
28,0,1,1,0.0,0.0,0.0,0.0,0,0,0,0,0
30,1,0,1,0.0,0.0,0.0,0.02631578947368421,0,1,0,1,0
32,1,1,0,0.0,0.0,0.0,0.02631578947368421,1,0,0,0,0
33,1,0,0,0.0,0.0,0.0,0.0,1,0,0,0,0
37,1,0,0,0.0,0.0,0.0,0.21052631578947367,0,1,1,1,0
38,0,1,0,0.0,0.0,0.0,0.07894736842105263,0,0,0,0,0
39,1,0,0,0.0,0.0,0.058823529411764705,0.13157894736842105,0,1,0,1,1
40,1,0,0,0.0,0.0,0.0,0.0,0,1,1,1,1
41,1,1,0,0.0,0.0,0.0,0.23684210526315788,0,1,0,1,1
42,1,0,0,0.0,0.0,0.0,0.10526315789473684,0,1,0,1,1
45,1,1,0,0.0,0.0,0.0,0.0,0,0,0,0,0
50,1,0,0,0.0,0.0,0.0,0.18421052631578946,0,1,0,1,0
51,1,1,0,0.0,0.0,0.11764705882352941,0.15789473684210525,1,0,0,0,1
52,0,1,0,0.0,0.0,0.0,0.10526315789473684,1,1,0,1,0
53,1,1,1,0.0,0.0,0.0,0.02631578947368421,1,1,0,1,0
54,1,0,0,0.1,0.07692307692307693,0.1764705882352941,0.5526315789473684,0,1,0,1,1
55,1,1,0,0.0,0.0,0.0,0.0,1,0,0,0,0
56,0,0,1,0.0,0.0,0.0,0.05263157894736842,0,0,0,0,1
57,1,0,0,0.0,0.0,0.0,0.05263157894736842,1,0,0,0,0
59,1,1,0,0.0,0.0,0.0,0.05263157894736842,1,1,0,1,0
61,0,0,0,0.0,0.0,0.0,0.18421052631578946,0,0,0,0,0
64,1,0,0,0.0,0.0,0.0,0.0,0,1,0,1,1
66,1,1,0,0.0,0.0,0.0,0.23684210526315788,1,1,1,1,1
67,1,0,0,0.05,0.0,0.23529411764705882,0.3421052631578947,0,1,1,1,1
68,1,1,0,0.0,0.0,0.0,0.0,1,0,0,0,0
69,1,0,0,0.0,0.0,0.0,0.10526315789473684,1,1,0,1,0
70,1,0,0,0.0,0.0,0.0,0.0,0,0,0,0,0
71,1,1,0,0.0,0.0,0.0,0.02631578947368421,0,1,0,1,0
72,0,0,0,0.0,0.0,0.0,0.0,0,0,0,0,0
75,1,1,0,0.0,0.0,0.0,0.5263157894736842,0,1,0,1,0
77,0,0,0,0.0,0.0,0.0,0.02631578947368421,0,0,0,0,0
79,1,0,0,0.0,0.0,0.058823529411764705,0.39473684210526316,0,1,0,0,0
80,1,0,1,0.0,0.0,0.0,0.05263157894736842,0,1,0,1,0
83,1,0,0,0.0,0.0,0.0,0.0,1,0,0,0,1
84,1,0,0,0.0,0.0,0.0,0.10526315789473684,1,0,0,0,0
85,1,1,0,0.0,0.0,0.0,0.21052631578947367,0,0,0,0,0
87,1,0,0,0.0,0.0,0.0,0.13157894736842105,0,0,0,0,0
88,1,0,0,0.0,0.0,0.0,0.2631578947368421,1,1,0,1,1
90,1,0,0,0.05,0.07692307692307693,0.11764705882352941,0.39473684210526316,0,1,0,1,1
91,1,1,0,0.0,0.0,0.0,0.10526315789473684,1,1,0,1,0
93,1,0,1,0.0,0.0,0.058823529411764705,0.02631578947368421,0,1,0,1,0
95,1,0,1,0.0,0.07692307692307693,0.11764705882352941,0.05263157894736842,0,1,0,1,1
96,1,0,0,0.0,0.0,0.0,0.10526315789473684,0,1,0,1,1
97,1,0,0,0.0,0.0,0.0,0.0,1,0,0,0,0
98,1,0,0,0.0,0.07692307692307693,0.0,0.15789473684210525,0,1,0,1,0
99,1,0,0,0.0,0.0,0.0,0.0,1,0,0,0,0
100,0,0,0,0.0,0.0,0.0,0.0,1,0,0,0,0
101,1,0,0,0.0,0.0,0.0,0.15789473684210525,0,1,1,1,0
102,1,0,1,0.0,0.0,0.0,0.02631578947368421,0,0,0,0,0
105,1,0,0,0.0,0.0,0.0,0.02631578947368421,1,0,0,0,0
107,1,0,0,0.0,0.0,0.0,0.13157894736842105,0,1,0,1,0
108,1,1,0,0.0,0.0,0.058823529411764705,0.02631578947368421,0,1,0,1,0
111,1,0,0,0.0,0.0,0.0,0.05263157894736842,0,0,0,0,0
113,1,0,1,0.0,0.0,0.0,0.02631578947368421,1,1,0,1,0
114,1,1,1,0.0,0.0,0.0,0.0,0,0,0,0,1
115,0,0,0,0.0,0.0,0.0,0.02631578947368421,0,1,1,1,0
116,1,1,0,0.0,0.0,0.0,0.02631578947368421,0,1,1,1,1
119,1,0,0,0.0,0.0,0.0,0.0,0,0,0,0,0
120,1,0,0,0.0,0.0,0.0,0.02631578947368421,1,0,0,0,0
122,1,0,0,0.0,0.0,0.0,0.21052631578947367,1,1,1,1,1
127,1,0,0,0.0,0.0,0.0,0.0,0,1,0,1,0
128,1,0,0,0.05,0.46153846153846156,0.058823529411764705,0.3684210526315789,0,1,1,1,1
130,1,0,1,0.0,0.0,0.0,0.0,0,1,1,1,0
131,1,0,1,0.05,0.0,0.0,0.05263157894736842,0,1,0,1,1
132,1,0,1,0.0,0.0,0.058823529411764705,0.05263157894736842,1,1,0,1,1
136,0,0,0,0.0,0.0,0.0,0.02631578947368421,1,0,0,0,0
137,1,0,0,0.0,0.0,0.0,0.23684210526315788,0,1,0,1,1
138,1,1,0,0.0,0.0,0.0,0.18421052631578946,0,1,0,1,1
139,1,0,1,0.0,0.0,0.0,0.02631578947368421,0,1,0,1,0
142,1,1,0,0.0,0.0,0.0,0.23684210526315788,0,1,1,1,1
143,1,0,0,0.0,0.0,0.0,0.3157894736842105,1,0,0,0,1
145,0,1,1,0.0,0.0,0.0,0.0,0,0,0,0,1
146,1,1,0,0.0,0.0,0.0,0.05263157894736842,0,1,0,1,0
147,1,1,0,0.0,0.0,0.0,0.07894736842105263,0,0,0,0,0
148,0,1,0,0.0,0.0,0.0,0.0,1,0,0,0,0
150,0,0,0,0.0,0.0,0.0,0.0,1,0,0,0,0
151,1,0,1,0.0,0.0,0.0,0.02631578947368421,1,1,1,1,0
152,1,0,1,0.0,0.0,0.0,0.02631578947368421,0,0,0,0,0
153,1,0,0,0.0,0.0,0.0,0.02631578947368421,0,0,0,0,0
154,0,1,0,0.0,0.0,0.0,0.0,0,1,1,1,0
156,1,1,1,0.0,0.07692307692307693,0.11764705882352941,0.21052631578947367,0,1,0,1,0
157,1,1,0,0.0,0.0,0.0,0.0,0,0,0,0,0
158,1,1,0,0.0,0.0,0.0,0.0,1,0,0,0,0
159,0,1,0,0.0,0.0,0.0,0.02631578947368421,0,0,0,0,0
160,1,0,0,0.0,0.0,0.0,0.3684210526315789,0,1,1,1,1
163,1,1,0,0.0,0.0,0.0,0.02631578947368421,0,0,0,0,0
166,1,0,1,0.0,0.0,0.0,0.07894736842105263,0,1,0,1,1
169,1,1,0,0.0,0.0,0.0,0.13157894736842105,1,1,0,1,0
171,1,1,0,0.0,0.0,0.0,0.0,0,0,0,0,0
173,1,0,0,0.0,0.0,0.0,0.13157894736842105,0,1,0,1,0
174,1,0,0,0.0,0.0,0.0,0.07894736842105263,0,0,0,0,0
175,1,1,0,0.0,0.0,0.0,0.02631578947368421,0,1,0,1,0
176,1,0,0,0.0,0.07692307692307693,0.0,0.2631578947368421,0,1,0,1,1
177,1,0,1,0.0,0.0,0.0,0.0,0,1,0,1,0
178,1,0,0,0.0,0.9230769230769231,0.11764705882352941,0.7368421052631579,0,1,0,1,1
180,1,0,0,0.0,0.0,0.0,0.02631578947368421,1,0,0,0,1
182,0,0,0,0.0,0.0,0.0,0.02631578947368421,0,0,0,0,0
183,1,1,0,0.0,0.0,0.0,0.3421052631578947,0,1,1,1,1
184,1,0,0,0.0,0.0,0.0,0.07894736842105263,0,1,0,1,1
187,1,0,0,0.0,0.0,0.0,0.21052631578947367,0,0,0,0,1
189,1,1,0,0.0,0.0,0.0,0.07894736842105263,1,0,0,0,1
190,1,0,0,0.0,0.0,0.0,0.5,0,1,0,1,1
192,0,1,0,0.0,0.0,0.0,0.05263157894736842,1,0,0,0,0
193,1,1,1,0.0,0.0,0.0,0.10526315789473684,0,1,0,1,0
194,1,1,0,0.0,0.0,0.0,0.15789473684210525,0,0,0,0,0
195,0,1,0,0.0,0.0,0.0,0.05263157894736842,0,0,0,0,0
197,1,1,0,0.0,0.0,0.0,0.02631578947368421,1,0,0,0,0
199,1,1,0,0.0,0.0,0.0,0.05263157894736842,0,0,0,0,0
200,0,0,0,0.0,0.0,0.0,0.05263157894736842,1,0,0,0,0
202,1,1,0,0.0,0.0,0.0,0.0,1,1,0,1,0
203,0,0,1,0.0,0.0,0.0,0.0,1,0,0,0,0
206,0,1,0,0.0,0.07692307692307693,0.0,0.2631578947368421,0,1,0,1,0
208,1,1,0,0.0,0.0,0.0,0.05263157894736842,1,1,0,1,0
209,0,0,0,0.0,0.0,0.0,0.10526315789473684,0,1,1,1,0
210,1,0,0,0.0,0.0,0.0,0.07894736842105263,0,1,0,1,1
213,1,1,0,0.0,0.0,0.0,0.05263157894736842,1,1,0,1,0
215,1,0,0,0.0,0.0,0.0,0.02631578947368421,1,1,0,0,0
216,1,1,0,0.0,0.0,0.0,0.02631578947368421,0,1,0,1,0
218,0,1,0,0.0,0.0,0.0,0.10526315789473684,0,0,0,0,0
220,0,0,1,0.05,0.0,0.0,0.02631578947368421,0,0,0,0,1
222,0,1,0,0.0,0.0,0.0,0.0,1,0,0,0,0
223,1,0,0,0.05,0.07692307692307693,0.0,0.23684210526315788,0,1,0,1,1
224,1,0,0,0.0,0.0,0.0,0.2894736842105263,0,1,1,1,0
225,1,0,0,0.0,0.0,0.0,0.21052631578947367,1,1,1,1,0
227,0,0,0,0.0,0.0,0.0,0.0,0,1,0,1,0
228,0,0,0,0.0,0.0,0.0,0.18421052631578946,0,1,0,1,1
229,1,0,0,0.0,0.0,0.0,0.05263157894736842,0,1,0,1,1
231,0,0,1,0.0,0.0,0.0,0.0,0,0,0,0,0
232,0,1,0,0.0,0.0,0.0,0.0,1,0,0,0,0
234,0,0,0,0.0,0.0,0.0,0.02631578947368421,0,1,0,1,0
235,1,0,0,0.0,0.0,0.0,0.3421052631578947,0,1,0,1,1
236,1,0,0,0.0,0.0,0.0,0.02631578947368421,0,0,0,0,0
238,0,0,0,0.0,0.0,0.0,0.10526315789473684,0,1,1,1,1
239,1,0,0,0.0,0.0,0.0,0.02631578947368421,0,0,0,0,0
240,0,0,0,0.0,0.0,0.0,0.02631578947368421,0,0,0,0,0
241,0,0,0,0.0,0.0,0.0,0.05263157894736842,1,1,0,1,0
242,1,0,0,0.0,0.0,0.0,0.07894736842105263,1,0,0,0,0
243,1,1,0,0.05,0.0,0.0,0.02631578947368421,1,0,0,0,0
244,0,1,0,0.0,0.0,0.0,0.07894736842105263,0,1,0,1,1
245,1,0,0,0.0,0.0,0.0,0.02631578947368421,0,0,0,0,1
246,1,1,0,0.0,0.0,0.0,0.05263157894736842,1,0,0,0,0
248,1,0,1,0.0,0.0,0.0,0.02631578947368421,0,0,0,0,0
249,1,1,0,0.0,0.0,0.0,0.15789473684210525,0,1,0,1,0
251,0,1,0,0.0,0.0,0.0,0.15789473684210525,0,0,0,0,0
252,1,1,0,0.0,0.0,0.0,0.0,0,0,0,0,0
254,1,0,0,0.0,0.0,0.0,0.02631578947368421,1,1,0,1,0
257,1,0,1,0.0,0.0,0.0,0.0,0,0,0,0,0
258,0,0,0,0.0,0.0,0.0,0.13157894736842105,0,0,0,0,1
259,1,0,0,0.0,0.0,0.0,0.05263157894736842,1,0,0,0,0
260,1,0,0,0.0,0.0,0.0,0.21052631578947367,0,0,0,0,0
262,0,1,0,0.0,0.0,0.0,0.15789473684210525,0,0,0,0,1
263,1,1,0,0.0,0.0,0.0,0.02631578947368421,0,0,0,0,0
264,1,0,0,0.0,0.0,0.0,0.21052631578947367,0,1,0,1,1
265,1,0,0,0.0,0.0,0.0,0.15789473684210525,1,1,1,1,0
266,1,0,0,0.0,0.0,0.0,0.05263157894736842,0,0,0,0,0
267,1,0,0,0.0,0.0,0.0,0.0,0,0,0,0,0
268,1,1,0,0.0,0.0,0.0,0.02631578947368421,1,1,0,1,0
269,1,1,0,0.0,0.0,0.0,0.0,0,0,0,0,0
271,1,0,1,0.0,0.0,0.0,0.0,0,0,0,0,0
272,1,0,0,0.1,0.15384615384615385,0.058823529411764705,0.5789473684210527,0,1,0,1,1
275,1,0,1,0.0,0.0,0.0,0.02631578947368421,0,1,0,1,0
277,1,0,0,0.0,0.0,0.0,0.6052631578947368,1,1,0,1,1
278,1,0,1,0.0,0.0,0.0,0.0,1,1,0,1,0
279,1,0,0,0.0,0.0,0.0,0.02631578947368421,0,0,0,0,0
280,0,1,0,0.0,0.0,0.0,0.05263157894736842,0,1,0,1,0
281,1,0,0,0.0,0.0,0.0,0.07894736842105263,0,1,1,0,0
282,1,1,0,0.0,0.0,0.0,0.21052631578947367,1,1,0,1,0
285,0,0,0,0.0,0.0,0.0,0.0,1,1,0,1,0
286,1,0,0,0.0,0.0,0.0,0.3421052631578947,0,1,0,1,1
287,1,0,0,0.0,0.0,0.0,0.05263157894736842,1,1,1,1,1
288,1,1,0,0.0,0.0,0.0,0.0,0,1,0,1,0
289,1,0,0,0.0,0.0,0.0,0.23684210526315788,0,1,0,1,1
291,1,1,0,0.0,0.0,0.0,0.05263157894736842,0,0,0,0,0
293,1,0,1,0.0,0.0,0.0,0.0,0,1,1,1,0
294,1,0,0,0.0,0.0,0.0,0.05263157894736842,1,1,0,0,0
297,0,0,1,0.0,0.0,0.0,0.02631578947368421,1,0,0,0,0
298,1,0,0,0.0,0.0,0.0,0.05263157894736842,1,1,0,1,0
299,1,1,0,0.0,0.0,0.0,0.02631578947368421,0,0,0,0,0
300,0,1,0,0.0,0.0,0.0,0.0,1,0,0,0,0
301,1,1,0,0.0,0.0,0.0,0.10526315789473684,1,0,0,0,0
302,0,0,0,0.0,0.07692307692307693,0.0,0.6052631578947368,0,1,0,1,1
304,1,0,1,0.0,0.0,0.0,0.13157894736842105,0,1,0,1,0
306,1,0,0,0.0,0.0,0.0,0.05263157894736842,0,1,0,1,1
308,1,0,0,0.0,0.0,0.0,0.0,1,0,0,0,0
310,0,0,0,0.0,0.0,0.0,0.0,0,0,0,0,1
311,1,1,0,0.0,0.0,0.0,0.2894736842105263,0,1,1,1,0
313,0,1,0,0.0,0.0,0.0,0.18421052631578946,0,1,0,1,1
315,1,0,0,0.0,0.0,0.0,0.05263157894736842,0,0,0,0,0
316,1,1,0,0.0,0.0,0.0,0.05263157894736842,1,0,0,0,0
317,0,0,0,0.0,0.0,0.0,0.02631578947368421,0,0,0,0,1
319,1,1,0,0.0,0.0,0.0,0.18421052631578946,0,1,0,1,0
320,1,0,0,0.0,0.0,0.0,0.39473684210526316,0,0,0,0,1
321,1,0,0,0.0,0.0,0.0,0.05263157894736842,1,0,0,0,0
322,1,0,0,0.0,0.0,0.0,0.07894736842105263,0,0,0,0,0
323,1,0,0,0.0,0.0,0.0,0.0,1,0,0,0,0
325,1,1,0,0.0,0.0,0.0,0.02631578947368421,0,0,0,0,0
326,0,1,0,0.0,0.0,0.0,0.0,1,1,1,1,0
327,1,1,0,0.0,0.0,0.0,0.0,1,0,0,0,0
329,1,0,0,0.0,0.0,0.0,0.02631578947368421,1,1,0,1,0
330,1,0,0,0.0,0.0,0.0,0.0,0,0,0,0,0
331,1,1,0,0.0,0.0,0.0,0.10526315789473684,0,1,0,1,0
332,0,0,0,0.0,0.0,0.0,0.05263157894736842,0,0,0,0,1
333,0,0,0,0.0,0.0,0.0,0.13157894736842105,1,0,0,0,0
334,1,0,0,0.0,0.0,0.0,0.2894736842105263,0,1,0,1,1
335,1,0,0,0.0,0.0,0.0,0.0,1,1,1,0,0
336,1,0,0,0.0,0.0,0.0,0.10526315789473684,0,1,0,1,0
337,1,0,0,0.0,0.0,0.0,0.2894736842105263,0,0,0,0,1
338,1,0,1,0.0,0.0,0.0,0.05263157894736842,0,0,0,0,1
341,0,0,0,0.0,0.0,0.0,0.05263157894736842,0,1,0,1,0
344,1,0,0,0.0,0.0,0.0,0.0,1,0,0,0,0
345,1,1,0,0.0,0.0,0.0,0.0,0,0,0,0,0
347,1,1,0,0.0,0.0,0.0,0.3421052631578947,0,1,0,1,0
348,1,0,0,0.0,0.0,0.0,0.0,0,0,0,0,0
349,1,1,0,0.0,0.0,0.0,0.02631578947368421,0,0,0,0,0
350,1,0,0,0.0,0.0,0.11764705882352941,0.2894736842105263,1,1,1,1,1
351,1,1,0,0.0,0.0,0.0,0.02631578947368421,0,0,0,0,0
354,1,0,1,0.0,0.0,0.0,0.0,0,0,0,0,0
355,1,0,0,0.0,0.0,0.0,0.10526315789473684,0,0,0,0,0
356,1,0,0,0.0,0.0,0.0,0.10526315789473684,0,0,0,0,0
357,1,1,0,0.0,0.0,0.0,0.0,0,1,0,1,1
358,1,1,0,0.0,0.0,0.0,0.0,0,1,0,1,0
359,1,0,0,0.0,0.07692307692307693,0.0,0.3684210526315789,0,0,0,0,1
360,1,0,0,0.0,0.07692307692307693,0.0,0.10526315789473684,1,0,0,0,1
361,1,1,0,0.0,0.0,0.0,0.02631578947368421,1,0,0,0,0
362,1,0,0,0.0,0.0,0.0,0.6578947368421052,0,1,0,1,1
363,1,1,0,0.0,0.0,0.0,0.21052631578947367,1,1,0,1,0
364,1,0,0,0.0,0.0,0.0,0.0,0,0,0,0,0
366,1,1,1,0.0,0.0,0.058823529411764705,0.02631578947368421,1,1,0,1,1
369,0,0,0,0.0,0.0,0.0,0.0,1,0,0,0,0
372,0,0,0,0.0,0.0,0.0,0.07894736842105263,0,0,0,0,0
374,1,1,0,0.0,0.0,0.0,0.21052631578947367,0,1,1,1,1
375,1,1,0,0.0,0.0,0.0,0.10526315789473684,0,0,0,0,0
376,1,0,1,0.0,0.0,0.0,0.07894736842105263,1,1,1,1,1
377,0,1,1,0.0,0.0,0.0,0.02631578947368421,1,1,1,1,1
378,1,0,0,0.0,0.0,0.0,0.07894736842105263,1,1,0,1,0
379,0,0,0,0.0,0.0,0.0,0.0,1,0,0,0,0
381,1,0,1,0.0,0.0,0.058823529411764705,0.02631578947368421,0,1,0,1,0
382,0,1,1,0.0,0.0,0.23529411764705882,0.13157894736842105,0,1,0,1,0
383,1,0,1,0.0,0.0,0.0,0.0,1,0,0,0,1
384,1,0,0,0.0,0.0,0.0,0.02631578947368421,1,0,0,0,0
385,1,0,1,0.0,0.0,0.0,0.02631578947368421,0,1,1,1,1
386,1,0,0,0.0,0.0,0.0,0.05263157894736842,0,1,0,1,0
389,1,0,0,0.0,0.0,0.0,0.0,0,0,0,0,0
390,1,0,0,0.0,0.0,0.0,0.10526315789473684,0,0,0,0,0
392,1,1,0,0.0,0.0,0.0,0.05263157894736842,1,1,0,0,0
393,0,0,0,0.0,0.0,0.0,0.05263157894736842,0,0,0,0,0
396,1,0,1,0.0,0.0,0.0,0.0,0,0,0,0,1
398,1,0,1,0.0,0.0,0.058823529411764705,0.0,0,0,0,0,1
399,0,0,0,0.0,0.0,0.0,0.0,0,0,0,0,0
400,0,0,1,0.0,0.0,0.0,0.0,0,1,0,1,0
402,0,0,0,0.0,0.0,0.0,0.0,0,0,0,0,0
403,1,0,0,0.0,0.0,0.0,0.21052631578947367,0,1,0,1,0
404,1,1,0,0.0,0.0,0.0,0.0,0,0,0,0,0
405,1,1,0,0.0,0.0,0.0,0.0,0,1,1,1,0
406,1,0,0,0.0,0.0,0.0,0.2894736842105263,0,1,0,1,1
407,1,0,1,0.0,0.07692307692307693,0.058823529411764705,0.07894736842105263,1,1,0,1,1
408,0,1,1,0.0,0.0,0.0,0.02631578947368421,0,0,0,0,0
409,1,0,0,0.0,0.0,0.0,0.05263157894736842,0,0,0,0,1
410,1,1,0,0.0,0.0,0.0,0.05263157894736842,0,0,0,0,0
411,0,0,0,0.0,0.0,0.0,0.05263157894736842,1,0,0,0,0
414,0,0,0,0.0,0.0,0.0,0.0,0,0,0,0,0
415,1,0,0,0.0,0.0,0.0,0.631578947368421,1,0,0,0,1
416,1,0,0,0.0,0.0,0.0,0.07894736842105263,0,1,0,1,0
417,1,0,0,0.0,0.0,0.0,0.0,0,0,0,0,0
423,1,1,0,0.0,0.0,0.0,0.07894736842105263,0,0,0,0,0
424,1,0,0,0.0,0.0,0.0,0.07894736842105263,1,1,1,1,0
425,1,1,0,0.0,0.0,0.0,0.02631578947368421,1,0,0,0,0
426,1,1,0,0.0,0.0,0.0,0.15789473684210525,0,1,0,1,0
428,1,1,0,0.0,0.0,0.0,0.07894736842105263,0,0,0,0,0
429,1,0,1,0.0,0.0,0.0,0.0,1,1,0,1,1
430,1,0,0,0.0,0.0,0.0,0.02631578947368421,1,1,1,1,1
431,1,0,0,0.0,0.0,0.0,0.07894736842105263,0,1,0,1,0
432,1,1,0,0.0,0.0,0.0,0.13157894736842105,1,0,0,0,0
434,1,0,1,0.0,0.0,0.0,0.02631578947368421,0,1,0,1,0
435,1,0,0,0.0,0.0,0.0,0.13157894736842105,1,0,0,0,0
437,1,1,1,0.0,0.0,0.0,0.0,0,1,0,1,0
438,1,0,0,0.0,0.0,0.0,0.13157894736842105,0,1,0,1,0
439,1,0,0,0.0,0.0,0.0,0.05263157894736842,0,0,0,0,0
440,1,0,0,0.0,0.0,0.0,0.15789473684210525,0,1,0,1,0
441,1,0,1,0.0,0.0,0.0,0.0,0,0,0,0,0
442,1,1,0,0.0,0.0,0.0,0.02631578947368421,1,1,1,1,0
445,1,1,0,0.0,0.0,0.0,0.05263157894736842,0,0,0,0,0
446,0,0,1,0.0,0.0,0.0,0.0,1,0,0,0,0
450,1,0,1,0.0,0.0,0.0,0.02631578947368421,0,1,0,0,0
451,1,0,1,0.0,0.0,0.058823529411764705,0.10526315789473684,1,1,0,1,1
452,1,1,0,0.0,0.0,0.0,0.0,0,0,0,0,0
454,1,0,0,0.05,0.0,0.058823529411764705,0.10526315789473684,1,1,0,1,1
456,1,1,0,0.0,0.0,0.0,0.13157894736842105,0,0,0,0,0
457,1,0,0,0.0,0.0,0.0,0.05263157894736842,0,1,0,1,0
459,0,0,0,0.0,0.0,0.0,0.13157894736842105,0,0,0,0,0
461,1,0,1,0.0,0.0,0.0,0.0,0,0,0,0,0
462,1,0,0,0.0,0.0,0.0,0.0,1,0,0,0,0
463,1,1,0,0.0,0.0,0.0,0.0,1,1,0,1,0
464,1,1,0,0.0,0.0,0.0,0.07894736842105263,1,1,0,1,0
465,0,1,0,0.0,0.0,0.0,0.0,0,0,0,0,0
467,1,0,1,0.0,0.07692307692307693,0.0,0.23684210526315788,0,1,1,1,1
468,1,0,0,0.0,0.0,0.0,0.0,0,0,0,0,0
469,1,0,1,0.0,0.0,0.0,0.0,0,1,0,1,1
474,0,1,0,0.0,0.0,0.0,0.0,1,0,0,0,0
475,1,1,0,0.0,0.0,0.0,0.0,1,0,0,0,0
478,1,0,0,0.0,0.0,0.0,0.18421052631578946,0,0,0,0,1
480,1,0,1,0.0,0.0,0.0,0.0,0,1,0,1,1
481,1,1,0,0.0,0.0,0.0,0.15789473684210525,0,0,0,0,0
484,1,1,0,0.0,0.0,0.0,0.21052631578947367,0,0,0,0,0
485,1,0,1,0.0,0.07692307692307693,0.0,0.05263157894736842,0,1,1,1,1
487,1,1,0,0.0,0.0,0.0,0.9473684210526315,0,1,0,1,0
489,1,1,0,0.0,0.0,0.0,0.05263157894736842,1,1,1,1,0
493,1,0,0,0.0,0.0,0.0,0.02631578947368421,0,0,0,0,0
494,1,0,1,0.0,0.07692307692307693,0.0,0.07894736842105263,0,1,0,0,0
495,0,0,0,0.0,0.0,0.0,0.0,0,0,0,0,1
496,0,1,0,0.0,0.0,0.0,0.05263157894736842,1,1,0,1,0
497,0,0,1,0.0,0.0,0.0,0.02631578947368421,1,1,0,0,0
499,1,1,0,0.0,0.0,0.0,0.02631578947368421,0,0,0,0,0
500,0,0,1,0.0,0.0,0.0,0.0,0,1,0,1,1
501,1,1,0,0.0,0.0,0.0,0.0,1,0,0,0,0
502,1,0,1,0.0,0.0,0.0,0.0,0,0,0,0,0
503,1,0,0,0.0,0.0,0.0,0.07894736842105263,0,1,0,1,0
504,1,0,0,0.0,0.0,0.0,0.02631578947368421,0,1,0,1,0
505,1,0,0,0.0,0.0,0.0,0.0,0,0,0,0,0
509,0,1,0,0.0,0.0,0.0,0.0,1,0,0,0,0
510,1,0,0,0.0,0.0,0.0,0.02631578947368421,1,0,0,0,0
511,1,0,0,0.0,0.0,0.0,0.07894736842105263,0,0,0,0,0
512,0,0,0,0.0,0.0,0.0,0.05263157894736842,0,0,0,0,0
516,1,0,0,0.0,0.07692307692307693,0.0,0.3157894736842105,0,1,1,1,1
517,1,0,1,0.0,0.0,0.058823529411764705,0.02631578947368421,0,0,0,0,0
518,1,0,0,0.0,0.0,0.0,0.07894736842105263,0,0,0,0,0
521,0,0,0,0.0,0.0,0.0,0.02631578947368421,0,1,0,1,0
522,1,1,0,0.0,0.0,0.0,0.0,0,0,0,0,0
523,1,0,1,0.0,0.15384615384615385,0.0,0.05263157894736842,0,1,0,1,1
524,1,0,0,0.0,0.0,0.0,0.0,1,0,0,0,1
525,1,0,0,0.0,0.0,0.0,0.0,1,0,0,0,0
526,0,1,1,0.0,0.0,0.11764705882352941,0.0,0,0,0,0,0
527,1,1,0,0.0,0.0,0.0,0.0,1,0,0,0,0
530,1,1,1,0.0,0.0,0.0,0.05263157894736842,0,0,0,0,0
531,1,0,0,0.0,0.0,0.058823529411764705,0.15789473684210525,1,1,0,1,1
532,1,1,1,0.0,0.0,0.0,0.0,0,0,0,0,0
533,0,0,1,0.0,0.0,0.0,0.0,0,1,0,1,0
537,1,0,0,0.0,0.0,0.0,0.07894736842105263,0,0,0,0,0
538,1,0,0,0.0,0.0,0.058823529411764705,0.05263157894736842,1,1,0,0,0
540,0,1,0,0.0,0.0,0.0,0.0,1,0,0,0,0
541,0,0,0,0.0,0.0,0.0,0.0,1,0,0,0,1
542,1,0,1,0.1,0.0,0.0,0.07894736842105263,0,1,0,1,1
543,1,0,0,0.0,0.0,0.0,0.05263157894736842,1,1,1,1,0
545,0,0,1,0.05,0.0,0.0,0.02631578947368421,0,0,0,0,0
546,1,0,0,0.0,0.0,0.0,0.02631578947368421,0,0,0,0,0
547,1,1,0,0.0,0.0,0.0,0.0,0,0,0,0,0
548,1,0,1,0.0,0.07692307692307693,0.0,0.02631578947368421,0,1,0,0,0
552,1,1,1,0.0,0.0,0.0,0.05263157894736842,1,1,0,1,0
553,1,0,0,0.0,0.0,0.0,0.47368421052631576,0,0,0,0,1
557,1,0,1,0.0,0.0,0.0,0.10526315789473684,0,1,0,1,1
558,1,0,1,0.0,0.0,0.0,0.0,0,1,0,1,0
561,1,1,0,0.0,0.0,0.0,0.02631578947368421,1,0,0,0,0
563,0,1,0,0.0,0.0,0.0,0.02631578947368421,1,1,0,1,0
565,1,1,0,0.0,0.0,0.0,0.0,0,1,0,1,1
566,1,0,0,0.0,0.0,0.0,0.18421052631578946,0,1,0,1,1
567,0,1,0,0.0,0.0,0.0,0.02631578947368421,1,0,0,0,0
569,0,0,1,0.0,0.0,0.0,0.0,0,0,0,0,0
572,1,0,0,0.0,0.0,0.0,0.02631578947368421,0,0,0,0,0
573,1,0,0,0.0,0.0,0.0,0.02631578947368421,1,0,0,0,0
574,1,1,1,0.0,0.0,0.0,0.02631578947368421,1,0,0,0,0
576,1,0,0,0.05,0.07692307692307693,0.0,0.15789473684210525,0,1,0,1,1
579,1,0,1,0.0,0.0,0.0,0.10526315789473684,0,1,1,1,1
580,1,1,1,0.0,0.0,0.0,0.07894736842105263,1,0,0,0,1
581,1,0,0,0.0,0.0,0.0,0.6052631578947368,0,1,0,1,1
584,1,0,0,0.0,0.0,0.0,0.05263157894736842,0,0,0,0,0
586,1,0,0,0.0,0.0,0.0,0.05263157894736842,0,0,0,0,0
587,1,0,0,0.0,0.0,0.0,0.02631578947368421,0,0,0,0,0
588,1,0,0,0.0,0.0,0.0,0.18421052631578946,0,1,0,0,0
590,1,1,0,0.05,0.0,0.0,0.6052631578947368,0,1,1,1,1
594,0,1,0,0.0,0.0,0.0,0.0,1,0,0,0,0
597,1,0,0,0.0,0.0,0.0,0.3157894736842105,0,1,0,1,1
598,1,0,0,0.0,0.0,0.0,0.13157894736842105,0,1,0,0,1
599,1,1,0,0.0,0.0,0.0,0.07894736842105263,1,0,0,0,0
600,0,0,0,0.0,0.0,0.0,0.0,0,0,0,0,0
601,1,1,0,0.0,0.0,0.0,0.13157894736842105,0,1,0,1,1
602,1,0,0,0.0,0.0,0.0,0.3684210526315789,0,1,0,1,1
603,1,0,0,0.05,0.0,0.0,0.05263157894736842,0,0,0,0,0
604,1,0,1,0.0,0.0,0.058823529411764705,0.0,1,1,0,1,1
605,1,0,0,0.0,0.0,0.11764705882352941,0.15789473684210525,0,0,0,0,1
608,1,1,0,0.0,0.0,0.0,0.0,0,0,0,0,0
609,1,1,0,0.0,0.0,0.0,0.05263157894736842,0,0,0,0,0
611,1,0,0,0.0,0.0,0.0,0.13157894736842105,0,0,0,0,0
612,1,0,0,0.0,0.0,0.0,0.23684210526315788,0,1,1,1,1
613,1,1,0,0.0,0.0,0.0,0.10526315789473684,0,1,0,1,0
616,1,0,0,0.0,0.0,0.0,0.07894736842105263,0,0,0,0,0
617,1,0,0,0.0,0.0,0.0,0.10526315789473684,0,0,0,0,0
621,1,0,1,0.0,0.0,0.0,0.02631578947368421,1,0,0,0,0
622,0,1,0,0.0,0.0,0.0,0.0,1,0,0,0,0
623,1,1,0,0.0,0.0,0.0,0.0,1,0,0,0,0
624,0,0,1,0.0,0.0,0.0,0.0,0,0,0,0,1
625,0,0,0,0.0,0.0,0.0,0.02631578947368421,0,1,0,1,0
627,1,0,0,0.0,0.0,0.0,0.2894736842105263,0,0,0,0,0
628,1,1,0,0.0,0.0,0.0,0.0,1,1,0,1,0
629,1,0,1,0.0,0.0,0.0,0.0,1,0,0,0,0
630,1,1,1,0.0,0.0,0.0,0.0,0,0,0,0,0
633,0,1,0,0.0,0.0,0.0,0.05263157894736842,1,0,0,0,0
635,1,0,0,0.0,0.0,0.0,0.18421052631578946,1,1,0,1,0
637,1,1,1,0.0,0.0,0.0,0.02631578947368421,0,1,0,1,0
638,1,0,0,0.0,0.0,0.0,0.21052631578947367,0,1,0,1,0
639,1,0,0,0.0,0.0,0.0,0.02631578947368421,0,0,0,0,0
640,1,0,1,0.0,0.0,0.0,0.0,0,1,0,1,1
641,1,1,0,0.0,0.0,0.0,0.0,1,1,1,1,0
643,1,0,0,0.0,0.0,0.0,0.21052631578947367,0,0,0,0,1
644,1,0,0,0.0,0.0,0.0,0.5526315789473684,1,1,0,1,1
645,1,0,1,0.0,0.0,0.0,0.07894736842105263,0,0,0,0,1
646,1,0,0,0.0,0.0,0.0,0.02631578947368421,1,1,0,1,0
647,1,1,0,0.0,0.0,0.0,0.0,0,0,0,0,0
648,1,0,0,0.0,0.0,0.0,0.02631578947368421,0,1,0,1,0
649,1,1,0,0.0,0.0,0.0,0.07894736842105263,1,0,0,0,0
651,1,0,0,0.0,0.0,0.0,0.07894736842105263,0,0,0,0,0
653,1,1,1,0.0,0.07692307692307693,0.058823529411764705,0.07894736842105263,0,1,0,1,1
654,1,1,0,0.0,0.0,0.0,0.0,0,0,0,0,0
656,1,0,0,0.0,0.0,0.0,0.05263157894736842,0,0,0,0,0
657,0,0,1,0.0,0.0,0.0,0.07894736842105263,0,1,0,1,1
659,1,1,1,0.0,0.0,0.058823529411764705,0.02631578947368421,0,1,0,1,1
660,1,1,0,0.0,0.0,0.0,0.05263157894736842,1,0,0,0,0
662,0,1,1,0.0,0.0,0.0,0.0,0,0,0,0,0
664,1,1,0,0.0,0.0,0.0,0.0,1,0,0,0,0
668,1,0,0,0.0,0.0,0.0,0.05263157894736842,0,1,1,1,0
669,1,0,1,0.05,0.0,0.058823529411764705,0.02631578947368421,0,1,0,1,1
673,1,0,0,0.0,0.0,0.0,0.05263157894736842,1,1,1,1,0
674,1,0,1,0.0,0.0,0.0,0.02631578947368421,1,1,1,1,0
675,1,1,0,0.0,0.0,0.0,0.10526315789473684,0,0,0,0,0
678,0,0,0,0.0,0.0,0.0,0.07894736842105263,0,0,0,0,0
679,1,0,0,0.0,0.0,0.0,0.02631578947368421,1,0,0,0,0
680,1,0,0,0.0,0.0,0.0,0.13157894736842105,0,0,0,0,0
681,1,1,1,0.0,0.0,0.0,0.0,1,0,0,0,0
684,1,0,0,0.0,0.0,0.0,0.42105263157894735,0,0,0,0,0
685,0,0,0,0.0,0.0,0.0,0.05263157894736842,0,1,0,1,1
686,1,1,0,0.0,0.0,0.0,0.0,1,1,0,1,0
687,1,0,1,0.0,0.0,0.058823529411764705,0.0,0,1,1,1,1
688,1,0,0,0.0,0.0,0.0,0.3421052631578947,1,1,1,1,1
689,0,0,0,0.0,0.0,0.0,0.42105263157894735,0,0,0,0,1
691,1,0,0,0.0,0.0,0.0,0.02631578947368421,1,1,0,1,0
692,1,0,0,0.0,0.0,0.0,0.07894736842105263,0,1,0,1,0
693,1,1,0,0.0,0.0,0.0,0.15789473684210525,0,1,0,1,0
694,1,1,0,0.0,0.0,0.0,0.02631578947368421,0,1,1,1,0
696,0,0,0,0.0,0.0,0.0,0.10526315789473684,0,1,0,1,1
697,1,0,0,0.0,0.0,0.0,0.13157894736842105,0,1,0,1,0
700,1,0,0,0.05,0.07692307692307693,0.0,0.2631578947368421,0,1,1,1,1
701,1,0,0,0.0,0.0,0.0,0.13157894736842105,0,0,0,0,1
703,1,1,0,0.0,0.0,0.0,0.05263157894736842,0,0,0,0,0
704,1,0,0,0.0,0.0,0.0,0.0,0,0,0,0,0
707,1,0,1,0.05,0.15384615384615385,0.11764705882352941,0.15789473684210525,0,1,1,0,0
708,1,0,0,0.0,0.0,0.0,0.7368421052631579,0,1,0,1,1
709,1,0,0,0.0,0.0,0.058823529411764705,0.21052631578947367,0,1,0,1,1
711,0,0,1,0.05,0.0,0.0,0.15789473684210525,0,1,0,1,1
712,1,0,0,0.0,0.0,0.0,0.05263157894736842,1,0,0,0,0
713,1,0,0,0.0,0.0,0.0,0.3157894736842105,1,1,0,1,0
715,1,1,1,0.0,0.0,0.058823529411764705,0.02631578947368421,1,1,0,1,0
716,1,0,0,0.0,0.0,0.0,0.02631578947368421,1,0,0,0,0
718,1,0,1,0.0,0.0,0.0,0.02631578947368421,0,1,1,1,1
720,1,1,0,0.0,0.0,0.0,0.0,0,0,0,0,0
721,1,0,1,0.0,0.0,0.0,0.0,0,0,0,0,1
722,1,1,0,0.0,0.0,0.0,0.07894736842105263,0,0,0,0,0
724,1,1,0,0.0,0.0,0.0,0.07894736842105263,0,0,0,0,0
726,1,1,0,0.0,0.0,0.0,0.10526315789473684,0,1,0,1,0
727,1,1,0,0.0,0.0,0.0,0.0,0,0,0,0,0
728,1,0,0,0.0,0.0,0.0,0.10526315789473684,0,1,0,1,0
729,1,1,0,0.0,0.0,0.0,0.02631578947368421,0,1,0,1,0
730,1,0,0,0.0,0.0,0.0,0.0,0,0,0,0,0
731,1,0,0,0.0,0.0,0.0,0.02631578947368421,0,0,0,0,0
732,1,0,0,0.0,0.0,0.0,0.05263157894736842,1,0,0,0,0
737,0,1,1,0.0,0.0,0.058823529411764705,0.15789473684210525,0,1,1,1,1
738,1,1,1,0.0,0.0,0.23529411764705882,0.05263157894736842,1,1,1,1,1
739,1,0,0,0.0,0.0,0.0,0.05263157894736842,1,0,0,0,1
740,1,0,0,0.0,0.0,0.0,0.13157894736842105,0,1,0,1,1
743,1,0,0,0.0,0.0,0.0,0.02631578947368421,0,0,0,0,0
745,0,1,0,0.0,0.0,0.0,0.0,1,0,0,0,0
750,1,1,0,0.0,0.0,0.0,0.15789473684210525,0,1,0,1,1
752,1,1,0,0.0,0.0,0.0,0.0,1,1,1,1,0
753,1,0,0,0.0,0.0,0.0,0.0,1,0,0,0,0
754,1,0,0,0.0,0.0,0.0,0.10526315789473684,0,1,1,1,0
756,0,1,0,0.0,0.0,0.0,0.0,1,0,0,0,0
757,1,0,0,0.0,0.0,0.0,0.0,0,0,0,0,0
758,0,0,1,0.0,0.0,0.0,0.05263157894736842,0,1,0,1,0
760,1,0,0,0.0,0.0,0.0,0.10526315789473684,0,1,1,1,1
762,1,1,0,0.0,0.0,0.0,0.02631578947368421,1,1,0,1,0
763,1,0,0,0.0,0.0,0.0,0.18421052631578946,0,1,0,1,0
764,1,0,0,0.0,0.0,0.0,0.5263157894736842,0,0,0,0,0
765,1,0,0,0.0,0.0,0.0,0.8684210526315789,0,1,0,1,0
769,1,1,0,0.0,0.0,0.0,0.05263157894736842,0,0,0,0,0
770,1,1,0,0.0,0.0,0.0,0.02631578947368421,1,0,0,0,0
771,1,1,0,0.0,0.0,0.0,0.02631578947368421,0,0,0,0,0
774,1,0,0,0.0,0.0,0.0,0.02631578947368421,0,0,0,0,1
775,1,1,0,0.0,0.0,0.0,0.10526315789473684,1,0,0,0,0
779,0,0,0,0.0,0.0,0.0,0.3157894736842105,1,0,0,0,0
781,1,0,0,0.0,0.0,0.0,0.3157894736842105,0,0,0,0,0
785,0,0,0,0.0,0.0,0.0,0.0,1,0,0,0,0
786,0,1,0,0.0,0.0,0.0,0.0,1,0,0,0,0
787,1,0,0,0.0,0.0,0.0,0.18421052631578946,1,0,0,0,0
788,1,0,0,0.0,0.0,0.0,0.05263157894736842,1,0,0,0,0
789,1,0,0,0.0,0.0,0.0,0.05263157894736842,1,0,0,0,0
790,0,0,0,0.0,0.0,0.0,0.15789473684210525,0,0,0,0,0
792,1,0,0,0.0,0.0,0.0,0.0,1,0,0,0,0
793,1,0,0,0.0,0.0,0.0,0.2631578947368421,0,1,0,1,1
794,1,0,0,0.0,0.0,0.0,0.13157894736842105,0,1,0,1,0
796,1,1,1,0.0,0.0,0.0,0.0,0,0,0,0,0
798,1,1,0,0.0,0.0,0.0,0.02631578947368421,0,1,0,1,1
800,1,0,0,0.0,0.0,0.0,0.0,1,1,1,1,1
803,1,0,0,0.0,0.0,0.0,0.10526315789473684,1,0,0,0,0
804,1,0,1,0.0,0.0,0.0,0.0,0,1,0,1,0
805,1,1,0,0.0,0.0,0.0,0.10526315789473684,0,1,0,1,0
806,1,1,1,0.0,0.0,0.0,0.0,0,0,0,0,0
807,1,1,1,0.0,0.0,0.0,0.0,1,0,0,0,1
808,1,1,0,0.0,0.07692307692307693,0.1764705882352941,0.15789473684210525,0,1,0,0,0
810,1,0,0,0.0,0.07692307692307693,0.0,0.02631578947368421,1,1,0,1,0
812,1,0,0,0.0,0.0,0.0,0.0,0,0,0,0,0
813,1,0,0,0.0,0.07692307692307693,0.0,0.15789473684210525,0,1,0,1,0
814,1,1,0,0.0,0.0,0.0,0.02631578947368421,0,1,1,1,0
815,1,1,1,0.0,0.0,0.0,0.0,0,1,0,1,0
817,1,0,0,0.0,0.0,0.0,0.02631578947368421,0,0,0,0,0
818,1,1,0,0.0,0.0,0.0,0.0,0,0,0,0,0
820,1,0,0,0.05,0.07692307692307693,0.0,0.5263157894736842,0,0,0,0,1
821,1,0,0,0.0,0.0,0.0,0.0,0,0,0,0,1
823,1,0,0,0.0,0.0,0.0,0.3684210526315789,0,1,0,1,1
825,1,1,1,0.0,0.0,0.058823529411764705,0.23684210526315788,1,1,1,1,1
829,1,1,1,0.05,0.0,0.23529411764705882,0.15789473684210525,0,1,0,1,1
830,1,0,1,0.0,0.0,0.0,0.0,0,1,0,1,0
831,1,1,0,0.0,0.0,0.0,0.02631578947368421,1,0,0,0,0
835,1,0,0,0.0,0.0,0.0,0.13157894736842105,0,1,0,1,1
836,1,0,0,0.0,0.0,0.0,0.05263157894736842,1,1,0,1,0
837,1,1,0,0.0,0.0,0.0,0.05263157894736842,0,1,0,1,0
838,1,0,0,0.0,0.0,0.0,0.02631578947368421,1,0,0,0,0
840,1,0,0,0.0,0.0,0.0,0.0,0,0,0,0,0
841,1,1,1,0.0,0.0,0.0,0.05263157894736842,0,0,0,0,0
842,0,0,0,0.0,0.0,0.0,0.02631578947368421,0,0,0,0,0
843,1,0,0,0.0,0.0,0.0,0.21052631578947367,0,0,0,0,0
844,1,0,0,0.0,0.0,0.0,0.15789473684210525,0,0,0,0,0
847,1,0,0,0.0,0.0,0.058823529411764705,0.07894736842105263,0,1,0,0,0
848,0,0,0,0.0,0.0,0.0,0.0,0,0,0,0,0
849,1,0,0,0.0,0.0,0.0,0.07894736842105263,0,1,0,1,0
850,1,0,1,0.0,0.15384615384615385,0.0,0.07894736842105263,0,1,1,1,0
851,1,1,0,0.0,0.0,0.0,0.02631578947368421,1,0,0,0,0
852,1,0,1,0.0,0.07692307692307693,0.0,0.07894736842105263,0,1,1,1,1
853,1,0,0,0.0,0.0,0.0,0.07894736842105263,1,0,0,0,0
855,1,0,0,0.0,0.0,0.0,0.0,0,0,0,0,0
856,1,1,0,0.0,0.0,0.0,0.02631578947368421,0,0,0,0,0
857,1,0,0,0.4,0.0,0.058823529411764705,0.42105263157894735,0,1,1,1,1
858,0,0,0,0.0,0.0,0.0,0.0,1,0,0,0,0
859,1,0,1,0.0,0.0,0.0,0.02631578947368421,0,0,0,0,0
861,1,1,0,0.0,0.0,0.0,0.05263157894736842,0,1,0,1,0
863,1,1,0,0.0,0.0,0.0,0.13157894736842105,0,0,0,0,0
864,1,0,1,0.0,0.0,0.0,0.21052631578947367,0,0,0,0,1
867,1,0,0,0.0,0.0,0.0,0.13157894736842105,1,1,0,1,0
869,1,1,0,0.0,0.0,0.0,0.2894736842105263,1,0,0,0,0
870,0,0,0,0.0,0.0,0.0,0.15789473684210525,0,1,1,1,0
871,1,1,0,0.0,0.0,0.0,0.0,1,0,0,0,0
872,1,0,0,0.0,0.0,0.0,0.39473684210526316,0,1,0,0,1
874,1,0,0,0.0,0.0,0.0,0.10526315789473684,0,0,0,0,0
875,0,0,0,0.0,0.0,0.0,0.0,1,0,0,0,0
879,1,1,1,0.0,0.0,0.0,0.02631578947368421,0,0,0,0,0
880,1,0,0,0.0,0.0,0.0,0.02631578947368421,0,0,0,0,0
881,0,1,0,0.0,0.0,0.0,0.05263157894736842,1,1,0,1,0
882,1,1,0,0.0,0.0,0.0,0.13157894736842105,0,1,0,1,0
883,1,1,0,0.0,0.0,0.0,0.21052631578947367,0,1,0,1,0
884,1,1,0,0.0,0.0,0.0,0.0,1,1,0,1,0
886,0,1,0,0.0,0.0,0.0,0.0,1,0,0,0,0
887,1,0,0,0.0,0.0,0.058823529411764705,0.13157894736842105,0,1,1,1,0
888,0,1,1,0.0,0.0,0.0,0.0,1,0,0,0,0
889,1,1,1,0.0,0.0,0.0,0.02631578947368421,1,0,0,0,0
890,1,0,0,0.0,0.0,0.0,0.0,1,1,0,1,0
891,1,0,1,0.05,0.0,0.0,0.2631578947368421,0,1,0,1,1
893,1,0,0,0.0,0.0,0.0,0.0,1,0,0,0,0
895,1,0,0,0.0,0.0,0.0,0.02631578947368421,0,0,0,0,0
897,1,0,1,0.2,0.0,0.0,0.10526315789473684,0,1,0,1,1
898,1,0,0,0.0,0.0,0.0,0.10526315789473684,0,1,0,0,1
899,1,0,0,0.0,0.0,0.0,0.0,1,1,1,0,0
900,0,1,1,0.0,0.0,0.0,0.0,0,0,0,0,1
901,1,0,0,0.0,0.0,0.0,0.0,1,0,0,0,0
904,1,0,1,0.0,0.0,0.0,0.0,1,1,0,1,0
905,1,0,0,0.0,0.0,0.0,0.02631578947368421,0,0,0,0,0
906,0,1,1,0.0,0.0,0.058823529411764705,0.0,0,0,0,0,0
909,1,0,1,0.05,0.0,0.0,0.02631578947368421,0,0,0,0,0
913,1,0,0,0.0,0.0,0.0,0.07894736842105263,1,1,0,1,1
914,1,0,0,0.0,0.0,0.0,0.07894736842105263,1,1,1,1,1
915,1,0,0,0.0,0.0,0.0,0.4473684210526315,0,1,0,1,0
916,1,0,0,0.0,0.0,0.0,0.0,0,0,0,0,0
917,1,0,1,0.0,0.0,0.0,0.2894736842105263,0,1,1,1,1
918,0,0,0,0.0,0.0,0.0,0.02631578947368421,0,0,0,0,0
919,1,0,0,0.0,0.0,0.0,0.02631578947368421,1,1,0,1,1
921,1,0,0,0.0,0.0,0.0,0.02631578947368421,1,0,0,0,1
922,1,1,0,0.0,0.0,0.0,0.15789473684210525,0,1,1,1,0
923,1,0,0,0.0,0.0,0.0,0.02631578947368421,1,0,0,0,0
924,0,1,0,0.0,0.0,0.0,0.0,1,0,0,0,0
925,1,1,0,0.0,0.0,0.0,0.05263157894736842,1,0,0,0,0
926,1,0,0,0.0,0.0,0.0,0.13157894736842105,1,1,0,1,1
927,1,1,0,0.0,0.0,0.0,0.0,0,0,0,0,0
930,1,0,1,0.0,0.0,0.058823529411764705,0.0,0,1,0,1,1
932,1,0,0,0.0,0.0,0.0,0.02631578947368421,1,0,0,0,0
934,1,0,0,0.0,0.0,0.0,0.10526315789473684,0,1,1,1,0
935,1,1,0,0.0,0.0,0.0,0.0,1,0,0,0,0
937,1,0,0,0.0,0.0,0.0,0.15789473684210525,0,1,1,1,0
943,1,1,0,0.0,0.0,0.0,0.05263157894736842,1,1,0,1,0
944,1,0,0,0.0,0.0,0.0,0.2631578947368421,0,0,0,0,0
945,1,0,0,0.0,0.0,0.0,0.15789473684210525,1,0,0,0,1
946,1,0,0,0.0,0.0,0.0,0.23684210526315788,1,1,0,1,0
947,0,1,1,0.0,0.0,0.0,0.07894736842105263,0,0,0,0,1
948,0,0,1,0.0,0.0,0.0,0.0,1,0,0,0,0
949,0,1,1,0.0,0.0,0.0,0.05263157894736842,0,1,0,1,1
951,1,0,0,0.0,0.0,0.0,0.02631578947368421,1,0,0,0,0
953,1,0,0,0.0,0.0,0.0,0.0,1,0,0,0,0
955,1,0,0,0.0,0.0,0.0,0.39473684210526316,0,1,0,1,0
956,1,0,1,0.0,0.0,0.0,0.10526315789473684,0,1,1,1,1
958,1,0,0,0.0,0.0,0.0,0.0,1,0,0,0,0
959,1,0,1,0.0,0.07692307692307693,0.058823529411764705,0.10526315789473684,0,1,0,1,1
960,1,1,0,0.0,0.0,0.0,0.07894736842105263,0,1,0,1,1
962,1,1,0,0.0,0.0,0.0,0.13157894736842105,1,0,0,0,1
963,1,1,0,0.0,0.0,0.0,0.02631578947368421,0,0,0,0,0
964,1,1,1,0.0,0.15384615384615385,0.0,0.07894736842105263,0,1,0,1,0
965,1,0,0,0.0,0.0,0.0,0.0,0,0,0,0,0
967,1,0,0,0.0,0.15384615384615385,0.058823529411764705,0.47368421052631576,0,1,0,1,1
968,0,1,0,0.0,0.0,0.0,0.0,0,1,0,1,0
969,1,0,1,0.0,0.0,0.0,0.0,0,0,0,0,1
971,0,0,0,0.0,0.0,0.0,0.10526315789473684,0,1,1,1,0
973,0,1,0,0.0,0.0,0.0,0.0,1,1,0,1,0
975,1,0,1,0.0,0.0,0.058823529411764705,0.0,0,0,0,0,0
977,0,0,1,0.0,0.0,0.0,0.0,0,0,0,0,1
978,1,0,0,0.0,0.0,0.0,0.0,0,0,0,0,0
979,1,1,1,0.0,0.0,0.0,0.02631578947368421,0,1,0,1,1
983,1,1,1,0.0,0.0,0.0,0.05263157894736842,0,1,1,1,0
986,1,1,0,0.0,0.0,0.0,0.07894736842105263,0,1,0,1,0
987,1,0,0,0.0,0.0,0.0,0.21052631578947367,0,1,0,1,1
988,0,0,0,0.0,0.0,0.0,0.2631578947368421,0,0,0,0,0
990,0,1,0,0.0,0.0,0.0,0.02631578947368421,0,0,0,0,0
991,1,0,1,0.0,0.0,0.0,0.10526315789473684,0,0,0,0,1
993,1,1,0,0.0,0.0,0.0,0.05263157894736842,0,1,0,1,0
995,1,0,0,0.0,0.0,0.0,0.0,0,1,0,1,1
996,1,0,1,0.0,0.0,0.0,0.02631578947368421,0,1,0,1,0
997,0,0,0,0.0,0.0,0.0,0.23684210526315788,0,1,0,1,0
998,1,0,0,0.0,0.0,0.0,0.3421052631578947,0,1,1,1,1
999,1,1,0,0.0,0.0,0.0,0.02631578947368421,0,1,1,1,0
1000,1,0,0,0.0,0.0,0.0,0.6052631578947368,0,1,0,1,1
1001,1,0,0,0.0,0.0,0.0,0.5263157894736842,0,0,0,0,1
1002,1,0,1,0.0,0.07692307692307693,0.0,0.07894736842105263,0,0,0,0,1
1003,1,0,0,0.0,0.0,0.058823529411764705,0.02631578947368421,1,1,1,1,1
1004,1,0,1,0.0,0.0,0.0,0.05263157894736842,1,1,0,1,0
1005,1,0,0,0.0,0.0,0.0,0.05263157894736842,1,1,1,1,0
1006,1,0,0,0.0,0.0,0.0,0.0,1,0,0,0,0
1007,0,0,0,0.0,0.0,0.0,0.0,0,0,0,0,0
1008,1,1,0,0.0,0.0,0.0,0.02631578947368421,1,0,0,0,0
1009,1,0,0,0.0,0.0,0.0,0.0,0,0,0,0,0
1014,1,0,1,0.0,0.0,0.0,0.0,0,0,0,0,0
1015,1,0,0,0.0,0.0,0.0,0.2894736842105263,0,0,0,0,0
1016,1,0,0,0.0,0.0,0.0,0.10526315789473684,1,1,1,1,1
1017,1,1,0,0.0,0.0,0.0,0.13157894736842105,0,0,0,0,0
1018,1,0,0,0.0,0.0,0.0,0.05263157894736842,1,0,0,0,1
1020,1,0,0,0.0,0.0,0.0,0.0,0,0,0,0,0
1022,0,0,0,0.0,0.0,0.0,0.0,1,0,0,0,0
1023,0,1,0,0.0,0.0,0.0,0.05263157894736842,0,0,0,0,0
1024,1,0,0,0.0,0.0,0.0,0.0,1,0,0,0,0
1025,1,0,0,0.0,0.0,0.0,0.0,1,1,1,1,1
1026,1,0,0,0.0,0.0,0.0,0.4473684210526315,0,1,0,1,1
1027,1,0,1,0.0,0.0,0.058823529411764705,0.07894736842105263,0,0,0,0,1
1030,0,1,0,0.0,0.0,0.0,0.0,1,0,0,0,0
1031,0,1,0,0.0,0.0,0.058823529411764705,0.39473684210526316,0,1,0,1,1
1032,1,0,0,0.0,0.0,0.0,0.18421052631578946,0,1,0,1,1
1034,1,0,1,0.0,0.0,0.058823529411764705,0.05263157894736842,1,1,1,1,1
1036,1,0,0,0.0,0.0,0.0,0.07894736842105263,0,0,0,0,0
1037,1,0,1,0.0,0.0,0.058823529411764705,0.0,0,1,1,1,0
1038,1,1,0,0.0,0.0,0.0,0.07894736842105263,0,1,0,1,0
1039,1,0,0,0.0,0.0,0.0,0.39473684210526316,0,1,0,1,1
1041,0,0,0,0.0,0.0,0.0,0.05263157894736842,0,0,0,0,0
1043,1,0,0,0.0,0.0,0.0,0.13157894736842105,0,0,0,0,1
1044,1,0,0,0.0,0.07692307692307693,0.0,0.10526315789473684,1,0,0,0,0
1046,1,0,0,0.0,0.0,0.0,0.02631578947368421,1,0,0,0,0
1048,1,0,0,0.0,0.0,0.0,0.3684210526315789,0,1,0,1,1
1049,1,1,0,0.0,0.0,0.0,0.05263157894736842,0,0,0,0,0
1051,1,0,0,0.0,0.0,0.0,0.07894736842105263,1,1,0,1,0
1054,1,0,1,0.05,0.0,0.0,0.05263157894736842,0,0,0,0,1
1055,1,0,0,0.0,0.0,0.0,0.10526315789473684,0,1,1,1,1
1056,1,1,0,0.0,0.0,0.0,0.05263157894736842,0,1,0,1,0
1057,1,0,0,0.0,0.0,0.0,0.5263157894736842,0,1,0,1,1
1058,1,0,0,0.0,0.0,0.0,0.05263157894736842,1,0,0,0,0
1059,1,0,1,0.0,0.0,0.0,0.02631578947368421,1,0,0,0,0
1060,1,0,0,0.0,0.0,0.0,0.02631578947368421,0,0,0,0,0
1061,1,0,0,0.0,0.0,0.0,0.0,0,0,0,0,0
1062,1,0,0,0.0,0.0,0.0,0.15789473684210525,0,0,0,0,0
1063,1,0,0,0.0,0.0,0.0,0.2631578947368421,1,1,0,1,0
1065,1,0,0,0.0,0.07692307692307693,0.0,0.2631578947368421,0,1,1,1,1
1066,1,1,0,0.0,0.0,0.0,0.02631578947368421,0,0,0,0,0
1068,0,1,0,0.0,0.0,0.0,0.23684210526315788,0,1,0,1,0
1069,1,1,0,0.0,0.0,0.0,0.02631578947368421,0,0,0,0,0
1070,1,0,0,0.0,0.07692307692307693,0.0,0.21052631578947367,0,0,0,0,0
1072,1,0,0,0.0,0.0,0.0,0.0,0,0,0,0,0
1073,1,0,1,0.0,0.0,0.0,0.0,1,0,0,0,0
1076,0,1,0,0.0,0.0,0.0,0.05263157894736842,0,0,0,0,1
1077,1,0,1,0.0,0.0,0.0,0.0,0,1,0,1,0
1079,1,0,0,0.0,0.0,0.0,0.13157894736842105,0,1,1,1,0
1081,1,0,0,0.0,0.0,0.058823529411764705,0.02631578947368421,1,0,0,0,0
1082,1,0,0,0.0,0.0,0.0,0.47368421052631576,0,1,0,1,1
1084,1,0,0,0.0,0.0,0.0,0.0,1,0,0,0,0
1086,1,0,1,0.0,0.0,0.0,0.02631578947368421,0,0,0,0,0
1087,1,1,0,0.0,0.0,0.0,0.02631578947368421,0,1,1,1,0
1088,1,1,0,0.0,0.0,0.0,0.0,0,0,0,0,0
1089,1,1,0,0.0,0.0,0.0,0.0,1,1,0,1,0
1092,1,0,1,0.0,0.0,0.0,0.02631578947368421,0,0,0,0,1
1093,1,1,1,0.0,0.0,0.0,0.0,1,0,0,0,0
1094,1,1,0,0.0,0.0,0.0,0.0,0,1,1,1,0
1096,1,1,0,0.0,0.0,0.0,0.0,1,0,0,0,0
1097,1,1,0,0.0,0.0,0.0,0.05263157894736842,1,0,0,0,0
1099,1,1,1,0.0,0.0,0.0,0.02631578947368421,0,0,0,0,0
1101,0,0,0,0.0,0.0,0.0,0.02631578947368421,0,0,0,0,0
1103,1,0,1,0.0,0.0,0.0,0.0,0,0,0,0,1
1105,1,1,0,0.0,0.0,0.0,0.2894736842105263,0,1,0,1,0
1106,1,1,0,0.0,0.0,0.0,0.02631578947368421,0,0,0,0,0
1107,1,1,1,0.0,0.07692307692307693,0.058823529411764705,0.02631578947368421,0,1,0,1,0
1109,1,0,0,0.0,0.0,0.0,0.0,0,1,0,1,0
1110,0,0,0,0.0,0.0,0.0,0.10526315789473684,0,1,0,1,1
1111,1,0,0,0.0,0.0,0.0,0.05263157894736842,0,0,0,0,0
1118,0,1,0,0.0,0.0,0.0,0.02631578947368421,0,0,0,0,0
1119,1,0,1,0.0,0.0,0.058823529411764705,0.15789473684210525,0,1,1,1,1
1120,1,0,1,0.0,0.0,0.0,0.0,0,0,0,0,1
1121,1,0,0,0.0,0.0,0.0,0.0,0,0,0,0,0
1122,1,0,1,0.0,0.0,0.0,0.0,0,0,0,0,0
1123,1,0,0,0.0,0.0,0.0,0.2894736842105263,0,0,0,0,1
1125,1,0,0,0.0,0.07692307692307693,0.0,0.2631578947368421,0,1,0,1,1
1127,1,0,1,0.0,0.0,0.0,0.0,0,0,0,0,0
1128,0,1,1,0.0,0.0,0.0,0.0,1,0,0,0,0
1129,1,0,0,0.0,0.0,0.0,0.0,0,0,0,0,0
1130,1,1,0,0.0,0.0,0.0,0.5789473684210527,0,1,0,1,0
1131,1,0,1,0.0,0.0,0.0,0.0,0,1,0,1,1
1132,0,1,0,0.0,0.0,0.0,0.0,0,0,0,0,0
1135,1,1,1,0.0,0.0,0.0,0.02631578947368421,0,0,0,0,0
1136,1,0,0,0.0,0.07692307692307693,0.058823529411764705,0.18421052631578946,1,1,0,1,0
1138,0,0,0,0.0,0.0,0.0,0.02631578947368421,1,0,0,0,1
1140,1,0,0,0.0,0.0,0.0,0.21052631578947367,0,0,0,0,0
1141,1,0,0,0.0,0.3076923076923077,0.0,0.2631578947368421,1,0,0,0,1
1142,0,0,0,0.0,0.0,0.0,0.0,0,0,0,0,0
1143,1,0,1,0.0,0.0,0.11764705882352941,0.0,0,1,0,1,0
1144,0,0,0,0.0,0.0,0.0,0.07894736842105263,0,0,0,0,0
1145,1,0,1,0.0,0.0,0.0,0.05263157894736842,0,1,0,1,0
1146,1,0,0,0.0,0.0,0.0,0.10526315789473684,0,1,0,1,1
1149,1,0,0,0.0,0.0,0.0,0.13157894736842105,0,0,0,0,1
1150,0,0,0,0.0,0.0,0.0,0.5,0,1,0,1,1
1151,1,0,1,0.0,0.0,0.0,0.02631578947368421,0,1,0,1,0
1152,0,0,1,0.0,0.0,0.0,0.0,1,0,0,0,1
1153,0,1,1,0.0,0.0,0.0,0.02631578947368421,0,1,0,1,1
1156,0,0,1,0.0,0.0,0.0,0.0,0,0,0,0,0
1157,1,0,0,0.0,0.0,0.0,0.07894736842105263,1,0,0,0,1
1158,1,1,0,0.0,0.0,0.0,0.47368421052631576,0,1,0,1,0
1159,0,0,0,0.0,0.0,0.0,0.0,0,0,0,0,0
1160,0,0,1,0.0,0.0,0.0,0.0,0,1,0,0,1
1162,1,0,0,0.0,0.0,0.058823529411764705,0.13157894736842105,0,1,0,1,1
1163,1,0,0,0.0,0.0,0.0,0.15789473684210525,0,1,0,0,0
1165,1,0,1,0.0,0.0,0.0,0.05263157894736842,1,0,0,0,0
1166,1,0,0,0.0,0.0,0.0,0.10526315789473684,0,1,1,1,1
1167,1,0,0,0.0,0.0,0.0,0.05263157894736842,1,0,0,0,0
1169,1,0,0,0.0,0.0,0.0,0.02631578947368421,1,0,0,0,0
1170,1,0,0,0.0,0.0,0.0,0.02631578947368421,0,1,0,1,0
1171,1,0,0,0.0,0.0,0.0,0.0,0,0,0,0,0
1172,1,0,0,0.0,0.0,0.0,0.0,1,0,0,0,0
1173,1,0,0,0.0,0.0,0.0,0.21052631578947367,0,1,0,1,0
1176,1,1,0,0.0,0.0,0.0,0.0,1,0,0,0,0
1177,1,1,0,0.0,0.0,0.0,0.0,1,0,0,0,0
1179,1,0,0,0.0,0.0,0.0,0.10526315789473684,0,0,0,0,0
1181,0,0,0,0.0,0.0,0.0,0.10526315789473684,0,0,0,0,0
1186,1,1,1,0.0,0.0,0.0,0.02631578947368421,1,1,0,1,0
1187,1,1,1,0.0,0.15384615384615385,0.058823529411764705,0.05263157894736842,0,1,1,1,1
1191,1,1,1,0.0,0.0,0.0,0.0,0,1,0,1,0
1192,1,0,0,0.0,0.0,0.0,0.2894736842105263,0,0,0,0,0
1193,1,1,0,0.0,0.0,0.0,0.0,0,0,0,0,1
1194,1,0,0,0.0,0.0,0.0,0.0,0,0,0,0,0
1195,0,0,0,0.0,0.0,0.0,0.07894736842105263,0,0,0,0,1
1196,1,1,0,0.0,0.0,0.0,0.0,1,0,0,0,0
1197,1,0,1,0.0,0.07692307692307693,0.0,0.02631578947368421,0,1,0,1,1
1198,1,1,0,0.0,0.0,0.0,0.05263157894736842,1,0,0,0,0
1200,1,0,1,0.0,0.0,0.0,0.0,0,1,0,1,0
1202,1,0,0,0.0,0.0,0.058823529411764705,0.5789473684210527,0,1,1,1,1
1204,0,0,1,0.0,0.0,0.0,0.0,1,0,0,0,0
1205,1,0,0,0.0,0.0,0.0,0.0,1,0,0,0,0
1206,1,0,0,0.0,0.0,0.0,0.0,0,0,0,0,0
1207,1,1,0,0.0,0.0,0.0,0.05263157894736842,0,1,1,1,0
1208,1,1,0,0.0,0.0,0.0,0.05263157894736842,1,0,0,0,0
1209,1,1,1,0.0,0.0,0.11764705882352941,0.0,0,0,0,0,0
1212,0,0,1,0.0,0.0,0.0,0.02631578947368421,1,1,1,1,0
1213,0,0,0,0.0,0.0,0.0,0.02631578947368421,1,0,0,0,0
1215,1,0,0,0.0,0.0,0.0,0.0,1,0,0,0,0
1216,1,1,0,0.0,0.0,0.0,0.05263157894736842,0,0,0,0,0
1217,1,0,0,0.0,0.0,0.0,0.07894736842105263,0,1,0,1,0
1219,0,0,0,0.0,0.0,0.0,0.0,1,0,0,0,0
1220,1,0,0,0.0,0.0,0.0,0.0,0,0,0,0,0
1221,1,0,0,0.0,0.0,0.0,0.07894736842105263,1,0,0,0,1
1222,1,0,0,0.0,0.0,0.0,0.4473684210526315,0,1,0,1,1
1223,0,1,1,0.05,0.07692307692307693,0.0,0.02631578947368421,1,1,1,1,0
1225,1,0,1,0.0,0.0,0.0,0.02631578947368421,0,1,0,1,0
1227,1,0,0,0.0,0.0,0.0,0.2894736842105263,0,0,0,0,1
1228,0,1,0,0.0,0.0,0.0,0.02631578947368421,0,0,0,0,0
1229,1,0,0,0.0,0.0,0.0,0.18421052631578946,0,0,0,0,0
1230,1,0,1,0.0,0.0,0.058823529411764705,0.0,0,0,0,0,0
1231,1,1,0,0.0,0.0,0.0,0.0,1,0,0,0,0
1233,1,1,0,0.0,0.0,0.0,0.21052631578947367,0,0,0,0,0
1234,1,0,0,0.0,0.0,0.0,0.18421052631578946,1,0,0,0,0
1235,1,0,0,0.0,0.0,0.0,0.3684210526315789,0,1,1,1,1
1237,1,0,0,0.0,0.0,0.0,0.0,1,0,0,0,0
1238,0,1,0,0.0,0.0,0.0,0.02631578947368421,1,1,1,1,0
1239,1,0,0,0.0,0.0,0.0,0.13157894736842105,1,1,0,1,1
1240,1,0,0,0.0,0.07692307692307693,0.0,0.42105263157894735,0,0,0,0,1
1241,1,1,0,0.0,0.0,0.0,0.02631578947368421,1,1,0,1,0
1242,0,0,0,0.0,0.0,0.0,0.0,1,1,0,1,0
1243,1,1,0,0.0,0.0,0.0,0.0,1,0,0,0,0
1244,1,1,0,0.0,0.0,0.0,0.05263157894736842,0,0,0,0,0
1246,1,0,0,0.0,0.0,0.0,0.07894736842105263,1,1,0,1,0
1247,0,0,1,0.0,0.0,0.0,0.02631578947368421,0,0,0,0,0
1248,1,1,0,0.0,0.0,0.0,0.05263157894736842,1,1,0,0,0
1250,1,0,0,0.0,0.0,0.0,0.3421052631578947,0,1,0,1,1
1252,1,0,0,0.0,0.0,0.0,0.0,0,0,0,0,0
1253,1,0,1,0.0,0.0,0.0,0.0,0,1,1,1,0
1254,1,0,0,0.05,0.0,0.0,0.5263157894736842,0,0,0,0,1
1255,1,0,0,0.0,0.07692307692307693,0.058823529411764705,0.07894736842105263,0,1,1,1,1
1256,1,0,0,0.05,0.0,0.0,0.6578947368421052,0,1,1,1,1
1257,1,0,1,0.0,0.0,0.058823529411764705,0.02631578947368421,1,1,1,1,1
1258,1,0,0,0.05,0.0,0.0,0.23684210526315788,1,1,1,1,1
1259,1,1,0,0.0,0.0,0.0,0.13157894736842105,0,1,1,1,0
1260,1,0,0,0.0,0.0,0.0,0.10526315789473684,1,1,0,1,1
1261,1,0,0,0.0,0.0,0.0,0.10526315789473684,1,0,0,0,0
1262,1,1,0,0.0,0.0,0.0,0.10526315789473684,1,1,0,0,0
1268,1,0,0,0.0,0.0,0.0,0.02631578947368421,0,1,0,1,0
1269,1,0,0,0.0,0.0,0.0,0.05263157894736842,1,0,0,0,0
1271,0,0,1,0.0,0.0,0.0,0.0,1,1,0,1,0
1272,1,0,0,0.0,0.0,0.0,0.15789473684210525,0,1,1,1,0
1274,1,0,0,0.0,0.0,0.0,0.07894736842105263,0,0,0,0,0
1275,1,1,0,0.0,0.0,0.0,0.0,0,0,0,0,0
1276,1,0,1,0.0,0.0,0.058823529411764705,0.02631578947368421,1,1,0,1,1
1280,1,1,0,0.0,0.0,0.0,0.10526315789473684,1,1,0,1,1
1281,0,1,0,0.0,0.0,0.0,0.02631578947368421,1,1,0,1,0
1282,1,0,1,0.0,0.0,0.058823529411764705,0.02631578947368421,0,0,0,0,1
1283,1,0,1,0.0,0.07692307692307693,0.058823529411764705,0.02631578947368421,0,1,0,1,1
1286,1,1,1,0.0,0.15384615384615385,0.0,0.07894736842105263,0,1,0,1,0
1290,1,0,0,0.0,0.07692307692307693,0.0,0.10526315789473684,1,1,1,1,1
1292,1,1,0,0.0,0.0,0.0,0.02631578947368421,0,0,0,0,0
1293,1,0,1,0.0,0.07692307692307693,0.0,0.13157894736842105,0,1,0,1,0
1295,1,1,0,0.0,0.0,0.0,0.0,0,0,0,0,0
1296,1,1,0,0.0,0.0,0.0,0.0,0,0,0,0,0
1297,0,0,0,0.0,0.0,0.0,0.02631578947368421,1,0,0,0,0
1298,1,0,1,0.0,0.07692307692307693,0.058823529411764705,0.18421052631578946,1,0,0,0,1
1300,0,1,1,0.0,0.0,0.0,0.0,1,0,0,0,0
1303,1,0,1,0.0,0.0,0.0,0.02631578947368421,0,1,0,1,0
1304,1,0,0,0.0,0.0,0.0,0.02631578947368421,0,0,0,0,1
1305,1,0,0,0.0,0.0,0.0,0.23684210526315788,1,0,0,0,1
1306,1,0,0,0.0,0.0,0.0,0.13157894736842105,0,1,1,1,0
1310,0,1,1,0.0,0.0,0.0,0.02631578947368421,0,0,0,0,0
1313,1,0,0,0.0,0.0,0.0,0.0,0,1,1,1,1
1314,1,0,0,0.0,0.23076923076923078,0.0,0.6578947368421052,1,1,0,1,1
1315,1,0,1,0.0,0.0,0.0,0.0,0,0,0,0,0
1318,1,0,0,0.0,0.0,0.0,0.3421052631578947,0,1,1,1,1
1320,1,0,0,0.0,0.0,0.0,0.0,0,0,0,0,0
1321,1,0,0,0.0,0.0,0.0,0.13157894736842105,1,1,0,1,0
1323,0,0,0,0.0,0.0,0.0,0.10526315789473684,0,0,0,0,0
1324,1,1,0,0.0,0.0,0.0,0.0,0,0,0,0,0
1325,0,0,0,0.0,0.0,0.0,0.0,0,0,0,0,0
1326,1,0,1,0.05,0.0,0.058823529411764705,0.07894736842105263,0,0,0,0,1
1328,0,0,0,0.0,0.0,0.0,0.02631578947368421,1,0,0,0,0
1329,1,1,1,0.0,0.07692307692307693,0.0,0.02631578947368421,0,1,0,1,1
1330,1,1,0,0.0,0.0,0.0,0.07894736842105263,0,0,0,0,0
1331,1,0,1,0.0,0.23076923076923078,0.058823529411764705,0.15789473684210525,0,1,0,1,1
1332,1,0,0,0.0,0.0,0.0,0.10526315789473684,0,1,0,1,0
1334,1,0,0,0.0,0.0,0.0,0.02631578947368421,0,0,0,0,0
1335,0,1,0,0.0,0.0,0.0,0.10526315789473684,1,0,0,0,0
1336,1,1,0,0.0,0.0,0.0,0.02631578947368421,0,1,0,0,0
1341,1,0,0,0.0,0.0,0.058823529411764705,0.6578947368421052,1,1,0,1,1
1342,1,0,0,0.0,0.0,0.0,0.02631578947368421,0,0,0,0,1
1343,1,0,1,0.0,0.0,0.0,0.07894736842105263,0,1,0,1,0
1344,1,0,0,0.0,0.0,0.0,0.07894736842105263,0,0,0,0,0
1345,1,1,1,0.0,0.0,0.0,0.02631578947368421,1,1,0,1,0
1346,1,0,0,0.0,0.0,0.0,0.10526315789473684,0,0,0,0,0
1347,0,1,0,0.0,0.0,0.0,0.02631578947368421,0,1,0,1,0
1348,0,0,0,0.0,0.0,0.0,0.02631578947368421,0,0,0,0,0
1349,1,0,0,0.0,0.0,0.0,0.0,1,0,0,0,0
1351,1,0,0,0.0,0.0,0.0,0.23684210526315788,0,1,1,1,1
1352,1,1,0,0.0,0.0,0.0,0.0,0,1,0,1,1
1353,1,1,0,0.0,0.0,0.0,0.02631578947368421,0,1,0,1,0
1354,1,0,0,0.0,0.0,0.0,0.02631578947368421,1,0,0,0,0
1356,0,0,0,0.0,0.0,0.0,0.02631578947368421,1,0,0,0,0
1358,1,0,0,0.0,0.0,0.0,0.07894736842105263,1,1,0,1,0
1360,1,0,0,0.0,0.0,0.0,0.07894736842105263,0,1,1,1,0
1361,1,0,0,0.0,0.0,0.0,0.13157894736842105,1,1,0,1,0
1363,1,0,0,0.0,0.0,0.0,0.0,1,1,0,1,0
1366,0,1,0,0.0,0.0,0.0,0.0,1,0,0,0,0
1367,1,0,0,0.0,0.0,0.0,0.0,0,1,0,1,0
1368,1,1,0,0.0,0.0,0.0,0.10526315789473684,1,1,1,0,0
1369,0,1,0,0.0,0.0,0.058823529411764705,0.07894736842105263,1,0,0,0,0
1370,0,1,0,0.0,0.0,0.0,0.0,1,0,0,0,0
1372,1,1,1,0.0,0.0,0.0,0.0,0,0,0,0,0
1375,1,0,0,0.0,0.0,0.0,0.02631578947368421,0,0,0,0,0
1376,1,0,0,0.0,0.0,0.0,0.02631578947368421,0,0,0,0,0
1377,1,0,0,0.0,0.0,0.058823529411764705,0.15789473684210525,1,1,0,1,1
1379,1,0,1,0.0,0.0,0.0,0.02631578947368421,0,1,0,1,1
1380,1,0,0,0.0,0.0,0.0,0.05263157894736842,0,1,0,1,0
1382,1,0,0,0.0,0.0,0.0,0.0,1,0,0,0,0
1384,1,1,0,0.0,0.0,0.0,0.02631578947368421,0,0,0,0,0
1385,1,0,0,0.0,0.0,0.0,0.10526315789473684,1,1,1,1,0
1388,0,1,0,0.0,0.0,0.0,0.02631578947368421,0,1,0,1,0
1393,1,0,0,0.0,0.0,0.0,0.07894736842105263,0,1,0,1,0
1395,1,0,1,0.0,0.0,0.0,0.05263157894736842,0,1,1,1,1
1396,1,0,0,0.0,0.0,0.0,0.5,0,1,1,1,1
1397,1,0,0,0.0,0.0,0.0,0.07894736842105263,1,0,0,0,1
1399,1,1,0,0.0,0.0,0.0,0.05263157894736842,0,0,0,0,0
1402,1,0,0,0.0,0.0,0.0,0.0,1,0,0,0,0
1403,1,0,1,0.0,0.0,0.0,0.13157894736842105,0,1,1,1,1
1408,1,0,0,0.0,0.0,0.0,0.2631578947368421,1,1,0,1,1
1410,1,0,0,0.0,0.0,0.0,0.02631578947368421,0,0,0,0,0
1411,0,0,0,0.0,0.0,0.0,0.0,1,0,0,0,0
1412,1,0,0,0.0,0.0,0.0,0.0,1,0,0,0,0
1418,1,0,0,0.0,0.0,0.0,0.02631578947368421,0,0,0,0,0
1419,0,1,0,0.0,0.0,0.0,0.02631578947368421,1,0,0,0,0
1422,0,0,0,0.0,0.0,0.0,0.0,1,1,0,1,0
1424,1,1,0,0.0,0.0,0.0,0.10526315789473684,0,1,0,1,0
1427,1,0,0,0.0,0.0,0.0,0.3684210526315789,0,1,1,1,1
1428,1,0,1,0.0,0.0,0.0,0.05263157894736842,0,0,0,0,1
1429,1,0,0,0.0,0.0,0.0,0.13157894736842105,0,1,0,1,1
1430,1,0,0,0.0,0.0,0.0,0.0,1,0,0,0,0
1431,1,1,0,0.0,0.0,0.0,0.02631578947368421,0,0,0,0,0
1433,1,0,1,0.0,0.0,0.0,0.02631578947368421,0,0,0,0,1
1435,1,0,0,0.0,0.0,0.0,0.05263157894736842,1,1,0,1,0
1436,1,0,1,0.05,0.07692307692307693,0.0,0.15789473684210525,0,1,1,1,1
1438,0,1,0,0.0,0.0,0.0,0.0,0,0,0,0,0
1439,1,1,1,0.0,0.0,0.0,0.0,0,0,0,0,0
1441,1,0,0,0.0,0.0,0.0,0.02631578947368421,1,1,0,1,0
1443,1,0,0,0.0,0.0,0.0,0.0,0,1,0,1,0
1445,1,0,0,0.0,0.0,0.0,0.18421052631578946,0,1,1,1,1
1446,1,1,0,0.0,0.0,0.0,0.05263157894736842,0,0,0,0,0
1447,1,1,0,0.0,0.0,0.0,0.13157894736842105,0,0,0,0,0
1448,1,1,1,0.0,0.0,0.0,0.0,1,0,0,0,0
1452,0,1,1,0.0,0.07692307692307693,0.0,0.0,1,1,0,1,0
1455,1,0,0,0.0,0.0,0.0,0.0,0,0,0,0,0
1456,1,0,0,0.0,0.0,0.0,0.2631578947368421,0,1,0,1,0
1458,1,1,1,0.0,0.0,0.0,0.0,1,0,0,0,0
1460,0,0,1,0.0,0.0,0.0,0.0,1,1,0,1,1
1461,1,0,1,0.0,0.0,0.0,0.05263157894736842,0,1,0,1,0
1462,1,0,0,0.0,0.0,0.0,0.02631578947368421,1,0,0,0,0
1463,1,0,0,0.0,0.0,0.0,0.13157894736842105,1,1,0,1,1
1464,0,0,1,0.0,0.0,0.0,0.05263157894736842,0,1,1,1,0
1467,1,0,0,0.0,0.0,0.058823529411764705,0.2631578947368421,0,1,0,1,1
1470,1,0,0,0.0,0.0,0.0,0.10526315789473684,1,1,1,1,0
1471,1,1,1,0.0,0.0,0.0,0.05263157894736842,1,1,1,1,0
1472,1,1,0,0.0,0.0,0.0,0.05263157894736842,0,0,0,0,0
1473,1,0,0,0.0,0.0,0.0,0.0,1,1,1,1,0
1474,0,0,1,0.0,0.0,0.0,0.0,0,0,0,0,0
1475,1,0,0,0.0,0.0,0.0,0.0,1,0,0,0,0
1479,1,0,0,0.0,0.0,0.0,0.15789473684210525,1,1,0,1,0
1481,1,0,0,0.0,0.0,0.0,0.0,0,0,0,0,0
1482,0,0,1,0.0,0.0,0.0,0.15789473684210525,1,0,0,0,1
1483,1,0,0,0.0,0.0,0.0,0.02631578947368421,1,0,0,0,0
1484,1,1,0,0.0,0.0,0.0,0.21052631578947367,0,1,0,1,1
1485,1,0,1,0.0,0.0,0.0,0.02631578947368421,1,1,1,1,1
1486,1,0,0,0.0,0.0,0.0,0.0,0,0,0,0,0
1488,1,0,0,0.0,0.07692307692307693,0.0,0.13157894736842105,1,1,0,1,0
1490,1,0,0,0.0,0.0,0.0,0.10526315789473684,1,1,0,1,0
1491,0,0,0,0.0,0.0,0.0,0.07894736842105263,0,0,0,0,0
1496,1,0,1,0.0,0.0,0.0,0.05263157894736842,0,1,1,1,1
1497,1,1,0,0.05,0.0,0.0,0.21052631578947367,0,1,0,0,0
1498,1,1,0,0.0,0.0,0.0,0.02631578947368421,0,0,0,0,0
1499,1,0,0,0.0,0.0,0.0,0.15789473684210525,0,1,0,1,1
1501,1,1,0,0.0,0.0,0.0,0.0,1,0,0,0,0
1505,1,0,1,0.0,0.0,0.058823529411764705,0.0,0,1,0,1,1
1506,0,1,0,0.0,0.0,0.0,0.10526315789473684,0,1,0,1,1
1508,0,0,1,0.0,0.0,0.0,0.0,1,0,0,0,0
1509,1,0,0,0.0,0.0,0.0,0.05263157894736842,0,0,0,0,0
1511,1,0,0,0.0,0.0,0.0,0.0,1,0,0,0,0
1512,1,0,0,0.0,0.0,0.0,0.05263157894736842,1,0,0,0,0
1513,1,0,0,0.0,0.0,0.0,0.15789473684210525,0,1,1,1,0
1515,1,0,0,0.0,0.0,0.0,0.4473684210526315,1,0,0,0,0
1516,1,0,0,0.0,0.0,0.0,0.5263157894736842,0,1,0,1,0
1517,1,0,0,0.0,0.0,0.0,0.07894736842105263,0,1,1,1,0
1518,1,0,1,0.0,0.0,0.0,0.02631578947368421,0,1,0,1,0
1520,1,1,1,0.0,0.0,0.0,0.05263157894736842,0,0,0,0,0
1522,1,0,1,0.0,0.0,0.0,0.05263157894736842,1,0,0,0,1
1523,0,0,0,0.0,0.0,0.0,0.05263157894736842,1,0,0,0,0
1526,1,0,0,0.0,0.0,0.0,0.13157894736842105,0,0,0,0,0
1529,0,0,0,0.0,0.07692307692307693,0.0,0.21052631578947367,1,1,1,1,1
1530,1,0,0,0.0,0.0,0.0,0.0,1,0,0,0,0
1531,1,0,1,0.0,0.0,0.058823529411764705,0.02631578947368421,0,1,0,1,0
1532,1,0,0,0.0,0.0,0.0,0.02631578947368421,1,0,0,0,0
1533,1,0,0,0.0,0.0,0.0,0.02631578947368421,0,0,0,0,0
1534,1,0,0,0.0,0.0,0.0,0.05263157894736842,0,0,0,0,0
1535,1,0,1,0.0,0.0,0.0,0.02631578947368421,1,1,0,1,1
1536,1,0,0,0.0,0.0,0.0,0.02631578947368421,0,0,0,0,0
1538,1,1,0,0.0,0.0,0.0,0.15789473684210525,0,0,0,0,0
1540,1,0,0,0.0,0.0,0.0,0.05263157894736842,0,0,0,0,0
1541,1,0,0,0.0,0.0,0.0,0.0,0,0,0,0,1
1542,1,0,0,0.0,0.07692307692307693,0.0,0.4473684210526315,1,1,1,1,1
1543,1,0,0,0.0,0.0,0.0,0.2894736842105263,1,1,0,1,1
1545,1,0,0,0.0,0.0,0.0,0.02631578947368421,0,0,0,0,0
1548,1,0,0,0.0,0.0,0.0,0.15789473684210525,0,1,0,1,1
1549,1,0,1,0.05,0.0,0.058823529411764705,0.02631578947368421,0,1,1,1,1
1550,1,1,0,0.0,0.0,0.0,0.02631578947368421,0,0,0,0,0
1551,1,0,0,0.0,0.0,0.0,0.0,1,0,0,0,0
1553,1,0,0,0.0,0.0,0.0,0.0,0,1,0,1,0
1554,1,0,0,0.0,0.0,0.0,0.02631578947368421,0,0,0,0,0
1556,1,0,0,0.1,0.07692307692307693,0.0,0.13157894736842105,0,1,1,1,1
1557,0,0,0,0.0,0.0,0.0,0.0,0,0,0,0,0
1558,0,0,0,0.0,0.0,0.058823529411764705,0.07894736842105263,1,0,0,0,0
1559,1,1,1,0.05,0.15384615384615385,0.0,0.07894736842105263,1,0,0,0,0
1560,1,0,0,0.0,0.0,0.0,0.02631578947368421,0,1,0,1,0
1562,1,0,0,0.0,0.0,0.0,0.0,0,0,0,0,0
1563,0,0,0,0.0,0.0,0.0,0.13157894736842105,0,0,0,0,0
1565,1,0,0,0.0,0.0,0.0,0.42105263157894735,0,1,0,1,0
1566,1,0,0,0.0,0.0,0.0,0.21052631578947367,0,0,0,0,0
1568,1,0,0,0.0,0.0,0.0,0.0,0,1,0,1,0
1569,0,0,0,0.0,0.0,0.0,0.13157894736842105,1,1,0,1,1
1571,1,1,0,0.0,0.0,0.0,0.0,0,0,0,0,0
1572,1,0,0,0.0,0.0,0.0,0.02631578947368421,0,0,0,0,0
1573,1,0,1,0.0,0.0,0.0,0.02631578947368421,1,0,0,0,0
1575,1,0,0,0.0,0.0,0.0,0.07894736842105263,1,1,0,1,0
1576,1,0,0,0.05,0.0,0.058823529411764705,0.3421052631578947,1,1,0,1,1
1577,1,0,0,0.0,0.0,0.0,0.05263157894736842,1,0,0,0,0
1578,1,1,0,0.0,0.0,0.0,0.02631578947368421,0,0,0,0,0
1581,1,1,0,0.0,0.0,0.0,0.13157894736842105,1,0,0,0,0
1584,1,0,0,0.0,0.0,0.0,0.02631578947368421,0,0,0,0,0
1587,1,1,0,0.0,0.0,0.0,0.05263157894736842,0,0,0,0,0
1588,1,0,0,0.0,0.0,0.0,0.02631578947368421,1,1,0,1,1
1590,1,0,0,0.0,0.0,0.0,0.0,1,1,1,1,0
1591,0,1,0,0.0,0.0,0.0,0.0,1,0,0,0,0
1594,0,0,1,0.0,0.0,0.0,0.0,1,0,0,0,0
1595,1,0,0,0.0,0.0,0.0,0.4473684210526315,0,1,0,1,1
1596,1,0,0,0.0,0.0,0.0,0.02631578947368421,0,1,0,1,0
1597,1,0,0,0.0,0.0,0.0,0.0,0,0,0,0,0
1599,0,1,0,0.0,0.0,0.0,0.0,1,0,0,0,0
1601,1,1,0,0.0,0.0,0.0,0.05263157894736842,1,1,0,1,0
1602,1,0,0,0.0,0.0,0.0,0.05263157894736842,1,0,0,0,0
1604,1,0,0,0.0,0.0,0.0,0.10526315789473684,1,1,0,1,0
1605,1,0,1,0.0,0.0,0.0,0.0,1,0,0,0,0
1606,0,0,0,0.0,0.0,0.0,0.0,0,0,0,0,1
1607,0,0,0,0.0,0.0,0.0,0.10526315789473684,0,1,0,1,1
1608,0,1,0,0.0,0.0,0.0,0.7894736842105263,1,1,0,1,0
1611,1,0,0,0.0,0.0,0.0,0.10526315789473684,0,0,0,0,0
1613,1,0,0,0.0,0.0,0.0,0.05263157894736842,0,1,0,0,0
1615,0,1,0,0.0,0.0,0.0,0.0,0,0,0,0,0
1618,1,0,0,0.0,0.0,0.0,0.0,0,0,0,0,0
1620,1,1,0,0.0,0.0,0.0,0.0,0,0,0,0,0
1622,1,0,0,0.0,0.0,0.0,0.05263157894736842,0,0,0,0,0
1623,1,0,0,0.0,0.0,0.0,0.5,0,0,0,0,1
1624,1,0,1,0.0,0.0,0.0,0.13157894736842105,0,1,0,1,1
1625,1,0,1,0.0,0.0,0.0,0.0,0,1,1,1,1
1626,1,0,0,0.0,0.0,0.0,0.0,0,1,0,1,0
1627,0,0,1,0.0,0.0,0.0,0.02631578947368421,0,1,0,0,0
1629,1,0,0,0.0,0.0,0.0,0.05263157894736842,0,0,0,0,0
1630,0,1,0,0.0,0.0,0.0,0.10526315789473684,0,0,0,0,0
1631,1,1,0,0.0,0.0,0.0,0.02631578947368421,0,1,1,1,0
1632,1,0,0,0.0,0.0,0.0,0.21052631578947367,0,1,0,1,1
1634,1,1,0,0.0,0.0,0.0,0.07894736842105263,0,0,0,0,0
1637,1,0,0,0.0,0.0,0.0,0.02631578947368421,0,0,0,0,0
1638,1,0,0,0.0,0.0,0.0,0.2631578947368421,0,1,0,1,0
1639,1,0,0,0.0,0.0,0.0,0.0,0,0,0,0,0
1640,1,1,0,0.0,0.0,0.0,0.05263157894736842,1,0,0,0,0
1642,1,1,0,0.0,0.0,0.0,0.02631578947368421,1,0,0,0,0
1643,1,1,0,0.0,0.0,0.0,0.0,0,0,0,0,0
1644,1,0,0,0.0,0.0,0.0,0.05263157894736842,1,0,0,0,0
1645,0,0,1,0.0,0.0,0.0,0.02631578947368421,0,1,0,1,0
1646,1,0,0,0.0,0.0,0.0,0.0,1,0,0,0,0
1648,1,1,0,0.0,0.0,0.0,0.0,0,0,0,0,0
1651,1,0,0,0.0,0.0,0.0,0.02631578947368421,0,1,1,1,0
1652,1,1,0,0.0,0.0,0.0,0.05263157894736842,0,0,0,0,0
1653,1,1,0,0.0,0.0,0.0,0.15789473684210525,1,0,0,0,0
1655,1,0,1,0.0,0.0,0.11764705882352941,0.02631578947368421,1,1,1,1,0
1656,1,0,0,0.0,0.0,0.0,0.0,1,0,0,0,0
1657,1,0,0,0.0,0.0,0.0,0.0,0,0,0,0,0
1658,0,0,0,0.0,0.0,0.0,0.0,1,0,0,0,0
1660,1,0,0,0.0,0.0,0.058823529411764705,0.23684210526315788,0,1,1,1,1
1663,0,0,0,0.0,0.0,0.0,0.02631578947368421,1,0,0,0,0
1664,1,1,0,0.0,0.0,0.0,0.05263157894736842,1,0,0,0,1
1665,1,0,0,0.0,0.0,0.0,0.02631578947368421,1,0,0,0,0
1666,0,1,0,0.0,0.0,0.0,0.05263157894736842,0,1,0,1,0
1667,1,1,1,0.0,0.0,0.0,0.0,1,1,0,1,0
1668,1,0,0,0.1,0.0,0.0,0.47368421052631576,1,0,0,0,1
1669,0,1,0,0.0,0.0,0.0,0.13157894736842105,0,1,0,1,1
1670,1,0,1,0.0,0.0,0.0,0.02631578947368421,0,1,1,1,0
1672,0,0,1,0.0,0.0,0.0,0.0,0,0,0,0,1
1673,1,1,0,0.0,0.0,0.0,0.18421052631578946,1,1,1,1,1
1674,1,0,1,0.0,0.0,0.0,0.02631578947368421,0,0,0,0,0
1676,0,1,0,0.0,0.0,0.0,0.02631578947368421,1,0,0,0,0
1678,1,0,0,0.0,0.0,0.0,0.07894736842105263,0,0,0,0,0
1680,1,1,0,0.0,0.0,0.0,0.21052631578947367,0,0,0,0,0
1681,1,0,0,0.0,0.0,0.0,0.18421052631578946,0,0,0,0,0
1682,1,1,0,0.0,0.0,0.0,0.07894736842105263,0,0,0,0,0
1683,0,0,0,0.0,0.0,0.0,0.10526315789473684,1,1,1,1,1
1684,0,1,1,0.0,0.0,0.0,0.05263157894736842,0,0,0,0,1
1685,1,0,1,0.0,0.0,0.0,0.0,0,1,0,1,0
1686,0,0,1,0.0,0.0,0.0,0.07894736842105263,0,1,1,1,0
1688,1,0,1,0.0,0.0,0.0,0.10526315789473684,1,1,0,1,1
1689,1,1,0,0.0,0.0,0.0,0.07894736842105263,1,1,0,1,0
1691,1,1,0,0.0,0.0,0.11764705882352941,0.10526315789473684,1,0,0,0,1
1692,1,1,0,0.0,0.0,0.0,0.02631578947368421,1,0,0,0,0
1696,0,0,0,0.0,0.0,0.0,0.2631578947368421,0,0,0,0,1
1697,1,0,0,0.0,0.0,0.0,0.02631578947368421,0,0,0,0,0
1698,0,1,1,0.0,0.0,0.0,0.0,1,0,0,0,0
1699,0,1,0,0.0,0.0,0.0,0.02631578947368421,0,0,0,0,0
1700,1,0,0,0.0,0.0,0.0,0.0,1,1,0,1,0
1701,1,0,1,0.0,0.0,0.0,0.07894736842105263,0,1,0,1,1
1702,1,0,0,0.0,0.0,0.0,0.42105263157894735,0,1,0,1,1
1704,0,1,0,0.0,0.0,0.0,0.0,1,1,0,1,0
1705,1,0,0,0.0,0.0,0.0,0.2631578947368421,0,0,0,0,0
1706,1,0,0,0.0,0.0,0.0,0.10526315789473684,1,1,1,1,0
1707,1,0,1,0.0,0.0,0.0,0.0,0,0,0,0,0
1709,1,0,0,0.0,0.0,0.058823529411764705,0.3157894736842105,1,1,0,1,1
1710,1,1,0,0.0,0.0,0.0,0.0,1,1,0,0,0
1711,0,1,0,0.0,0.0,0.0,0.0,1,0,0,0,0
1714,1,1,0,0.0,0.0,0.0,0.02631578947368421,0,0,0,0,1
1715,1,0,0,0.0,0.0,0.0,0.23684210526315788,0,1,1,1,0
1716,1,1,0,0.0,0.0,0.0,0.2894736842105263,0,0,0,0,0
1717,1,0,0,0.0,0.0,0.0,0.13157894736842105,0,1,0,1,0
1718,1,0,0,0.0,0.07692307692307693,0.0,0.2894736842105263,0,1,1,1,1
1719,1,0,0,0.0,0.0,0.0,0.02631578947368421,0,1,0,1,0
1724,1,1,0,0.0,0.0,0.0,0.02631578947368421,0,1,1,1,0
1725,0,0,0,0.0,0.0,0.0,0.0,0,1,0,0,0
1727,0,0,0,0.0,0.0,0.0,0.02631578947368421,0,0,0,0,0
1728,1,1,0,0.0,0.0,0.0,0.18421052631578946,1,1,0,1,1
1729,1,0,0,0.0,0.0,0.0,0.02631578947368421,1,1,0,1,0
1730,1,0,0,0.0,0.0,0.0,0.13157894736842105,0,0,0,0,0
1731,1,1,0,0.0,0.0,0.0,0.02631578947368421,0,0,0,0,0
1733,0,1,0,0.0,0.0,0.0,0.15789473684210525,1,0,0,0,1
1734,0,1,0,0.0,0.0,0.0,0.0,1,0,0,0,0
1735,1,1,0,0.0,0.0,0.0,0.0,1,0,0,0,0
1736,0,0,1,0.0,0.0,0.0,0.0,0,0,0,0,1
1737,0,0,0,0.0,0.0,0.0,0.3684210526315789,0,0,0,0,1
1741,1,0,1,0.0,0.0,0.0,0.13157894736842105,0,1,0,1,0
1742,1,0,1,0.0,0.0,0.0,0.0,1,1,0,1,0
1746,1,1,0,0.0,0.0,0.0,0.02631578947368421,1,1,0,1,0
1747,1,1,0,0.0,0.0,0.0,0.07894736842105263,1,0,0,0,0
1749,0,1,0,0.0,0.0,0.0,0.0,1,0,0,0,0
1750,1,1,1,0.0,0.0,0.0,0.0,0,1,0,1,0
1752,0,1,0,0.0,0.0,0.0,0.0,0,0,0,0,1
1754,1,1,0,0.0,0.0,0.0,0.0,1,0,0,0,0
1755,0,0,1,0.0,0.0,0.0,0.0,0,0,0,0,1
1756,0,1,0,0.0,0.0,0.0,0.02631578947368421,0,1,1,1,0
1757,1,1,0,0.0,0.0,0.0,0.0,1,0,0,0,0
1759,1,1,0,0.0,0.0,0.0,0.4473684210526315,1,1,1,1,1
1760,1,1,0,0.0,0.0,0.0,0.10526315789473684,0,1,0,1,0
1764,0,1,0,0.0,0.0,0.0,0.0,1,0,0,0,0
1765,1,0,1,0.0,0.07692307692307693,0.0,0.02631578947368421,1,0,0,0,1
1768,1,0,0,0.0,0.0,0.0,0.0,0,0,0,0,0
1770,1,0,1,0.0,0.0,0.0,0.05263157894736842,0,1,0,1,0
1771,1,0,1,0.0,0.0,0.0,0.0,0,1,0,1,0
1772,1,0,0,0.0,0.07692307692307693,0.0,0.10526315789473684,0,1,0,0,0
1774,1,1,1,0.0,0.07692307692307693,0.0,0.02631578947368421,1,0,0,0,0
1776,1,0,1,0.0,0.0,0.0,0.0,0,1,0,1,1
1777,0,0,1,0.05,0.15384615384615385,0.11764705882352941,0.07894736842105263,0,1,1,0,1
1780,0,0,0,0.0,0.0,0.0,0.05263157894736842,0,0,0,0,0
1781,1,1,0,0.0,0.0,0.0,0.07894736842105263,1,0,0,0,0
1783,1,0,1,0.0,0.0,0.0,0.0,0,0,0,0,0
1786,1,0,0,0.1,0.07692307692307693,0.0,0.23684210526315788,1,1,0,0,1
1787,1,0,1,0.0,0.0,0.0,0.0,0,0,0,0,0
1788,1,0,1,0.0,0.0,0.0,0.05263157894736842,0,1,0,1,1
1791,1,0,0,0.0,0.0,0.0,0.23684210526315788,0,1,0,1,1
1792,1,0,0,0.0,0.0,0.0,0.18421052631578946,0,1,1,0,1
1794,1,0,0,0.0,0.0,0.0,0.07894736842105263,0,0,0,0,0
1795,0,0,1,0.0,0.0,0.0,0.0,0,0,0,0,0
1796,1,0,1,0.0,0.0,0.0,0.0,0,1,0,1,0
1797,0,0,0,0.0,0.0,0.0,0.07894736842105263,0,1,1,1,1
1798,1,0,0,0.0,0.0,0.0,0.10526315789473684,0,1,1,1,1
1800,1,0,0,0.0,0.0,0.0,0.10526315789473684,1,0,0,0,0
1801,0,0,1,0.0,0.0,0.0,0.0,1,0,0,0,0
1803,1,1,0,0.0,0.0,0.0,0.0,1,0,0,0,0
1804,1,0,0,0.0,0.0,0.0,0.02631578947368421,1,0,0,0,0
1805,1,0,0,0.0,0.0,0.058823529411764705,0.10526315789473684,0,1,0,1,0
1806,0,1,0,0.0,0.0,0.0,0.05263157894736842,0,1,0,1,0
1809,1,0,0,0.0,0.0,0.0,0.02631578947368421,1,1,1,1,0
1810,1,0,0,0.0,0.0,0.0,0.0,1,0,0,0,0
1815,1,0,0,0.0,0.0,0.0,0.0,1,0,0,0,0
1816,0,1,0,0.0,0.0,0.0,0.2894736842105263,0,1,0,1,1
1817,0,0,0,0.0,0.0,0.0,0.15789473684210525,0,1,0,1,0
1819,1,0,1,0.0,0.0,0.0,0.13157894736842105,0,0,0,0,0
1820,1,0,0,0.0,0.0,0.0,0.07894736842105263,0,0,0,0,0
1821,0,1,0,0.0,0.0,0.0,0.07894736842105263,1,0,0,0,0
1822,1,1,0,0.0,0.0,0.0,0.05263157894736842,0,1,0,1,0
1823,1,0,0,0.0,0.0,0.0,0.0,0,0,0,0,0
1826,1,1,0,0.0,0.0,0.0,0.05263157894736842,1,0,0,0,0
1827,1,0,0,0.0,0.0,0.0,0.13157894736842105,0,0,0,0,1
1829,0,1,0,0.0,0.0,0.0,0.0,0,0,0,0,0
1830,1,0,1,0.0,0.0,0.0,0.0,1,1,1,1,1
1832,0,0,0,0.0,0.0,0.0,0.05263157894736842,0,0,0,0,1
1833,1,0,1,0.0,0.0,0.0,0.0,0,0,0,0,0
1834,1,1,0,0.0,0.0,0.0,0.0,0,0,0,0,0
1840,0,1,0,0.0,0.0,0.0,0.3157894736842105,0,0,0,0,0
1841,0,1,0,0.0,0.0,0.0,0.02631578947368421,1,0,0,0,0
1843,1,0,0,0.0,0.0,0.0,0.0,1,1,0,1,0
1844,1,1,0,0.0,0.0,0.0,0.21052631578947367,0,1,0,1,0
1845,0,0,0,0.0,0.0,0.0,0.02631578947368421,0,0,0,0,0
1846,1,0,1,0.0,0.0,0.0,0.02631578947368421,0,0,0,0,1
1847,1,0,0,0.0,0.0,0.0,0.0,1,0,0,0,0
1848,1,1,0,0.0,0.0,0.0,0.0,0,1,0,1,0
1849,1,0,0,0.0,0.0,0.0,0.13157894736842105,0,1,0,1,0
1850,1,0,0,0.0,0.0,0.0,0.10526315789473684,0,1,1,1,0
1852,1,0,0,0.0,0.0,0.0,0.18421052631578946,0,1,1,1,1
1853,1,1,0,0.0,0.0,0.0,0.0,0,0,0,0,0
1854,1,0,0,0.0,0.0,0.0,0.07894736842105263,0,0,0,0,0
1856,1,1,1,0.0,0.0,0.0,0.02631578947368421,0,0,0,0,0
1859,0,0,0,0.0,0.0,0.0,0.0,1,1,1,0,0
1860,1,1,1,0.0,0.0,0.0,0.02631578947368421,0,1,0,1,0
1861,1,0,0,0.0,0.0,0.0,0.02631578947368421,0,1,0,1,1
1862,1,0,0,0.0,0.0,0.0,0.0,1,1,0,1,0
1863,1,0,0,0.0,0.0,0.058823529411764705,0.07894736842105263,0,1,0,1,0
1864,1,0,0,0.0,0.0,0.0,0.02631578947368421,1,0,0,0,0
1865,1,1,0,0.0,0.0,0.0,0.0,0,0,0,0,0
1866,1,0,0,0.0,0.0,0.0,0.0,1,0,0,0,0
1868,1,0,1,0.0,0.0,0.0,0.0,1,0,0,0,1
1869,1,1,0,0.0,0.0,0.0,0.0,1,0,0,0,0
1870,1,0,1,0.0,0.0,0.0,0.0,0,0,0,0,0
1871,0,0,0,0.0,0.0,0.0,0.05263157894736842,0,1,0,1,1
1872,1,0,0,0.0,0.0,0.0,0.0,1,0,0,0,0
1873,0,1,0,0.0,0.0,0.0,0.02631578947368421,0,0,0,0,0
1874,0,1,0,0.0,0.0,0.0,0.02631578947368421,1,0,0,0,0
1875,1,1,0,0.0,0.0,0.0,0.05263157894736842,1,1,0,1,1
1876,0,1,0,0.0,0.0,0.0,0.07894736842105263,1,0,0,0,0
1877,1,0,1,0.0,0.0,0.0,0.05263157894736842,1,1,0,1,0
1879,1,0,1,0.0,0.0,0.0,0.0,0,0,0,0,1
1880,1,0,1,0.0,0.6153846153846154,0.058823529411764705,0.21052631578947367,0,1,1,1,1
1881,0,0,0,0.0,0.0,0.0,0.0,1,1,1,1,0
1882,1,0,1,0.05,0.07692307692307693,0.0,0.21052631578947367,0,1,1,1,1
1883,1,0,0,0.0,0.0,0.0,0.0,1,0,0,0,0
1884,1,0,0,0.0,0.0,0.0,0.02631578947368421,0,0,0,0,0
1886,1,0,0,0.0,0.0,0.0,0.3157894736842105,0,0,0,0,0
1888,1,0,0,0.0,0.0,0.0,0.15789473684210525,1,0,0,0,0
1890,1,0,0,0.0,0.0,0.0,0.05263157894736842,1,1,0,1,0
1893,1,1,1,0.0,0.0,0.0,0.10526315789473684,1,0,0,0,1
1894,1,0,0,0.0,0.0,0.0,0.0,1,1,0,1,0
1895,1,0,0,0.05,0.07692307692307693,0.058823529411764705,0.10526315789473684,0,1,1,1,1
1897,1,1,1,0.05,0.0,0.058823529411764705,0.02631578947368421,0,1,0,1,1
1899,1,0,0,0.0,0.0,0.0,0.0,1,0,0,0,0
1900,1,1,0,0.0,0.0,0.0,0.2631578947368421,0,1,1,1,0
1901,0,1,0,0.0,0.0,0.0,0.0,0,1,0,1,0
1904,1,0,0,0.0,0.0,0.0,0.02631578947368421,0,0,0,0,0
1905,1,0,0,0.0,0.0,0.0,0.0,0,0,0,0,0
1906,1,1,0,0.0,0.0,0.0,0.07894736842105263,1,0,0,0,0
1907,1,0,1,0.0,0.0,0.0,0.02631578947368421,0,1,0,1,0
1908,1,1,1,0.0,0.0,0.0,0.0,1,1,0,1,1
1909,1,1,0,0.0,0.0,0.0,0.0,1,0,0,0,0
1910,1,1,0,0.0,0.0,0.0,0.07894736842105263,0,1,0,1,0
1913,1,0,1,0.0,0.0,0.0,0.0,0,0,0,0,0
1914,1,0,1,0.0,0.0,0.0,0.0,0,0,0,0,0
1915,1,0,0,0.0,0.0,0.0,0.10526315789473684,0,1,0,1,1
1916,0,1,0,0.0,0.0,0.0,0.02631578947368421,0,0,0,0,0
1917,1,1,0,0.0,0.0,0.0,0.05263157894736842,0,0,0,0,0
1919,0,1,0,0.0,0.0,0.0,0.0,0,1,0,1,0
1921,0,0,0,0.0,0.0,0.0,0.5789473684210527,0,1,0,1,0
1923,1,1,0,0.0,0.0,0.0,0.23684210526315788,1,1,0,1,0
1924,1,0,1,0.0,0.0,0.0,0.0,0,1,1,1,1
1925,1,0,0,0.0,0.0,0.0,0.0,1,0,0,0,0
1926,0,1,0,0.0,0.0,0.0,0.13157894736842105,1,0,0,0,0
1927,1,0,0,0.0,0.0,0.0,0.10526315789473684,0,1,0,1,0
1928,1,0,1,0.0,0.0,0.0,0.10526315789473684,0,0,0,0,1
1929,1,0,0,0.0,0.0,0.0,0.0,1,1,0,1,0
1930,0,1,0,0.0,0.0,0.0,0.02631578947368421,1,0,0,0,0
1931,1,1,0,0.0,0.0,0.0,0.0,1,0,0,0,0
1938,0,1,0,0.0,0.0,0.0,0.02631578947368421,1,0,0,0,0
1939,1,1,1,0.0,0.0,0.0,0.0,0,1,0,1,0
1941,1,0,0,0.0,0.0,0.0,0.0,1,0,0,0,0
1942,1,1,0,0.0,0.0,0.0,0.05263157894736842,1,0,0,0,0
1943,1,0,1,0.0,0.0,0.0,0.0,0,1,0,1,0
1945,1,0,0,0.0,0.0,0.0,0.0,0,0,0,0,0
1948,1,1,0,0.0,0.0,0.0,0.10526315789473684,0,0,0,0,0
1949,1,0,0,0.0,0.0,0.0,0.02631578947368421,0,0,0,0,0
1951,1,0,1,0.0,0.0,0.0,0.02631578947368421,0,0,0,0,0
1952,1,0,1,0.0,0.0,0.0,0.0,1,0,0,0,0
1953,1,0,0,0.0,0.0,0.0,0.02631578947368421,0,1,0,1,0
1954,1,1,0,0.0,0.0,0.0,0.02631578947368421,1,1,0,1,0
1955,1,0,0,0.0,0.0,0.0,0.02631578947368421,0,0,0,0,0
1956,1,0,0,0.0,0.0,0.0,0.02631578947368421,1,1,0,1,0
1957,1,1,0,0.0,0.0,0.0,0.0,1,0,0,0,0
1961,1,1,0,0.0,0.0,0.0,0.05263157894736842,0,1,0,1,1
1965,0,0,0,0.0,0.0,0.0,0.13157894736842105,0,1,1,1,1
1966,1,0,1,0.0,0.0,0.0,0.0,0,0,0,0,0
1967,0,0,0,0.0,0.0,0.0,0.02631578947368421,0,0,0,0,0
1968,1,0,0,0.0,0.0,0.0,0.0,0,0,0,0,0
1971,1,0,0,0.0,0.0,0.0,0.05263157894736842,0,0,0,0,0
1972,1,1,0,0.0,0.0,0.0,0.0,1,0,0,0,0
1974,1,0,0,0.0,0.0,0.0,0.02631578947368421,0,0,0,0,0
1975,1,0,0,0.0,0.0,0.0,0.05263157894736842,0,0,0,0,0
1976,1,1,1,0.0,0.0,0.0,0.15789473684210525,0,1,0,1,0
1980,1,0,0,0.0,0.0,0.0,0.02631578947368421,0,0,0,0,0
1982,1,0,0,0.0,0.0,0.0,0.0,1,0,0,0,0
1983,1,0,0,0.0,0.0,0.0,0.0,0,0,0,0,0
1984,0,0,1,0.0,0.0,0.0,0.0,0,1,0,1,1
1985,1,1,0,0.0,0.0,0.0,0.05263157894736842,1,0,0,0,0
1987,1,1,0,0.0,0.0,0.0,0.10526315789473684,1,0,0,0,0
1990,1,0,0,0.0,0.0,0.0,0.18421052631578946,0,1,0,1,0
1991,1,0,0,0.0,0.0,0.0,0.13157894736842105,0,1,0,1,1
1993,1,1,0,0.0,0.0,0.0,0.0,0,1,0,1,1
1994,1,1,0,0.0,0.0,0.0,0.18421052631578946,1,1,1,1,1
1995,1,1,0,0.0,0.0,0.0,0.18421052631578946,0,1,1,1,0
1999,1,0,0,0.0,0.0,0.0,0.0,1,0,0,0,0
2002,1,1,0,0.0,0.0,0.0,0.3157894736842105,1,0,0,0,0
2006,1,0,1,0.0,0.0,0.0,0.0,0,1,0,1,1
2009,1,0,0,0.0,0.0,0.0,0.10526315789473684,1,1,0,1,0
2010,1,0,0,0.0,0.0,0.0,0.0,1,0,0,0,0
2014,1,1,0,0.0,0.0,0.0,0.0,1,0,0,0,0
2018,1,0,1,0.0,0.23076923076923078,0.058823529411764705,0.15789473684210525,0,1,1,1,1
2019,1,0,1,0.1,0.0,0.0,0.05263157894736842,0,1,0,1,1
2020,1,0,0,0.0,0.0,0.0,0.2894736842105263,1,0,0,0,1
2021,1,0,0,0.0,0.0,0.0,0.0,1,0,0,0,0
2024,0,1,0,0.0,0.0,0.0,0.13157894736842105,0,0,0,0,0
2026,1,0,0,0.0,0.0,0.0,0.10526315789473684,0,1,0,1,0
2027,1,0,0,0.0,0.0,0.0,0.0,0,1,0,1,1
2029,1,0,0,0.0,0.0,0.0,0.05263157894736842,0,0,0,0,0
2033,0,0,0,0.0,0.0,0.0,0.02631578947368421,0,0,0,0,0
2034,1,1,0,0.0,0.0,0.0,0.05263157894736842,0,0,0,0,0
2035,1,0,0,0.0,0.0,0.0,0.0,0,1,0,1,0
2036,1,0,0,0.05,0.15384615384615385,0.0,0.4473684210526315,0,1,0,1,1
2037,1,0,0,0.0,0.0,0.0,0.0,1,0,0,0,0
2038,1,0,0,0.0,0.0,0.0,0.10526315789473684,0,0,0,0,0
2040,1,0,0,0.0,0.0,0.0,0.07894736842105263,0,0,0,0,0
2042,0,0,0,0.0,0.0,0.0,0.10526315789473684,0,0,0,0,0
2044,1,0,0,0.0,0.0,0.0,0.0,1,0,0,0,0
2045,0,1,1,0.0,0.0,0.058823529411764705,0.02631578947368421,1,0,0,0,0
2047,1,0,0,0.0,0.0,0.0,0.15789473684210525,1,1,0,1,0
2048,1,0,1,0.1,0.0,0.058823529411764705,0.05263157894736842,0,1,0,1,1
2049,0,0,0,0.0,0.0,0.0,0.02631578947368421,0,1,0,1,0
2051,1,1,0,0.0,0.0,0.0,0.0,0,1,0,1,1
2052,1,1,0,0.0,0.0,0.0,0.05263157894736842,0,0,0,0,0
2053,1,0,1,0.0,0.0,0.0,0.0,1,0,0,0,1
2054,1,1,0,0.0,0.0,0.0,0.0,0,0,0,0,0
2055,1,0,1,0.0,0.0,0.0,0.15789473684210525,0,0,0,0,1
2056,1,0,0,0.0,0.0,0.0,0.15789473684210525,0,0,0,0,0
2057,1,0,0,0.0,0.23076923076923078,0.058823529411764705,0.39473684210526316,0,1,1,1,1
2058,1,0,1,0.0,0.0,0.058823529411764705,0.0,0,1,0,1,1
2059,1,0,0,0.0,0.0,0.0,0.0,0,0,0,0,0
2060,1,0,0,0.0,0.0,0.0,0.07894736842105263,0,1,0,1,0
2061,1,0,0,0.0,0.0,0.0,0.02631578947368421,0,1,0,1,0
2062,1,0,0,0.0,0.0,0.0,0.02631578947368421,0,0,0,0,0
2063,1,0,1,0.0,0.0,0.11764705882352941,0.02631578947368421,0,0,0,0,1
2064,1,0,0,0.0,0.0,0.0,0.21052631578947367,0,1,0,1,0
2065,1,1,0,0.0,0.0,0.0,0.05263157894736842,1,0,0,0,0
2066,1,1,0,0.0,0.0,0.0,0.15789473684210525,0,0,0,0,0
2069,1,0,1,0.0,0.0,0.0,0.0,0,0,0,0,0
2070,1,0,0,0.0,0.0,0.0,0.05263157894736842,1,0,0,0,1
2071,1,0,0,0.0,0.0,0.0,0.2894736842105263,1,1,0,1,1
2072,0,1,0,0.0,0.0,0.0,0.02631578947368421,1,0,0,0,0
2074,1,0,0,0.0,0.0,0.0,0.0,1,0,0,0,0
2075,0,1,1,0.0,0.0,0.0,0.0,1,0,0,0,0
2076,1,0,0,0.0,0.0,0.0,0.18421052631578946,0,1,0,1,1
2077,1,0,0,0.0,0.0,0.0,0.02631578947368421,1,0,0,0,1
2078,1,1,0,0.0,0.0,0.0,0.10526315789473684,0,1,1,1,0
2079,1,0,0,0.0,0.0,0.0,0.07894736842105263,1,0,0,0,0
2083,1,0,1,0.15000000000000002,0.0,0.0,0.05263157894736842,0,1,0,1,1
2085,1,1,0,0.0,0.0,0.0,0.0,0,1,1,1,0
2087,1,0,1,0.0,0.0,0.0,0.02631578947368421,1,1,1,1,0
2089,1,0,0,0.0,0.0,0.0,0.0,0,0,0,0,0
2090,0,0,1,0.0,0.0,0.0,0.0,1,0,0,0,0
2091,1,0,0,0.0,0.0,0.0,0.39473684210526316,0,0,0,0,1
2093,0,1,0,0.0,0.0,0.0,0.0,1,0,0,0,0
2094,1,0,0,0.0,0.0,0.0,0.02631578947368421,1,0,0,0,0
2095,1,1,0,0.0,0.0,0.0,0.0,0,1,0,0,0
2096,1,1,0,0.0,0.0,0.0,0.4473684210526315,0,1,0,1,0
2098,0,1,0,0.0,0.0,0.0,0.0,1,0,0,0,0
2099,0,0,0,0.0,0.0,0.0,0.02631578947368421,0,0,0,0,0
2100,1,1,0,0.0,0.0,0.0,0.0,1,0,0,0,0
2101,1,1,0,0.0,0.0,0.0,0.2631578947368421,0,1,0,1,0
2103,1,0,0,0.0,0.0,0.058823529411764705,0.05263157894736842,0,1,0,1,0
2104,1,0,0,0.0,0.0,0.0,0.23684210526315788,0,0,0,0,0
2105,1,0,0,0.0,0.0,0.0,0.02631578947368421,0,0,0,0,0
2107,1,0,1,0.0,0.0,0.0,0.0,0,1,0,1,1
2108,1,0,1,0.0,0.0,0.0,0.0,0,0,0,0,1
2109,1,1,0,0.0,0.0,0.0,0.0,0,0,0,0,0
2110,1,0,1,0.0,0.23076923076923078,0.0,0.07894736842105263,0,0,0,0,1
2111,1,0,0,0.0,0.0,0.0,0.0,1,0,0,0,0
2113,1,0,1,0.0,0.07692307692307693,0.058823529411764705,0.05263157894736842,0,1,0,1,1
2115,1,1,0,0.0,0.0,0.0,0.0,1,0,0,0,0
2116,1,0,0,0.0,0.0,0.0,0.05263157894736842,0,0,0,0,0
2121,0,0,0,0.0,0.0,0.058823529411764705,0.10526315789473684,0,0,0,0,0
2123,1,1,0,0.0,0.0,0.0,0.02631578947368421,1,1,0,1,0
2125,1,1,0,0.0,0.0,0.0,0.18421052631578946,1,0,0,0,0
2126,1,1,1,0.0,0.0,0.0,0.13157894736842105,0,1,0,1,1
2127,1,0,0,0.0,0.0,0.0,0.42105263157894735,1,1,0,1,1
2128,1,0,0,0.0,0.0,0.0,0.07894736842105263,0,1,0,1,0
2129,1,0,1,0.0,0.0,0.11764705882352941,0.0,0,1,1,0,0
2130,1,1,0,0.0,0.0,0.0,0.05263157894736842,1,1,0,1,0
2131,1,0,0,0.0,0.0,0.0,0.0,0,0,0,0,1
2132,1,0,0,0.0,0.0,0.0,0.10526315789473684,0,1,0,1,0
2133,1,0,1,0.0,0.0,0.0,0.13157894736842105,0,1,0,1,0
2134,1,0,1,0.05,0.0,0.0,0.02631578947368421,1,0,0,0,1
2138,1,0,0,0.0,0.15384615384615385,0.058823529411764705,0.5,0,1,0,1,1
2140,0,1,0,0.0,0.0,0.0,0.02631578947368421,0,0,0,0,0
2141,1,1,0,0.0,0.0,0.0,0.0,0,1,1,1,0
2143,0,1,0,0.0,0.0,0.0,0.0,0,1,0,1,0
2146,1,0,1,0.05,0.0,0.058823529411764705,0.02631578947368421,0,1,0,1,1
2147,1,0,0,0.0,0.0,0.0,0.0,0,0,0,0,0
2148,0,0,0,0.0,0.0,0.0,0.3684210526315789,0,1,1,1,1
2149,1,0,0,0.0,0.0,0.0,0.0,0,1,0,1,0
2150,1,0,0,0.0,0.0,0.0,0.07894736842105263,0,1,1,1,1
2151,1,1,0,0.0,0.0,0.0,0.05263157894736842,1,1,0,1,0
2152,0,0,0,0.0,0.0,0.0,0.05263157894736842,0,0,0,0,0
2153,1,0,1,0.0,0.0,0.0,0.07894736842105263,0,1,1,1,1
2154,1,0,1,0.0,0.0,0.0,0.0,0,0,0,0,0
2155,1,1,0,0.0,0.0,0.0,0.39473684210526316,0,0,0,0,1
2156,1,1,0,0.0,0.0,0.0,0.02631578947368421,0,1,0,1,0
2157,0,0,1,0.0,0.0,0.0,0.02631578947368421,1,1,0,1,0
2159,1,1,0,0.0,0.0,0.0,0.05263157894736842,1,0,0,0,0
2161,1,1,0,0.0,0.0,0.0,0.0,1,0,0,0,0
2162,0,0,0,0.0,0.0,0.0,0.0,1,0,0,0,0
2163,1,1,0,0.0,0.0,0.058823529411764705,0.0,0,0,0,0,0
2165,1,0,0,0.0,0.0,0.0,0.0,1,1,1,1,0
2166,0,0,0,0.0,0.0,0.0,0.21052631578947367,0,1,0,1,1
2168,1,0,0,0.0,0.0,0.0,0.0,1,0,0,0,0
2169,1,1,0,0.0,0.0,0.0,0.02631578947368421,0,0,0,0,0
2170,1,0,1,0.0,0.0,0.0,0.02631578947368421,0,0,0,0,1
2171,1,0,1,0.0,0.0,0.0,0.02631578947368421,0,0,0,0,1
2176,1,1,0,0.0,0.0,0.0,0.02631578947368421,1,1,1,1,0
2178,1,0,0,0.0,0.0,0.0,0.07894736842105263,0,1,0,1,0
2179,1,0,0,0.0,0.0,0.0,0.23684210526315788,1,0,0,0,0
2180,1,0,0,0.0,0.0,0.0,0.02631578947368421,0,1,1,1,0
2181,1,0,0,0.1,0.0,0.0,0.5263157894736842,0,1,0,1,1
2182,0,0,0,0.0,0.0,0.0,0.02631578947368421,0,1,0,1,0
2183,1,0,0,0.0,0.0,0.0,0.0,1,0,0,0,0
2184,1,1,1,0.05,0.0,0.058823529411764705,0.13157894736842105,1,1,0,1,0
2186,1,1,0,0.0,0.0,0.0,0.02631578947368421,0,1,1,1,0
2188,1,0,1,0.0,0.0,0.0,0.0,1,1,1,1,0
2190,1,0,0,0.0,0.0,0.0,0.07894736842105263,1,0,0,0,0
2193,0,1,0,0.0,0.0,0.0,0.15789473684210525,0,1,0,1,0
2194,0,0,0,0.0,0.0,0.0,0.05263157894736842,1,0,0,0,0
2195,1,0,0,0.0,0.0,0.0,0.21052631578947367,0,1,0,1,0
2196,1,0,0,0.0,0.0,0.0,0.10526315789473684,1,0,0,0,0
2197,1,0,0,0.05,0.0,0.0,0.18421052631578946,0,1,0,1,1
2198,1,1,0,0.0,0.0,0.0,0.02631578947368421,0,0,0,0,0
2201,0,1,0,0.0,0.0,0.0,0.05263157894736842,0,0,0,0,0
2205,0,0,1,0.0,0.0,0.0,0.0,1,0,0,0,0
2206,1,0,0,0.0,0.0,0.0,0.05263157894736842,1,0,0,0,1
2207,1,0,0,0.0,0.0,0.0,0.23684210526315788,0,1,0,1,0
2208,1,0,0,0.0,0.0,0.0,0.05263157894736842,0,1,1,1,1
2209,1,0,0,0.0,0.0,0.058823529411764705,0.07894736842105263,0,1,0,1,0
2211,1,0,1,0.0,0.0,0.0,0.13157894736842105,0,1,0,1,1
2212,0,0,0,0.0,0.0,0.0,0.07894736842105263,0,1,0,1,0
2215,1,0,1,0.0,0.0,0.0,0.07894736842105263,0,1,1,1,0
2216,1,0,0,0.0,0.0,0.0,0.05263157894736842,0,0,0,0,0
2217,1,1,0,0.0,0.0,0.0,0.07894736842105263,0,0,0,0,0
2218,0,0,0,0.0,0.0,0.0,0.02631578947368421,1,0,0,0,0
2220,1,0,0,0.0,0.0,0.0,0.39473684210526316,1,1,0,1,0
2221,1,1,0,0.0,0.0,0.0,0.07894736842105263,1,1,1,1,0
2222,1,0,0,0.0,0.0,0.0,0.07894736842105263,1,0,0,0,0
2223,1,0,0,0.0,0.0,0.0,0.05263157894736842,0,0,0,0,0
2224,0,1,1,0.0,0.0,0.0,0.02631578947368421,0,0,0,0,0
2226,1,1,0,0.05,0.0,0.0,0.05263157894736842,1,1,0,1,0
2228,1,0,1,0.0,0.15384615384615385,0.0,0.07894736842105263,0,1,0,1,0
2231,1,0,1,0.0,0.38461538461538464,0.0,0.3157894736842105,1,1,1,1,1
2233,1,1,1,0.0,0.0,0.0,0.07894736842105263,0,1,0,1,1
2234,1,0,0,0.0,0.0,0.0,0.07894736842105263,0,0,0,0,0
2235,1,1,0,0.0,0.0,0.0,0.15789473684210525,0,0,0,0,1
2236,1,0,0,0.0,0.0,0.0,0.10526315789473684,0,1,0,1,0
2237,1,0,1,0.0,0.0,0.058823529411764705,0.10526315789473684,0,0,0,0,1
2239,0,1,0,0.0,0.0,0.0,0.18421052631578946,1,0,0,0,1
2240,1,0,0,0.0,0.0,0.0,0.13157894736842105,0,1,0,1,1
2243,1,1,0,0.0,0.0,0.0,0.0,1,1,1,1,0
2245,0,1,0,0.0,0.0,0.0,0.02631578947368421,0,0,0,0,1
2246,1,0,1,0.0,0.0,0.0,0.02631578947368421,0,0,0,0,1
2247,1,0,0,0.15000000000000002,0.0,0.0,0.15789473684210525,0,1,1,1,1
2248,0,0,1,0.0,0.0,0.0,0.02631578947368421,0,0,0,0,1
2250,1,0,0,0.05,0.0,0.11764705882352941,0.39473684210526316,0,1,0,1,1
2252,1,0,0,0.0,0.0,0.0,0.02631578947368421,1,0,0,0,0
2256,1,1,0,0.0,0.0,0.0,0.0,0,0,0,0,0
2258,0,1,1,0.0,0.0,0.0,0.0,0,1,1,1,0
2259,1,0,0,0.0,0.0,0.0,0.13157894736842105,0,0,0,0,0
2261,0,0,0,0.0,0.0,0.0,0.02631578947368421,0,0,0,0,0
2262,1,0,1,0.0,0.0,0.0,0.0,1,1,0,1,0
2263,1,0,0,0.0,0.0,0.0,0.05263157894736842,0,0,0,0,0
2268,0,1,0,0.0,0.0,0.0,0.13157894736842105,0,0,0,0,1
2269,0,0,0,0.0,0.0,0.0,0.02631578947368421,0,0,0,0,0
2271,1,0,0,0.0,0.0,0.058823529411764705,0.18421052631578946,0,1,0,1,1
2272,1,0,0,0.0,0.0,0.0,0.10526315789473684,0,0,0,0,1
2274,1,1,0,0.0,0.0,0.0,0.3684210526315789,1,1,1,1,0
2276,1,0,0,0.0,0.0,0.0,0.15789473684210525,1,0,0,0,0
2277,1,1,0,0.0,0.0,0.058823529411764705,0.13157894736842105,1,1,1,1,1
2278,1,1,0,0.0,0.0,0.0,0.0,1,1,0,1,0
2279,1,0,0,0.0,0.0,0.0,0.05263157894736842,1,0,0,0,1
2280,1,0,1,0.45,0.0,0.0,0.23684210526315788,0,1,0,1,0
2281,1,0,0,0.0,0.0,0.0,0.0,1,1,0,1,0
2282,1,0,0,0.0,0.0,0.0,0.05263157894736842,0,0,0,0,0
2283,1,0,0,0.0,0.0,0.0,0.21052631578947367,1,1,1,1,1
2284,1,1,0,0.0,0.0,0.0,0.0,1,0,0,0,0
2285,1,0,0,0.0,0.0,0.0,0.18421052631578946,0,0,0,0,0
2286,1,0,0,0.0,0.0,0.0,0.05263157894736842,1,0,0,0,0
2287,1,0,0,0.05,0.0,0.058823529411764705,0.3157894736842105,1,1,0,1,1
2289,0,1,1,0.0,0.15384615384615385,0.058823529411764705,0.07894736842105263,1,1,1,1,1
2290,1,0,0,0.0,0.0,0.0,0.02631578947368421,0,1,0,1,0
2291,1,1,0,0.0,0.0,0.0,0.02631578947368421,1,0,0,0,0
2292,1,1,0,0.0,0.0,0.0,0.0,0,0,0,0,0
2293,1,1,0,0.0,0.0,0.0,0.0,0,0,0,0,0
2294,1,1,1,0.0,0.0,0.0,0.0,0,0,0,0,0
2297,1,1,1,0.0,0.0,0.0,0.13157894736842105,0,1,1,1,1
2299,1,1,0,0.0,0.0,0.0,0.10526315789473684,0,1,0,1,1
2300,1,1,0,0.0,0.0,0.0,0.3421052631578947,0,1,0,1,0
2301,1,0,1,0.0,0.23076923076923078,0.0,0.13157894736842105,0,1,0,1,1
2303,0,1,0,0.0,0.0,0.0,0.0,1,0,0,0,0
2306,1,1,0,0.0,0.0,0.0,0.02631578947368421,1,0,0,0,0
2307,1,1,0,0.0,0.0,0.0,0.2894736842105263,1,0,0,0,1
2309,0,0,1,0.0,0.0,0.0,0.0,0,1,0,1,0
2310,1,0,0,0.0,0.0,0.0,0.07894736842105263,0,0,0,0,0
2311,1,0,0,0.0,0.0,0.0,0.05263157894736842,0,1,1,1,0
2314,1,0,0,0.0,0.0,0.0,0.07894736842105263,1,0,0,0,0
2316,1,1,0,0.0,0.0,0.0,0.0,1,0,0,0,0
2317,1,0,0,0.0,0.0,0.0,0.15789473684210525,0,1,0,1,0
2318,1,1,1,0.0,0.0,0.0,0.0,0,1,0,1,0
2320,0,0,1,0.0,0.0,0.058823529411764705,0.0,0,1,0,1,0
2321,1,0,0,0.0,0.0,0.0,0.18421052631578946,1,1,1,1,0
2322,1,0,0,0.0,0.0,0.0,0.39473684210526316,0,0,0,0,1
2324,1,0,1,0.0,0.0,0.0,0.0,1,1,0,1,0
2326,1,0,0,0.0,0.0,0.0,0.3157894736842105,0,1,0,0,1
2327,1,0,0,0.2,0.0,0.058823529411764705,0.3684210526315789,0,1,0,1,1
2328,1,0,1,0.0,0.0,0.0,0.0,1,0,0,0,0
2329,1,0,0,0.0,0.3076923076923077,0.23529411764705882,0.3684210526315789,0,1,0,1,1
2332,1,1,0,0.0,0.0,0.0,0.0,0,0,0,0,0
2334,1,0,0,0.0,0.0,0.0,0.02631578947368421,0,1,1,1,0
2335,1,0,0,0.0,0.0,0.0,0.10526315789473684,0,1,1,1,0
2336,1,0,1,0.1,0.0,0.0,0.05263157894736842,0,1,0,1,1
2338,1,0,0,0.0,0.0,0.0,0.0,1,0,0,0,0
2339,0,1,0,0.0,0.0,0.0,0.02631578947368421,0,1,0,1,1
2342,0,0,0,0.0,0.0,0.0,0.2894736842105263,0,0,0,0,1
2343,1,1,0,0.0,0.0,0.0,0.07894736842105263,0,0,0,0,0
2344,0,0,1,0.0,0.0,0.0,0.05263157894736842,1,1,0,1,1
2349,1,0,0,0.0,0.0,0.0,0.07894736842105263,0,0,0,0,1
2350,1,0,0,0.0,0.0,0.0,0.18421052631578946,1,1,0,1,1
2352,1,0,0,0.0,0.0,0.0,0.0,1,0,0,0,0
2353,1,1,0,0.0,0.0,0.0,0.0,1,0,0,0,0
2354,1,0,1,0.0,0.0,0.0,0.0,0,1,0,1,0
2355,1,0,1,0.0,0.0,0.0,0.0,1,1,0,1,0
2356,1,1,0,0.0,0.0,0.0,0.15789473684210525,0,1,0,1,0
2357,1,0,0,0.0,0.0,0.0,0.05263157894736842,1,0,0,0,0
2360,1,0,1,0.0,0.0,0.0,0.05263157894736842,0,0,0,0,0
2361,0,1,0,0.0,0.0,0.0,0.05263157894736842,1,1,0,1,0
2363,1,1,0,0.0,0.0,0.0,0.13157894736842105,0,0,0,0,0
2365,1,1,0,0.0,0.0,0.0,0.02631578947368421,0,0,0,0,0
2366,1,0,0,0.0,0.0,0.0,0.0,1,0,0,0,0
2367,0,1,0,0.0,0.0,0.0,0.05263157894736842,0,1,1,1,0
2370,0,0,0,0.0,0.0,0.0,0.0,1,0,0,0,0
2371,1,1,0,0.0,0.0,0.0,0.05263157894736842,1,0,0,0,0
2372,1,0,0,0.0,0.0,0.0,0.0,0,0,0,0,1
2374,1,0,1,0.0,0.0,0.0,0.0,1,1,0,0,0
2376,1,0,0,0.0,0.07692307692307693,0.1764705882352941,0.3684210526315789,0,1,0,1,1
2380,0,0,0,0.0,0.0,0.0,0.05263157894736842,1,0,0,0,0
2381,1,0,0,0.0,0.0,0.0,0.02631578947368421,0,1,0,1,0
2382,1,0,0,0.0,0.0,0.0,0.631578947368421,0,1,0,1,0
2383,1,0,0,0.0,0.0,0.0,0.0,0,0,0,0,0
2385,0,0,1,0.0,0.0,0.1764705882352941,0.05263157894736842,0,1,0,1,1
2386,1,0,0,0.0,0.0,0.0,0.0,1,1,0,1,0
2387,1,1,1,0.0,0.0,0.0,0.0,0,1,1,1,1
2388,1,0,0,0.0,0.0,0.0,0.0,0,0,0,0,1
2389,1,0,0,0.0,0.0,0.0,0.07894736842105263,1,0,0,0,0
2390,1,0,0,0.1,0.0,0.0,0.39473684210526316,0,1,0,1,1
2392,1,0,0,0.0,0.0,0.058823529411764705,0.2631578947368421,0,1,0,1,0
2393,1,0,1,0.0,0.0,0.0,0.0,0,0,0,0,0
2394,1,1,0,0.0,0.0,0.0,0.05263157894736842,0,1,0,1,0
2396,0,1,0,0.0,0.0,0.0,0.0,1,0,0,0,0
2398,0,1,0,0.0,0.0,0.0,0.02631578947368421,0,0,0,0,0
2399,1,0,0,0.0,0.0,0.0,0.05263157894736842,1,1,0,1,0
2400,1,0,0,0.0,0.15384615384615385,0.11764705882352941,0.2894736842105263,0,0,0,0,1
2401,1,0,0,0.0,0.0,0.0,0.05263157894736842,1,0,0,0,0
2402,1,0,0,0.0,0.0,0.058823529411764705,0.39473684210526316,0,1,0,1,1
2404,1,0,0,0.1,0.0,0.0,0.13157894736842105,0,0,0,0,1
2405,0,0,1,0.0,0.0,0.0,0.0,0,0,0,0,0
2406,0,0,0,0.0,0.0,0.0,0.02631578947368421,0,0,0,0,0
2407,1,0,1,0.0,0.0,0.0,0.0,0,1,0,1,0
2408,0,1,0,0.0,0.0,0.0,0.02631578947368421,1,0,0,0,0
2410,0,0,0,0.0,0.0,0.0,0.05263157894736842,1,0,0,0,0
2411,0,0,0,0.0,0.07692307692307693,0.0,0.15789473684210525,0,0,0,0,0
2412,1,1,0,0.0,0.07692307692307693,0.0,0.15789473684210525,0,0,0,0,0
2415,1,0,0,0.0,0.0,0.0,0.02631578947368421,1,0,0,0,0
2416,0,1,0,0.0,0.0,0.0,0.02631578947368421,1,1,0,1,0
2418,1,1,0,0.0,0.0,0.0,0.0,0,0,0,0,0
2420,1,1,0,0.0,0.0,0.0,0.0,1,1,1,1,0
2421,1,1,0,0.0,0.0,0.0,0.02631578947368421,1,0,0,0,0
2422,1,0,0,0.0,0.0,0.0,0.02631578947368421,0,0,0,0,0
2425,1,1,0,0.0,0.0,0.0,0.2894736842105263,0,1,1,1,1
2426,1,1,0,0.0,0.0,0.0,0.13157894736842105,0,1,0,1,0
2427,1,0,0,0.0,0.0,0.0,0.23684210526315788,0,1,0,1,1
2428,1,0,0,0.0,0.3076923076923077,1.0,0.3157894736842105,0,0,0,0,1
2429,1,1,0,0.0,0.0,0.0,0.02631578947368421,0,0,0,0,0
2430,1,0,0,0.0,0.0,0.0,0.21052631578947367,0,1,0,1,0
2431,0,1,1,0.0,0.0,0.0,0.0,0,0,0,0,0
2432,1,0,0,0.0,0.0,0.0,0.0,0,0,0,0,0
2437,1,0,0,0.0,0.0,0.0,0.07894736842105263,0,0,0,0,0
2438,1,0,0,0.0,0.0,0.0,0.0,1,0,0,0,0
2439,0,0,0,0.0,0.0,0.0,0.02631578947368421,1,0,0,0,0
2441,1,0,0,0.0,0.0,0.0,0.0,0,0,0,0,0
2442,1,0,1,0.0,0.15384615384615385,0.058823529411764705,0.21052631578947367,0,1,1,1,1
2443,1,0,0,0.0,0.0,0.0,0.07894736842105263,0,0,0,0,0
2444,1,0,0,0.0,0.0,0.0,0.05263157894736842,1,0,0,0,0
2445,1,0,0,0.0,0.0,0.0,0.13157894736842105,0,1,0,1,0
2446,1,1,1,0.0,0.0,0.0,0.0,0,1,0,1,0
2448,1,0,1,0.0,0.0,0.0,0.0,0,1,0,1,1
2451,1,1,0,0.0,0.0,0.0,0.0,1,0,0,0,0
2453,0,1,0,0.0,0.0,0.0,0.13157894736842105,1,1,0,1,1
2454,1,0,0,0.0,0.0,0.0,0.02631578947368421,0,0,0,0,0
2456,1,1,0,0.0,0.0,0.0,0.23684210526315788,0,0,0,0,0
2457,1,0,0,0.0,0.0,0.0,0.0,1,0,0,0,0
2459,1,0,0,0.0,0.0,0.0,0.0,0,0,0,0,0
2460,1,1,0,0.0,0.0,0.0,0.07894736842105263,0,1,0,1,0
2462,1,0,0,0.0,0.0,0.0,0.02631578947368421,1,0,0,0,0
2464,1,0,0,0.0,0.0,0.0,0.3157894736842105,0,0,0,0,1
2465,1,0,0,0.0,0.0,0.0,0.05263157894736842,0,0,0,0,1
2467,1,0,0,0.0,0.0,0.0,0.15789473684210525,0,0,0,0,0
2470,1,0,0,0.0,0.0,0.0,0.21052631578947367,0,0,0,0,0
2471,1,0,0,0.0,0.0,0.0,0.10526315789473684,0,0,0,0,0
2472,1,1,0,0.0,0.0,0.11764705882352941,0.23684210526315788,1,0,0,0,1
2474,1,0,0,0.0,0.0,0.0,0.21052631578947367,0,1,1,1,1
2475,1,0,0,0.0,0.0,0.0,0.02631578947368421,0,0,0,0,0
2476,1,0,0,0.0,0.07692307692307693,0.058823529411764705,0.3421052631578947,0,1,0,1,1
2477,1,1,0,0.05,0.0,0.0,0.23684210526315788,0,1,0,1,0
2478,1,0,0,0.0,0.0,0.0,0.0,0,0,0,0,0
2479,1,0,0,0.0,0.0,0.0,0.21052631578947367,1,1,0,1,1
2480,1,0,0,0.0,0.0,0.0,0.02631578947368421,0,0,0,0,0
2482,1,0,0,0.0,0.0,0.0,0.0,1,0,0,0,0
2484,1,1,0,0.0,0.0,0.0,0.0,1,0,0,0,0
2485,0,0,0,0.0,0.0,0.0,0.05263157894736842,0,0,0,0,0
2486,0,1,0,0.0,0.0,0.0,0.18421052631578946,1,0,0,0,0
2487,1,0,0,0.0,0.0,0.0,0.02631578947368421,0,1,1,1,0
2488,0,1,0,0.0,0.0,0.0,0.0,1,1,0,1,0
2489,1,0,1,0.0,0.0,0.0,0.0,0,0,0,0,0
2490,1,0,0,0.0,0.0,0.0,0.21052631578947367,0,1,0,1,0
2493,0,1,0,0.0,0.0,0.0,0.15789473684210525,0,1,0,1,0
2494,0,0,1,0.0,0.0,0.0,0.05263157894736842,0,1,0,1,1
2495,1,1,1,0.0,0.0,0.0,0.0,0,0,0,0,0
2496,1,0,1,0.0,0.0,0.0,0.02631578947368421,0,0,0,0,1
2497,1,0,0,0.0,0.0,0.0,0.05263157894736842,0,0,0,0,0
2498,1,1,0,0.0,0.0,0.0,0.05263157894736842,1,0,0,0,0
2499,1,1,0,0.0,0.0,0.0,0.07894736842105263,0,1,0,1,1
2501,1,0,1,0.0,0.0,0.0,0.0,0,0,0,0,0
2502,1,0,0,0.0,0.0,0.0,0.0,0,0,0,0,0
2503,0,0,0,0.0,0.0,0.0,0.18421052631578946,0,1,0,1,0
2504,1,1,1,0.0,0.0,0.058823529411764705,0.0,1,1,0,1,0
2507,1,0,0,0.0,0.0,0.0,0.13157894736842105,1,0,0,0,0
2509,1,0,1,0.0,0.0,0.0,0.02631578947368421,0,1,1,1,0
2511,1,0,0,0.0,0.0,0.058823529411764705,0.05263157894736842,1,0,0,0,0
2512,1,0,0,0.0,0.15384615384615385,0.0,0.5526315789473684,0,1,0,1,1
2513,1,0,1,0.0,0.0,0.058823529411764705,0.3421052631578947,0,1,0,1,1
2514,1,0,0,0.0,0.07692307692307693,0.0,0.6052631578947368,0,1,0,1,1
2515,1,0,0,0.1,0.07692307692307693,0.0,0.2894736842105263,0,0,0,0,1
2516,1,0,1,0.0,0.0,0.0,0.02631578947368421,0,0,0,0,0
2517,1,0,0,0.0,0.0,0.0,0.23684210526315788,0,0,0,0,0
2518,1,0,0,0.0,0.0,0.23529411764705882,0.13157894736842105,0,0,0,0,1
2519,1,0,0,0.05,0.23076923076923078,0.0,0.631578947368421,0,1,1,1,1
2520,1,0,0,0.0,0.0,0.0,0.13157894736842105,0,1,0,1,0
2521,0,0,1,0.0,0.0,0.0,0.02631578947368421,0,0,0,0,0
2523,1,0,0,0.0,0.0,0.0,0.5,0,0,0,0,0
2524,1,0,1,0.0,0.0,0.0,0.0,1,0,0,0,0
2525,1,1,0,0.0,0.0,0.0,0.0,0,0,0,0,0
2526,1,1,0,0.0,0.0,0.0,0.0,1,0,0,0,0
2527,1,0,0,0.0,0.0,0.0,0.15789473684210525,0,1,0,1,1
2529,1,0,0,0.0,0.0,0.0,0.0,1,1,0,1,0
2530,1,0,1,0.0,0.0,0.1764705882352941,0.0,0,1,0,1,0
2532,1,0,0,0.0,0.07692307692307693,0.0,0.15789473684210525,1,0,0,0,1
2533,1,1,1,0.0,0.0,0.0,0.0,1,1,1,1,0
2534,1,1,0,0.0,0.0,0.0,0.02631578947368421,0,1,0,1,0
2536,1,0,0,0.0,0.0,0.0,0.7105263157894737,1,0,0,0,1
2537,0,0,0,0.0,0.0,0.0,0.0,1,0,0,0,0
2538,1,1,0,0.0,0.0,0.0,0.02631578947368421,1,0,0,0,0
2539,0,0,0,0.0,0.0,0.0,0.10526315789473684,1,1,1,1,1
2540,1,1,1,0.0,0.0,0.0,0.0,0,0,0,0,0
2541,1,1,0,0.0,0.0,0.0,0.02631578947368421,0,0,0,0,0
2542,1,0,0,0.0,0.0,0.0,0.15789473684210525,0,1,1,1,0
2543,1,0,0,0.1,0.23076923076923078,0.0,0.631578947368421,0,0,0,0,1
2544,1,1,0,0.0,0.0,0.0,0.3421052631578947,0,1,0,1,1
2546,1,0,0,0.0,0.0,0.0,0.0,0,0,0,0,0
2548,1,0,0,0.0,0.0,0.0,0.02631578947368421,0,1,1,1,0
2549,1,0,0,0.0,0.0,0.0,0.02631578947368421,1,0,0,0,0
2550,1,1,0,0.0,0.0,0.0,0.0,0,0,0,0,0
2554,0,1,0,0.0,0.0,0.0,0.21052631578947367,0,0,0,0,0
2556,1,0,1,0.0,0.0,0.0,0.0,0,0,0,0,1
2557,1,0,0,0.0,0.0,0.0,0.3684210526315789,0,0,0,0,1
2560,1,1,1,0.0,0.0,0.0,0.0,0,1,1,1,1
2561,0,1,0,0.0,0.0,0.0,0.05263157894736842,0,1,0,1,1
2562,1,0,0,0.0,0.0,0.058823529411764705,0.18421052631578946,1,0,0,0,0
2564,1,0,0,0.0,0.0,0.0,0.07894736842105263,1,1,0,1,0
2566,1,0,0,0.0,0.0,0.058823529411764705,0.05263157894736842,1,1,0,0,1
2567,1,1,0,0.0,0.0,0.0,0.02631578947368421,1,0,0,0,0
2568,1,0,0,0.0,0.0,0.0,0.3684210526315789,0,1,0,1,1
2569,1,1,0,0.0,0.0,0.0,0.0,1,0,0,0,0
2571,1,0,1,0.0,0.07692307692307693,0.0,0.10526315789473684,0,1,0,1,1
2572,0,0,0,0.0,0.0,0.0,0.05263157894736842,0,1,0,1,0
2573,0,1,0,0.0,0.0,0.0,0.10526315789473684,0,1,0,1,0
2574,1,1,1,0.0,0.0,0.058823529411764705,0.05263157894736842,0,1,0,0,1
2575,0,1,0,0.0,0.0,0.0,0.02631578947368421,0,1,0,1,0
2576,1,1,1,0.0,0.07692307692307693,0.0,0.02631578947368421,0,1,0,1,0
2578,1,0,0,0.0,0.0,0.0,0.6052631578947368,0,1,0,1,0
2579,0,0,0,0.0,0.0,0.0,0.0,1,0,0,0,0
2580,1,1,0,0.0,0.0,0.0,0.02631578947368421,0,0,0,0,0
2581,1,0,0,0.0,0.0,0.0,0.18421052631578946,0,1,0,1,1
2582,1,1,0,0.0,0.0,0.0,0.13157894736842105,1,0,0,0,0
2583,0,1,0,0.0,0.0,0.0,0.10526315789473684,0,0,0,0,0
2584,1,0,1,0.0,0.0,0.0,0.07894736842105263,0,0,0,0,1
2586,1,1,0,0.0,0.0,0.0,0.02631578947368421,0,0,0,0,0
2588,1,0,0,0.0,0.0,0.0,0.07894736842105263,0,0,0,0,0
2589,0,0,0,0.0,0.0,0.0,0.13157894736842105,0,0,0,0,0
2591,1,0,1,0.0,0.0,0.0,0.07894736842105263,1,1,0,1,0
2592,1,1,0,0.0,0.0,0.0,0.0,1,1,0,1,0
2593,0,0,0,0.0,0.0,0.0,0.07894736842105263,0,0,0,0,0
2594,1,0,0,0.0,0.0,0.0,0.02631578947368421,0,0,0,0,0
2595,0,0,0,0.0,0.0,0.0,0.0,1,0,0,0,0
2599,0,0,0,0.0,0.0,0.0,0.02631578947368421,1,0,0,0,0
2602,1,0,0,0.0,0.0,0.0,0.15789473684210525,0,0,0,0,0
2604,1,0,0,0.0,0.0,0.0,0.18421052631578946,0,1,0,1,0
2605,1,0,0,0.0,0.0,0.0,0.02631578947368421,1,0,0,0,1
2606,1,0,0,0.0,0.0,0.0,0.2631578947368421,0,0,0,0,1
2607,0,1,0,0.0,0.0,0.0,0.0,1,0,0,0,0
2608,1,0,0,0.0,0.0,0.0,0.0,1,1,0,1,0
2609,1,0,0,0.0,0.0,0.058823529411764705,0.23684210526315788,0,0,0,0,1
2610,1,0,0,0.0,0.0,0.0,0.02631578947368421,0,0,0,0,0
2611,0,0,0,0.0,0.0,0.0,0.02631578947368421,1,1,0,0,0
2612,1,0,0,0.0,0.0,0.0,0.02631578947368421,0,0,0,0,0
2613,1,1,0,0.0,0.0,0.0,0.0,0,0,0,0,0
2614,1,1,0,0.0,0.0,0.0,0.15789473684210525,0,0,0,0,0
2615,1,0,0,0.0,0.0,0.0,0.0,0,0,0,0,0
2616,1,0,1,0.0,0.0,0.0,0.05263157894736842,0,0,0,0,0
2618,1,0,0,0.0,0.0,0.0,0.7105263157894737,0,1,0,1,1
2619,1,0,0,0.0,0.0,0.0,0.07894736842105263,0,0,0,0,0
2620,1,0,0,0.0,0.0,0.058823529411764705,0.18421052631578946,1,1,0,1,1
2621,1,1,0,0.0,0.0,0.0,0.02631578947368421,0,1,1,1,1
2623,1,0,0,0.0,0.0,0.0,0.21052631578947367,0,0,0,0,0
2624,1,0,0,0.0,0.0,0.0,0.0,0,1,1,1,0
2625,1,0,0,0.0,0.0,0.0,0.07894736842105263,1,0,0,0,0
2630,1,0,0,0.0,0.07692307692307693,0.0,0.21052631578947367,0,1,0,0,0
2632,1,1,0,0.0,0.0,0.0,0.10526315789473684,0,0,0,0,0
2633,1,0,0,0.0,0.0,0.0,0.39473684210526316,0,1,0,1,1
2634,1,1,0,0.0,0.0,0.0,0.18421052631578946,0,1,1,1,0
2637,1,1,0,0.0,0.0,0.0,0.18421052631578946,0,1,1,1,1
2638,1,1,1,0.0,0.0,0.1764705882352941,0.0,1,0,0,0,0
2639,1,0,0,0.0,0.0,0.0,0.0,1,0,0,0,0
2641,1,0,0,0.0,0.0,0.0,0.0,1,0,0,0,0
2642,1,0,1,0.05,0.0,0.0,0.02631578947368421,0,1,1,0,1
2643,1,1,0,0.0,0.0,0.0,0.0,0,0,0,0,0
2644,1,1,0,0.0,0.0,0.0,0.02631578947368421,1,1,0,1,0
2645,0,0,0,0.0,0.0,0.0,0.23684210526315788,0,0,0,0,0
2649,1,1,0,0.0,0.0,0.0,0.02631578947368421,0,0,0,0,0
2650,0,0,0,0.0,0.0,0.0,0.0,0,0,0,0,0
2651,1,0,0,0.0,0.0,0.0,0.10526315789473684,1,0,0,0,0
2652,1,0,0,0.0,0.0,0.0,0.13157894736842105,0,0,0,0,1
2654,1,0,0,0.0,0.0,0.0,0.07894736842105263,1,0,0,0,1
2655,1,0,1,0.0,0.0,0.0,0.0,0,0,0,0,0
2656,1,1,0,0.0,0.0,0.0,0.02631578947368421,0,0,0,0,0
2657,1,0,0,0.0,0.0,0.0,0.02631578947368421,1,0,0,0,0
2658,1,1,0,0.0,0.0,0.0,0.05263157894736842,0,0,0,0,0
2661,0,1,0,0.0,0.0,0.0,0.2894736842105263,0,1,0,1,1
2662,1,0,1,0.0,0.0,0.0,0.05263157894736842,0,0,0,0,0
2664,1,0,0,0.0,0.0,0.0,0.0,0,1,1,1,1
2666,0,0,0,0.0,0.0,0.0,0.13157894736842105,0,1,0,1,0
2667,1,1,1,0.0,0.0,0.0,0.0,0,0,0,0,0
2668,0,1,0,0.0,0.07692307692307693,0.0,0.07894736842105263,0,0,0,0,0
2669,1,1,0,0.0,0.0,0.0,0.10526315789473684,1,0,0,0,0
2671,1,0,0,0.0,0.15384615384615385,0.058823529411764705,0.18421052631578946,0,1,0,1,1
2672,1,0,0,0.05,0.0,0.0,0.13157894736842105,0,1,1,1,1
2673,1,0,1,0.0,0.07692307692307693,0.058823529411764705,0.02631578947368421,0,1,1,0,0
2676,1,1,0,0.0,0.0,0.0,0.05263157894736842,0,1,1,1,0
2677,1,1,1,0.0,0.0,0.0,0.05263157894736842,0,0,0,0,0
2678,1,0,1,0.0,0.0,0.0,0.0,1,0,0,0,0
2679,0,1,0,0.0,0.0,0.0,0.0,1,0,0,0,0
2680,1,0,0,0.0,0.0,0.0,0.0,0,0,0,0,1
2681,1,0,0,0.0,0.0,0.0,0.02631578947368421,0,0,0,0,0
2682,1,0,0,0.0,0.0,0.0,0.02631578947368421,0,0,0,0,0
2683,1,1,0,0.0,0.0,0.0,0.0,1,0,0,0,0
2685,0,0,1,0.0,0.0,0.0,0.0,0,0,0,0,0
2686,0,0,0,0.0,0.0,0.0,0.02631578947368421,1,0,0,0,0
2687,1,1,0,0.0,0.0,0.0,0.0,1,0,0,0,0
2688,1,0,0,0.0,0.0,0.058823529411764705,0.07894736842105263,0,1,1,1,0
2689,0,0,0,0.0,0.0,0.0,0.05263157894736842,1,0,0,0,0
2690,0,1,0,0.0,0.0,0.0,0.10526315789473684,0,1,0,1,0
2691,1,0,0,0.0,0.0,0.0,0.0,1,0,0,0,0
2692,1,0,0,0.0,0.0,0.0,0.07894736842105263,0,1,0,1,0
2696,1,0,0,0.0,0.0,0.0,0.05263157894736842,0,0,0,0,0
2697,1,0,0,0.0,0.0,0.0,0.2894736842105263,1,0,0,0,1
2698,0,1,0,0.0,0.0,0.0,0.0,0,1,0,1,0
2700,1,0,1,0.0,0.0,0.0,0.0,0,0,0,0,0
2703,1,0,0,0.0,0.0,0.0,0.07894736842105263,0,0,0,0,1
2704,1,0,0,0.0,0.0,0.0,0.0,0,1,0,1,0
2706,0,0,0,0.0,0.0,0.0,0.02631578947368421,0,0,0,0,0
2707,1,1,0,0.0,0.0,0.0,0.15789473684210525,0,0,0,0,1
2708,1,0,0,0.0,0.0,0.058823529411764705,0.13157894736842105,1,0,0,0,0
2711,1,1,0,0.0,0.0,0.0,0.0,0,1,0,1,0
2713,1,1,0,0.0,0.0,0.0,0.10526315789473684,1,0,0,0,0
2714,1,0,0,0.0,0.0,0.0,0.02631578947368421,1,0,0,0,0
2716,1,1,0,0.0,0.0,0.0,0.13157894736842105,0,1,0,1,0
2718,0,0,0,0.0,0.0,0.0,0.0,0,1,0,1,0
2719,1,0,1,0.0,0.0,0.0,0.02631578947368421,0,1,0,1,0
2720,1,0,0,0.0,0.0,0.0,0.02631578947368421,1,0,0,0,0
2721,1,0,0,1.0,0.0,0.0,0.631578947368421,0,1,1,1,1
2722,1,0,0,0.0,0.07692307692307693,0.0,0.3157894736842105,0,0,0,0,1
2723,1,0,0,0.0,0.0,0.0,0.10526315789473684,0,1,0,1,0
2724,1,1,0,0.0,0.0,0.0,0.15789473684210525,0,1,0,1,0
2728,1,0,1,0.0,0.0,0.0,0.0,1,0,0,0,0
2730,1,0,1,0.0,0.0,0.0,0.07894736842105263,0,1,1,1,0
2731,1,0,0,0.0,0.0,0.0,0.0,0,0,0,0,0
2732,1,0,0,0.0,0.0,0.0,0.6052631578947368,0,1,0,1,1
2733,1,0,0,0.0,0.0,0.0,0.02631578947368421,0,0,0,0,0
2735,1,0,0,0.0,0.07692307692307693,0.0,0.3421052631578947,0,1,1,1,1
2736,1,1,0,0.0,0.0,0.0,0.3684210526315789,0,1,0,1,0
2737,1,0,0,0.0,0.0,0.0,0.23684210526315788,0,1,1,1,1
2738,1,0,0,0.0,0.0,0.0,0.0,1,0,0,0,0
2740,1,0,0,0.0,0.0,0.0,0.21052631578947367,0,1,0,1,0
2742,0,1,0,0.0,0.0,0.0,0.07894736842105263,0,1,0,1,1
2745,1,1,0,0.0,0.0,0.0,0.0,0,0,0,0,1
2746,1,1,0,0.0,0.0,0.0,0.02631578947368421,1,1,0,1,0
2747,1,1,1,0.0,0.0,0.0,0.05263157894736842,0,1,0,1,1
2748,1,1,0,0.0,0.0,0.0,0.0,1,0,0,0,0
2749,1,0,0,0.0,0.0,0.0,0.18421052631578946,1,0,0,0,0
2750,1,0,0,0.0,0.0,0.0,0.13157894736842105,0,0,0,0,1
2751,0,0,0,0.0,0.0,0.0,0.05263157894736842,0,0,0,0,0
2752,1,1,0,0.0,0.0,0.0,0.0,1,0,0,0,0
2753,1,0,0,0.0,0.0,0.0,0.13157894736842105,0,1,0,1,1
2754,0,1,0,0.0,0.0,0.0,0.0,1,0,0,0,1
2758,1,0,0,0.0,0.0,0.0,0.0,0,0,0,0,0
2759,1,1,0,0.0,0.0,0.11764705882352941,0.15789473684210525,1,0,0,0,1
2760,1,0,0,0.0,0.0,0.0,0.05263157894736842,0,0,0,0,0
2762,1,0,1,0.0,0.0,0.0,0.07894736842105263,0,1,0,1,1
2764,1,1,0,0.0,0.0,0.0,0.05263157894736842,1,0,0,0,0
2765,0,0,0,0.0,0.0,0.0,0.0,1,0,0,0,0
2766,1,0,0,0.0,0.0,0.0,0.21052631578947367,0,1,0,1,1
2767,1,1,0,0.0,0.0,0.0,0.05263157894736842,1,1,0,1,0
2770,0,0,1,0.0,0.0,0.0,0.0,0,0,0,0,0
2771,1,1,0,0.0,0.0,0.0,0.07894736842105263,1,0,0,0,0
2772,1,0,1,0.0,0.0,0.0,0.05263157894736842,1,1,0,1,1
2773,0,0,0,0.0,0.0,0.0,0.3684210526315789,1,1,0,1,1
2775,1,1,0,0.0,0.0,0.0,0.23684210526315788,1,1,0,1,1
2776,1,1,0,0.0,0.0,0.0,0.23684210526315788,1,0,0,0,0
2777,1,0,0,0.0,0.0,0.0,0.02631578947368421,1,0,0,0,0
2779,0,1,0,0.0,0.0,0.0,0.07894736842105263,0,0,0,0,0
2780,1,1,0,0.0,0.0,0.0,0.0,1,0,0,0,0
2782,1,0,0,0.1,0.0,0.0,0.5,1,1,1,1,1
2786,1,0,0,0.0,0.0,0.0,0.02631578947368421,0,1,0,0,0
2787,0,0,0,0.0,0.0,0.0,0.0,0,1,0,1,0
2788,1,1,0,0.0,0.0,0.0,0.0,0,0,0,0,0
2789,1,0,1,0.0,0.0,0.0,0.0,1,1,1,1,0
2790,1,1,0,0.0,0.0,0.0,0.0,1,0,0,0,0
2792,1,0,0,0.0,0.0,0.0,0.13157894736842105,1,0,0,0,1
2793,1,0,0,0.2,0.07692307692307693,0.0,0.2894736842105263,0,0,0,0,1
2794,1,1,0,0.0,0.07692307692307693,0.1764705882352941,0.10526315789473684,1,1,0,1,0
2797,1,0,0,0.0,0.0,0.0,0.0,1,1,0,1,0
2800,1,0,1,0.0,0.0,0.0,0.0,1,0,0,0,1
2802,1,1,0,0.0,0.0,0.0,0.0,1,0,0,0,0
2804,1,0,0,0.0,0.0,0.0,0.2631578947368421,1,1,0,1,0
2805,1,0,0,0.0,0.0,0.0,0.10526315789473684,0,0,0,0,1
2807,1,0,1,0.0,0.0,0.0,0.2894736842105263,0,1,1,1,1
2808,1,0,0,0.0,0.0,0.0,0.02631578947368421,0,1,0,0,0
2809,1,0,1,0.0,0.0,0.0,0.0,0,0,0,0,0
2813,1,0,0,0.1,0.07692307692307693,0.0,0.21052631578947367,1,1,1,1,1
2814,1,1,0,0.0,0.0,0.0,0.13157894736842105,1,1,0,1,0
2817,1,1,0,0.0,0.0,0.0,0.02631578947368421,0,0,0,0,1
2819,1,0,1,0.0,0.0,0.0,0.0,0,1,0,1,1
2820,1,1,0,0.0,0.0,0.0,0.0,1,0,0,0,0
2821,0,1,0,0.0,0.0,0.058823529411764705,0.07894736842105263,0,0,0,0,0
2824,1,0,0,0.0,0.0,0.0,0.23684210526315788,0,1,0,1,1
2825,1,1,1,0.0,0.0,0.0,0.02631578947368421,0,1,0,1,0
2828,0,0,1,0.0,0.0,0.0,0.0,1,1,1,1,1
2829,1,0,0,0.0,0.0,0.058823529411764705,0.02631578947368421,0,0,0,0,0
2830,1,0,0,0.0,0.0,0.0,0.10526315789473684,0,0,0,0,0
2834,1,0,0,0.0,0.0,0.0,0.02631578947368421,0,0,0,0,0
2835,1,1,0,0.0,0.0,0.0,0.2631578947368421,0,1,0,1,0
2836,1,0,0,0.0,0.0,0.0,0.02631578947368421,0,1,0,1,0
2837,0,0,0,0.0,0.0,0.0,0.07894736842105263,1,0,0,0,0
2841,1,1,1,0.0,0.07692307692307693,0.11764705882352941,0.07894736842105263,1,0,0,0,0
2842,1,0,1,0.0,0.0,0.0,0.0,0,1,1,1,0
2843,1,1,0,0.0,0.0,0.0,0.0,1,0,0,0,0
2844,1,0,1,0.0,0.0,0.0,0.07894736842105263,0,1,0,1,1
2845,1,1,0,0.0,0.0,0.0,0.2631578947368421,0,1,0,1,1
2846,1,1,0,0.0,0.0,0.0,0.02631578947368421,0,1,0,1,0
2848,1,1,1,0.0,0.0,0.0,0.0,1,1,1,1,1
2851,1,0,0,0.0,0.0,0.0,0.15789473684210525,0,0,0,0,0
2852,1,0,0,0.0,0.0,0.0,0.0,0,0,0,0,1
2854,1,0,0,0.0,0.0,0.0,0.5,0,1,0,1,1
2855,0,0,0,0.0,0.0,0.0,0.02631578947368421,1,1,0,1,0
2856,1,0,0,0.0,0.0,0.0,0.15789473684210525,0,0,0,0,0
2857,1,0,0,0.0,0.0,0.058823529411764705,0.05263157894736842,0,0,0,0,1
2859,1,1,0,0.0,0.0,0.0,0.2894736842105263,0,1,0,1,1
2860,1,0,0,0.0,0.0,0.0,0.0,0,0,0,0,0
2862,1,0,0,0.0,0.0,0.0,0.02631578947368421,0,1,0,1,0
2863,1,0,1,0.0,0.15384615384615385,0.0,0.07894736842105263,0,1,0,1,0
2864,1,0,0,0.0,0.0,0.0,0.18421052631578946,0,1,1,1,0
2865,1,0,1,0.0,0.0,0.0,0.05263157894736842,0,1,1,1,0
2867,1,1,0,0.0,0.0,0.0,0.0,0,0,0,0,0
2868,1,1,1,0.0,0.0,0.0,0.0,1,0,0,0,1
2869,1,0,0,0.0,0.0,0.0,0.0,1,0,0,0,0
2870,1,0,1,0.0,0.0,0.0,0.05263157894736842,1,1,1,1,1
2871,1,0,1,0.0,0.0,0.058823529411764705,0.0,0,1,0,1,1
2873,1,1,0,0.1,0.0,0.058823529411764705,0.39473684210526316,0,1,0,1,1
2874,1,0,0,0.0,0.0,0.0,0.05263157894736842,1,1,0,1,0
2875,1,0,0,0.0,0.0,0.0,0.2631578947368421,0,1,0,1,1
2876,0,0,1,0.0,0.0,0.0,0.10526315789473684,1,1,0,1,1
2879,1,1,0,0.0,0.0,0.0,0.0,1,0,0,0,0
2880,1,1,0,0.0,0.0,0.0,0.21052631578947367,0,0,0,0,0
2882,1,1,0,0.0,0.0,0.0,0.13157894736842105,0,1,0,1,0
2883,1,0,0,0.0,0.0,0.0,0.3684210526315789,0,1,0,1,1
2885,1,0,0,0.0,0.07692307692307693,0.0,0.3421052631578947,0,1,0,1,1
2886,1,0,0,0.0,0.0,0.0,0.23684210526315788,0,1,0,1,1
2887,1,0,0,0.0,0.0,0.0,0.0,1,0,0,0,0
2890,0,0,0,0.0,0.0,0.0,0.5526315789473684,0,1,0,1,1
2891,1,0,1,0.0,0.0,0.0,0.02631578947368421,1,1,1,1,0
2892,1,0,0,0.0,0.0,0.0,0.02631578947368421,0,0,0,0,0
2893,1,0,0,0.0,0.0,0.0,0.10526315789473684,0,0,0,0,1
2896,1,0,0,0.0,0.0,0.0,0.13157894736842105,0,1,0,1,0
2897,1,1,0,0.0,0.0,0.0,0.02631578947368421,0,1,0,1,1
2898,0,1,0,0.0,0.0,0.0,0.0,1,0,0,0,0
2899,1,1,0,0.0,0.07692307692307693,0.0,0.2894736842105263,0,1,0,1,1
2900,1,0,1,0.0,0.0,0.0,0.07894736842105263,1,0,0,0,1
2901,1,0,0,0.0,0.0,0.0,0.15789473684210525,0,1,0,1,1
2902,1,1,0,0.0,0.0,0.0,0.0,1,0,0,0,0
2903,1,0,0,0.0,0.0,0.058823529411764705,0.05263157894736842,0,1,0,1,0
2907,1,0,1,0.0,0.0,0.0,0.07894736842105263,0,1,0,1,0
2908,1,0,1,0.0,0.0,0.0,0.0,0,0,0,0,0
2910,1,1,0,0.0,0.0,0.0,0.0,1,0,0,0,0
2911,1,0,0,0.0,0.0,0.0,0.0,1,1,1,1,0
2913,1,0,0,0.0,0.23076923076923078,0.0,0.47368421052631576,1,0,0,0,1
2914,1,0,0,0.0,0.0,0.0,0.02631578947368421,0,0,0,0,1
2915,1,1,0,0.0,0.0,0.0,0.05263157894736842,0,1,0,1,0
2917,1,1,0,0.0,0.0,0.058823529411764705,0.07894736842105263,1,1,0,0,0
2918,0,0,0,0.0,0.0,0.0,0.10526315789473684,0,1,0,1,0
2922,1,0,0,0.0,0.0,0.0,0.13157894736842105,1,0,0,0,1
2923,1,0,0,0.0,0.0,0.0,0.0,1,0,0,0,0
2925,1,0,0,0.0,0.0,0.0,0.0,1,0,0,0,0
2926,1,0,1,0.0,0.0,0.0,0.0,0,1,0,1,0
2927,1,0,0,0.0,0.0,0.0,0.18421052631578946,0,1,0,1,0
2928,1,0,0,0.0,0.0,0.0,0.02631578947368421,1,0,0,0,0
2929,1,1,1,0.0,0.0,0.0,0.0,0,0,0,0,0
2930,1,0,0,0.0,0.0,0.0,0.2631578947368421,1,1,0,1,1
2931,1,0,0,0.0,0.0,0.0,0.0,0,0,0,0,0
2932,1,0,0,0.0,0.0,0.0,0.05263157894736842,0,0,0,0,0
2933,1,0,0,0.0,0.0,0.0,0.21052631578947367,0,1,0,1,1
2934,1,0,0,0.0,0.0,0.0,0.02631578947368421,0,1,0,1,0
2935,1,1,0,0.0,0.0,0.0,0.0,1,0,0,0,0
2936,1,0,0,0.0,0.07692307692307693,0.0,0.02631578947368421,0,0,0,0,0
2937,1,1,1,0.0,0.0,0.0,0.0,0,1,0,1,0
2938,1,0,0,0.0,0.0,0.0,0.02631578947368421,0,0,0,0,0
2939,0,0,1,0.0,0.0,0.0,0.15789473684210525,1,0,0,0,0
2943,1,1,0,0.0,0.0,0.0,0.0,0,0,0,0,0
2946,1,1,0,0.0,0.0,0.0,0.02631578947368421,0,0,0,0,0
2949,1,1,0,0.0,0.0,0.0,0.02631578947368421,0,1,0,1,0
2951,1,0,0,0.0,0.0,0.0,0.0,0,0,0,0,0
2952,1,0,1,0.0,0.0,0.0,0.0,0,0,0,0,0
2954,1,1,1,0.0,0.0,0.0,0.0,0,0,0,0,0
2955,1,0,0,0.0,0.0,0.0,0.02631578947368421,1,0,0,0,0
2956,1,1,0,0.0,0.0,0.0,0.23684210526315788,1,0,0,0,0
2959,1,0,0,0.0,0.0,0.0,0.05263157894736842,1,0,0,0,1
2961,1,0,0,0.0,0.0,0.0,0.0,0,1,0,1,0
2962,1,0,0,0.0,0.0,0.0,0.02631578947368421,1,0,0,0,0
2963,1,1,0,0.0,0.0,0.0,0.0,0,0,0,0,0
2964,1,1,1,0.0,0.0,0.0,0.02631578947368421,0,1,0,1,0
2965,1,0,0,0.0,0.0,0.0,0.07894736842105263,1,0,0,0,0
2968,1,0,0,0.0,0.0,0.0,0.10526315789473684,1,1,0,1,0
2969,1,1,0,0.0,0.0,0.0,0.07894736842105263,1,1,1,1,0
2970,1,0,0,0.0,0.0,0.0,0.0,0,0,0,0,0
2972,1,0,0,0.0,0.0,0.0,0.0,0,0,0,0,0
2973,0,0,1,0.0,0.0,0.0,0.05263157894736842,0,1,0,1,0
2974,1,0,0,0.0,0.0,0.0,0.21052631578947367,0,1,1,1,0
2976,1,0,0,0.0,0.0,0.0,0.13157894736842105,1,1,0,0,0
2977,0,0,0,0.0,0.0,0.0,0.02631578947368421,1,0,0,0,1
2979,1,0,0,0.0,0.0,0.0,0.23684210526315788,0,0,0,0,1
2982,1,0,0,0.0,0.0,0.0,0.13157894736842105,0,1,0,1,1
2983,0,1,0,0.0,0.0,0.0,0.0,0,0,0,0,0
2984,1,0,0,0.0,0.0,0.0,0.13157894736842105,1,0,0,0,0
2985,1,1,0,0.0,0.0,0.0,0.0,0,1,0,1,0
2988,1,1,0,0.0,0.0,0.0,0.05263157894736842,0,0,0,0,0
2990,1,1,0,0.0,0.0,0.0,0.0,1,0,0,0,0
2991,1,0,0,0.0,0.0,0.0,0.10526315789473684,0,1,0,1,0
2992,0,0,0,0.0,0.0,0.0,0.0,0,0,0,0,0
2993,1,0,1,0.1,0.0,0.0,0.05263157894736842,0,1,0,1,1
2995,1,0,0,0.0,0.0,0.0,0.42105263157894735,0,1,0,0,1
2996,1,0,1,0.0,0.0,0.0,0.0,0,0,0,0,0
2997,1,0,0,0.0,0.0,0.0,0.5526315789473684,0,1,0,1,1
2998,0,0,1,0.0,0.0,0.0,0.0,1,0,0,0,0
3003,1,0,0,0.0,0.0,0.0,0.02631578947368421,0,0,0,0,0
3004,1,0,0,0.0,0.0,0.0,0.21052631578947367,0,1,0,1,1
3005,1,0,1,0.0,0.0,0.0,0.02631578947368421,0,0,0,0,0
3008,1,1,0,0.0,0.0,0.0,0.02631578947368421,1,1,0,1,0
3009,1,0,0,0.0,0.0,0.0,0.21052631578947367,1,0,0,0,0
3010,1,1,0,0.0,0.0,0.0,0.0,1,0,0,0,0
3014,1,0,1,0.0,0.0,0.058823529411764705,0.02631578947368421,0,1,0,1,1
3015,1,1,0,0.0,0.0,0.0,0.02631578947368421,1,1,0,1,0
3019,1,1,0,0.0,0.0,0.0,0.0,1,1,0,1,0
3020,1,0,0,0.0,0.0,0.0,0.05263157894736842,0,0,0,0,1
3021,0,0,0,0.0,0.07692307692307693,0.0,0.2894736842105263,0,1,0,1,1
3022,1,0,0,0.0,0.0,0.0,0.10526315789473684,1,0,0,0,0
3023,1,0,0,0.0,0.07692307692307693,0.0,0.3684210526315789,0,1,0,1,1
3025,1,0,0,0.0,0.0,0.0,0.05263157894736842,0,0,0,0,0
3027,1,0,0,0.0,0.0,0.0,0.13157894736842105,0,1,0,1,0
3029,1,0,0,0.0,0.0,0.0,0.0,0,1,0,1,1
3030,1,0,0,0.0,0.0,0.0,0.3157894736842105,0,0,0,0,0
3031,1,1,0,0.0,0.0,0.0,0.18421052631578946,0,1,0,1,1
3032,1,0,0,0.0,0.0,0.058823529411764705,0.21052631578947367,0,0,0,0,0
3033,1,0,0,0.0,0.0,0.0,0.13157894736842105,0,1,0,0,0
3034,0,0,0,0.0,0.0,0.0,0.02631578947368421,1,0,0,0,0
3035,1,1,0,0.0,0.0,0.0,0.10526315789473684,0,0,0,0,0
3036,0,0,0,0.0,0.0,0.0,0.0,1,0,0,0,0
3037,1,0,1,0.0,0.0,0.0,0.02631578947368421,0,0,0,0,0
3038,0,1,0,0.0,0.0,0.0,0.18421052631578946,1,0,0,0,0
3039,1,1,0,0.0,0.0,0.0,0.02631578947368421,0,1,0,1,0
3040,1,0,0,0.0,0.0,0.0,0.02631578947368421,0,0,0,0,0
3041,1,1,0,0.0,0.0,0.0,0.0,1,1,1,1,0
3042,0,0,0,0.0,0.0,0.0,0.10526315789473684,1,0,0,0,0
3043,1,0,0,0.0,0.0,0.0,0.07894736842105263,0,0,0,0,1
3046,1,0,0,0.0,0.0,0.058823529411764705,0.10526315789473684,0,0,0,0,0
3051,1,0,0,0.0,0.0,0.0,0.0,1,0,0,0,0
3053,1,0,0,0.0,0.0,0.0,0.05263157894736842,1,0,0,0,0
3055,1,0,0,0.0,0.0,0.0,0.13157894736842105,0,0,0,0,0
3056,1,0,0,0.0,0.0,0.0,0.0,0,0,0,0,0
3057,1,0,0,0.0,0.0,0.0,0.10526315789473684,0,1,0,1,1
3058,1,0,0,0.0,0.0,0.0,0.0,1,1,0,0,0
3064,1,1,0,0.0,0.0,0.0,0.02631578947368421,1,0,0,0,0
3066,0,0,0,0.0,0.0,0.0,0.02631578947368421,0,0,0,0,0
3067,1,0,0,0.0,0.07692307692307693,0.0,0.3421052631578947,1,1,0,1,1
3068,1,0,0,0.0,0.0,0.0,0.23684210526315788,0,0,0,0,1
3069,1,1,0,0.0,0.0,0.058823529411764705,0.02631578947368421,0,0,0,0,0
3071,0,0,0,0.0,0.0,0.0,0.10526315789473684,0,1,0,1,0
3074,1,1,0,0.0,0.0,0.0,0.0,0,0,0,0,0
3075,1,1,0,0.0,0.0,0.0,0.13157894736842105,1,0,0,0,0
3078,0,1,0,0.0,0.0,0.0,0.02631578947368421,1,0,0,0,0
3081,1,0,0,0.0,0.0,0.058823529411764705,0.07894736842105263,0,1,0,0,0
3084,0,0,0,0.0,0.0,0.0,0.18421052631578946,1,0,0,0,0
3085,1,0,1,0.0,0.0,0.0,0.0,0,0,0,0,0
3086,1,0,0,0.0,0.0,0.0,0.42105263157894735,0,1,0,1,1
3087,1,0,0,0.0,0.0,0.0,0.05263157894736842,0,1,0,1,1
3089,0,0,1,0.0,0.0,0.0,0.0,1,0,0,0,0
3090,1,0,0,0.0,0.0,0.0,0.02631578947368421,0,0,0,0,0
3093,0,1,1,0.0,0.0,0.0,0.02631578947368421,0,0,0,0,0
3094,1,0,0,0.0,0.0,0.0,0.3421052631578947,1,1,0,1,1
3096,1,0,0,0.0,0.0,0.0,0.0,0,1,0,0,0
3101,1,0,0,0.0,0.0,0.0,0.05263157894736842,0,0,0,0,0
3104,0,0,0,0.0,0.0,0.0,0.0,1,0,0,0,0
3107,1,1,0,0.0,0.0,0.0,0.0,1,0,0,0,0
3110,1,1,1,0.0,0.0,0.058823529411764705,0.0,1,1,1,1,0
3111,1,0,0,0.2,0.0,0.0,0.15789473684210525,1,0,0,0,1
3112,1,0,0,0.0,0.0,0.0,0.0,0,1,0,0,1
3113,1,0,0,0.0,0.0,0.0,0.05263157894736842,0,1,0,1,0
3114,1,0,0,0.0,0.0,0.0,0.05263157894736842,0,1,0,1,1
3115,0,0,0,0.0,0.0,0.0,0.18421052631578946,1,0,0,0,0
3116,1,0,1,0.0,0.0,0.0,0.02631578947368421,0,1,0,1,1
3117,1,0,1,0.0,0.0,0.0,0.07894736842105263,0,1,0,1,0
3118,1,0,0,0.0,0.0,0.0,0.05263157894736842,1,1,0,0,0
3120,1,0,1,0.0,0.0,0.0,0.0,0,1,0,1,0
3122,1,1,0,0.0,0.0,0.058823529411764705,0.05263157894736842,1,1,0,0,0
3129,1,0,0,0.0,0.0,0.0,0.02631578947368421,0,0,0,0,0
3130,1,0,0,0.0,0.0,0.0,0.5,0,1,0,0,0
3131,1,0,0,0.0,0.0,0.0,0.21052631578947367,0,1,0,1,0
3132,1,0,0,0.0,0.0,0.0,0.13157894736842105,0,1,0,1,0
3134,1,0,1,0.0,0.0,0.0,0.02631578947368421,1,1,1,1,0
3135,1,0,0,0.0,0.0,0.058823529411764705,0.18421052631578946,0,0,0,0,1
3136,0,1,0,0.0,0.0,0.0,0.0,1,0,0,0,0
3137,1,1,0,0.0,0.0,0.0,0.05263157894736842,1,1,1,0,1
3138,1,0,0,0.0,0.0,0.0,0.2894736842105263,0,1,0,1,0
3139,1,0,0,0.0,0.0,0.0,0.0,0,0,0,0,1
3143,1,1,0,0.0,0.0,0.0,0.15789473684210525,0,1,0,1,1
3144,1,0,0,0.0,0.0,0.0,1.0,0,1,0,1,1
3145,1,0,0,0.0,0.07692307692307693,0.058823529411764705,0.18421052631578946,0,1,0,1,0
3146,1,0,0,0.0,0.0,0.0,0.0,0,1,1,1,0
3152,0,1,0,0.0,0.0,0.0,0.18421052631578946,0,0,0,0,1
3153,1,1,0,0.0,0.0,0.0,0.0,0,0,0,0,0
3154,1,0,0,0.0,0.0,0.0,0.07894736842105263,0,0,0,0,1
3155,1,0,0,0.0,0.07692307692307693,0.0,0.10526315789473684,0,1,0,1,0
3156,1,1,0,0.0,0.0,0.0,0.10526315789473684,0,0,0,0,0
3157,1,1,1,0.0,0.0,0.0,0.0,0,0,0,0,0
3158,1,0,0,0.0,0.0,0.0,0.02631578947368421,0,0,0,0,1
3159,1,1,0,0.0,0.0,0.0,0.0,0,0,0,0,0
3160,1,0,1,0.0,0.0,0.0,0.02631578947368421,0,1,0,1,0
3161,1,0,0,0.0,0.0,0.0,0.0,0,0,0,0,0
3162,1,1,0,0.0,0.0,0.058823529411764705,0.18421052631578946,1,1,1,1,1
3163,1,1,0,0.0,0.0,0.0,0.0,1,0,0,0,0
3164,1,0,0,0.0,0.15384615384615385,0.058823529411764705,0.3421052631578947,0,1,0,1,0
3165,1,1,0,0.0,0.0,0.0,0.05263157894736842,0,1,0,1,0
3166,1,1,1,0.0,0.0,0.0,0.0,0,1,0,1,0
3168,1,0,0,0.1,0.0,0.0,0.10526315789473684,0,1,0,1,1
3169,1,1,0,0.0,0.0,0.0,0.0,1,0,0,0,0
3170,0,0,0,0.0,0.0,0.0,0.0,1,1,0,1,1
3174,1,0,1,0.0,0.0,0.0,0.0,0,1,1,1,0
3175,1,1,0,0.0,0.0,0.0,0.02631578947368421,1,1,0,1,0
3176,1,0,0,0.0,0.0,0.0,0.10526315789473684,0,0,0,0,0
3177,1,0,0,0.0,0.0,0.0,0.10526315789473684,0,1,1,1,0
3178,1,1,1,0.0,0.0,0.11764705882352941,0.13157894736842105,0,1,1,1,1
3181,1,1,1,0.0,0.0,0.11764705882352941,0.0,0,1,1,1,1
3182,1,0,0,0.0,0.0,0.0,0.05263157894736842,0,0,0,0,0
3183,1,0,0,0.0,0.0,0.0,0.02631578947368421,0,1,0,1,0
3186,0,1,0,0.0,0.0,0.0,0.05263157894736842,0,0,0,0,0
3188,1,0,0,0.0,0.0,0.0,0.05263157894736842,0,0,0,0,0
3189,1,0,0,0.0,0.0,0.0,0.6052631578947368,0,1,0,1,1
3190,1,0,1,0.0,0.0,0.058823529411764705,0.0,0,0,0,0,0
3191,1,0,0,0.0,0.0,0.0,0.10526315789473684,0,0,0,0,0
3192,1,1,0,0.0,0.0,0.0,0.0,1,0,0,0,0
3197,0,0,0,0.0,0.0,0.0,0.0,1,0,0,0,0
3198,1,0,1,0.0,0.0,0.0,0.0,0,0,0,0,0
3200,1,0,0,0.0,0.0,0.0,0.02631578947368421,0,1,1,1,0
3203,0,1,1,0.0,0.0,0.0,0.0,0,0,0,0,1
3204,1,0,1,0.05,0.0,0.0,0.02631578947368421,0,0,0,0,1
3205,1,1,0,0.0,0.0,0.0,0.05263157894736842,1,0,0,0,0
3206,1,0,0,0.0,0.0,0.0,0.23684210526315788,0,0,0,0,0
3207,1,0,0,0.0,0.0,0.0,0.0,1,0,0,0,0
3208,0,0,0,0.0,0.0,0.0,0.0,1,0,0,0,0
3209,1,0,1,0.0,0.0,0.0,0.07894736842105263,0,1,1,0,0
3212,1,0,0,0.0,0.0,0.0,0.0,0,1,0,1,1
3214,0,0,0,0.0,0.0,0.0,0.07894736842105263,1,1,0,1,0
3215,1,1,0,0.0,0.0,0.0,0.0,1,0,0,0,0
3217,1,1,0,0.0,0.0,0.0,0.0,0,0,0,0,0
3218,1,0,0,0.0,0.0,0.0,0.0,1,0,0,0,0
3222,1,0,0,0.0,0.07692307692307693,0.0,0.15789473684210525,0,0,0,0,1
3223,1,1,0,0.0,0.0,0.0,0.23684210526315788,0,1,0,1,1
3225,1,0,1,0.0,0.0,0.0,0.0,0,1,0,1,1
3226,1,0,0,0.0,0.0,0.0,0.10526315789473684,0,1,1,0,1
3227,1,1,0,0.0,0.0,0.0,0.02631578947368421,0,1,0,1,0
3229,1,1,0,0.0,0.0,0.0,0.05263157894736842,0,0,0,0,0
3230,0,0,0,0.0,0.0,0.0,0.10526315789473684,0,0,0,0,0
3232,0,0,0,0.0,0.0,0.0,0.0,0,0,0,0,0
3234,1,1,0,0.0,0.0,0.0,0.21052631578947367,0,0,0,0,0
3236,1,0,0,0.0,0.0,0.0,0.3157894736842105,0,1,1,1,1
3237,1,1,0,0.0,0.0,0.0,0.0,1,0,0,0,0
3238,1,0,0,0.0,0.0,0.058823529411764705,0.2894736842105263,0,1,0,1,1
3240,0,0,0,0.0,0.0,0.0,0.13157894736842105,0,0,0,0,1
3242,1,0,1,0.05,0.0,0.0,0.05263157894736842,0,0,0,0,1
3243,0,0,0,0.0,0.0,0.0,0.02631578947368421,0,1,0,1,1
3246,1,1,0,0.0,0.0,0.0,0.0,1,0,0,0,0
3247,1,1,0,0.0,0.0,0.0,0.02631578947368421,0,0,0,0,0
3248,1,1,0,0.0,0.0,0.0,0.2894736842105263,0,1,0,1,0
3250,1,1,0,0.0,0.0,0.0,0.05263157894736842,0,0,0,0,0
3255,1,0,0,0.0,0.0,0.0,0.10526315789473684,1,1,0,0,0
3259,0,0,0,0.0,0.0,0.0,0.39473684210526316,0,1,0,1,1
3260,1,0,0,0.0,0.0,0.0,0.5526315789473684,0,1,0,1,0
3261,0,1,0,0.0,0.0,0.0,0.02631578947368421,0,0,0,0,0
3262,0,0,0,0.0,0.0,0.0,0.23684210526315788,1,1,1,1,0
3265,0,1,0,0.0,0.0,0.0,0.0,0,0,0,0,0
3267,1,0,0,0.0,0.0,0.0,0.0,1,0,0,0,0
3268,1,1,0,0.0,0.15384615384615385,0.0,0.13157894736842105,1,1,0,1,1
3270,1,0,1,0.0,0.07692307692307693,0.0,0.02631578947368421,0,1,0,1,1
3272,1,0,0,0.0,0.0,0.058823529411764705,0.6842105263157894,0,1,0,1,1
3273,1,0,1,0.0,0.0,0.0,0.02631578947368421,0,1,0,1,1
3274,1,0,1,0.0,0.0,0.0,0.0,0,0,0,0,0
3278,1,0,0,0.0,0.0,0.0,0.10526315789473684,0,1,0,1,1
3280,0,0,0,0.0,0.0,0.0,0.07894736842105263,0,1,0,1,0
3281,1,1,0,0.0,0.0,0.0,0.07894736842105263,0,1,1,1,0
3283,1,1,0,0.0,0.0,0.0,0.0,1,0,0,0,0
3284,1,1,0,0.0,0.0,0.0,0.2894736842105263,0,1,0,1,1
3285,1,0,0,0.0,0.0,0.0,0.13157894736842105,0,1,0,1,0
3286,1,0,0,0.0,0.0,0.0,0.10526315789473684,1,1,0,1,0
3287,1,0,1,0.05,0.0,0.0,0.02631578947368421,0,1,0,1,1
3288,1,0,0,0.0,0.0,0.0,0.47368421052631576,0,1,0,1,0
3289,1,0,0,0.0,0.0,0.0,0.39473684210526316,0,0,0,0,0
3290,1,0,0,0.0,0.0,0.0,0.0,0,0,0,0,0
3291,1,0,0,0.0,0.0,0.0,0.21052631578947367,1,1,0,1,0
3292,1,0,0,0.0,0.0,0.0,0.07894736842105263,0,0,0,0,0
3293,0,1,0,0.0,0.0,0.0,0.0,0,0,0,0,0
3294,0,0,1,0.0,0.0,0.0,0.0,1,1,0,1,0
3295,1,0,0,0.0,0.0,0.0,0.0,1,0,0,0,0
3298,1,1,0,0.0,0.0,0.0,0.15789473684210525,1,0,0,0,0
3299,1,0,0,0.0,0.0,0.0,0.07894736842105263,0,1,0,1,0
3300,1,1,0,0.0,0.0,0.0,0.3421052631578947,0,1,0,1,1
3301,0,0,0,0.0,0.0,0.0,0.0,1,0,0,0,0
3302,0,1,0,0.0,0.0,0.0,0.05263157894736842,0,1,0,1,0
3304,1,0,0,0.0,0.0,0.0,0.07894736842105263,0,0,0,0,0
3305,0,1,0,0.0,0.0,0.0,0.07894736842105263,0,1,0,0,0
3306,1,1,0,0.0,0.0,0.0,0.02631578947368421,1,0,0,0,0
3309,1,1,0,0.0,0.0,0.0,0.13157894736842105,0,1,0,1,0
3310,1,0,0,0.0,0.07692307692307693,0.0,0.02631578947368421,1,0,0,0,0
3312,1,1,0,0.0,0.0,0.0,0.02631578947368421,1,0,0,0,0
3314,1,1,0,0.0,0.0,0.0,0.05263157894736842,0,0,0,0,0
3315,1,1,0,0.0,0.0,0.0,0.0,1,0,0,0,0
3316,0,1,0,0.0,0.0,0.0,0.10526315789473684,1,1,0,1,1
3318,1,1,0,0.0,0.0,0.0,0.23684210526315788,0,0,0,0,0
3319,0,1,0,0.0,0.0,0.0,0.0,0,0,0,0,0
3320,1,1,1,0.0,0.0,0.0,0.0,0,0,0,0,0
3322,1,0,1,0.0,0.0,0.0,0.0,0,1,0,1,0
3323,1,0,0,0.0,0.0,0.0,0.10526315789473684,1,1,0,1,1
3324,1,1,0,0.0,0.0,0.0,0.0,1,0,0,0,0
3325,1,0,0,0.0,0.0,0.0,0.0,1,0,0,0,0
3326,1,0,0,0.0,0.0,0.0,0.10526315789473684,0,0,0,0,1
3328,0,0,1,0.05,0.0,0.0,0.02631578947368421,0,1,1,1,0
3329,1,1,0,0.0,0.0,0.0,0.0,1,1,0,1,0
3331,1,0,0,0.0,0.0,0.0,0.07894736842105263,0,1,0,1,1
3332,1,0,0,0.0,0.0,0.0,0.02631578947368421,0,0,0,0,0
3333,1,1,0,0.0,0.0,0.0,0.07894736842105263,0,1,1,1,0
3335,0,0,0,0.0,0.0,0.0,0.0,1,1,0,1,0
3337,1,0,0,0.0,0.0,0.0,0.3684210526315789,0,1,0,1,1
3338,1,0,1,0.0,0.0,0.0,0.0,1,0,0,0,0
3339,1,1,0,0.0,0.0,0.0,0.0,0,0,0,0,0
3340,1,0,0,0.0,0.38461538461538464,0.0,0.9736842105263157,1,1,1,1,1
3341,1,0,1,0.0,0.0,0.0,0.05263157894736842,0,0,0,0,0
3342,1,0,0,0.0,0.0,0.0,0.0,1,1,0,1,0
3343,1,0,1,0.05,0.0,0.0,0.02631578947368421,0,1,1,1,0
3344,1,0,0,0.0,0.0,0.0,0.05263157894736842,0,1,1,1,1
3345,0,1,0,0.0,0.0,0.0,0.05263157894736842,0,0,0,0,0
3347,0,0,0,0.0,0.0,0.0,0.18421052631578946,0,1,0,1,0
3348,1,1,0,0.0,0.0,0.0,0.18421052631578946,0,1,0,1,0
3349,1,0,0,0.0,0.0,0.0,0.0,1,1,0,1,0
3350,1,0,0,0.0,0.0,0.0,0.02631578947368421,0,0,0,0,0
3351,0,0,0,0.0,0.0,0.0,0.07894736842105263,0,1,0,1,0
3354,1,0,0,0.0,0.0,0.0,0.02631578947368421,0,1,0,1,0
3356,1,1,0,0.0,0.0,0.0,0.07894736842105263,0,0,0,0,0
3357,1,0,0,0.0,0.0,0.0,0.0,0,0,0,0,0
3358,1,0,0,0.0,0.0,0.0,0.02631578947368421,0,0,0,0,0
3359,1,0,0,0.0,0.15384615384615385,0.0,0.39473684210526316,0,1,0,1,1
3360,1,0,0,0.0,0.0,0.0,0.15789473684210525,0,1,0,1,1
3361,1,0,0,0.0,0.0,0.0,0.02631578947368421,0,0,0,0,0
3362,1,0,1,0.0,0.0,0.0,0.4473684210526315,0,1,0,1,1
3363,1,0,0,0.0,0.0,0.0,0.0,0,1,0,1,0
3369,1,0,1,0.0,0.0,0.058823529411764705,0.02631578947368421,0,1,0,1,1
3370,0,0,0,0.0,0.0,0.0,0.02631578947368421,0,1,0,1,0
3371,1,0,1,0.0,0.0,0.058823529411764705,0.0,0,0,0,0,0
3375,1,0,0,0.0,0.0,0.0,0.23684210526315788,0,1,0,1,1
3376,0,0,0,0.0,0.0,0.0,0.0,0,0,0,0,0
3377,0,1,0,0.0,0.0,0.0,0.0,0,0,0,0,0
3379,1,0,1,0.0,0.0,0.0,0.02631578947368421,0,0,0,0,0
3380,0,0,0,0.0,0.0,0.0,0.02631578947368421,0,0,0,0,0
3381,1,0,0,0.0,0.0,0.0,0.02631578947368421,1,1,0,1,0
3383,1,0,0,0.0,0.0,0.0,0.2631578947368421,0,1,0,1,0
3384,1,1,1,0.0,0.07692307692307693,0.11764705882352941,0.02631578947368421,0,0,0,0,1
3385,1,0,0,0.05,0.0,0.0,0.18421052631578946,1,0,0,0,1
3386,1,1,0,0.0,0.0,0.0,0.15789473684210525,0,1,1,1,0
3387,1,0,0,0.0,0.0,0.0,0.02631578947368421,1,1,1,1,0
3390,1,1,0,0.0,0.0,0.0,0.0,1,0,0,0,0
3391,0,0,0,0.0,0.0,0.1764705882352941,0.23684210526315788,1,1,0,1,1
3392,1,1,0,0.0,0.0,0.0,0.0,1,0,0,0,0
3393,1,0,0,0.0,0.0,0.0,0.2631578947368421,0,1,0,1,0
3394,1,1,1,0.0,0.0,0.0,0.07894736842105263,0,1,0,1,1
3395,1,0,0,0.0,0.0,0.0,0.0,0,1,0,1,0
3396,1,0,0,0.0,0.0,0.0,0.0,1,0,0,0,0
3397,1,0,0,0.0,0.0,0.0,0.02631578947368421,1,0,0,0,1
3398,1,0,1,0.05,0.15384615384615385,0.11764705882352941,0.07894736842105263,0,1,0,1,1
3399,1,0,0,0.15000000000000002,0.0,0.0,0.3421052631578947,0,0,0,0,1
3401,1,0,0,0.0,0.0,0.0,0.07894736842105263,1,1,0,1,0
3403,1,0,0,0.0,0.0,0.0,0.13157894736842105,0,1,0,1,0
3404,1,0,0,0.0,0.0,0.0,0.05263157894736842,0,0,0,0,0
3405,0,0,0,0.0,0.07692307692307693,0.0,0.18421052631578946,0,0,0,0,0
3406,1,1,1,0.0,0.0,0.0,0.0,1,1,1,1,1
3407,1,1,0,0.0,0.0,0.0,0.02631578947368421,1,0,0,0,0
3408,0,1,1,0.0,0.0,0.0,0.0,0,1,0,1,0
3409,1,0,1,0.0,0.0,0.0,0.0,1,0,0,0,0
3410,1,0,0,0.0,0.0,0.0,0.02631578947368421,0,0,0,0,0
3411,0,1,0,0.0,0.0,0.0,0.0,0,0,0,0,0
3412,1,1,0,0.0,0.0,0.0,0.0,1,0,0,0,0
3413,1,1,0,0.0,0.0,0.0,0.0,0,1,0,1,0
3415,1,0,0,0.0,0.0,0.0,0.05263157894736842,0,1,0,1,0
3417,1,1,0,0.0,0.0,0.0,0.07894736842105263,0,0,0,0,0
3418,1,0,0,0.0,0.0,0.0,0.07894736842105263,1,1,1,1,0
3419,1,0,0,0.0,0.0,0.0,0.18421052631578946,0,1,0,1,0
3420,1,0,0,0.0,0.0,0.0,0.02631578947368421,0,0,0,0,0
3422,1,1,0,0.0,0.0,0.0,0.0,0,1,0,1,0
3423,0,1,0,0.0,0.0,0.0,0.05263157894736842,0,0,0,0,0
3425,1,0,1,0.05,0.0,0.0,0.15789473684210525,0,1,0,1,1
3426,1,0,0,0.0,0.07692307692307693,0.0,0.5526315789473684,0,1,0,1,1
3427,0,1,0,0.0,0.0,0.0,0.0,1,0,0,0,0
3429,1,0,1,0.0,0.0,0.0,0.0,0,1,0,1,0
3431,0,0,0,0.0,0.0,0.0,0.0,1,0,0,0,0
3434,1,0,0,0.0,0.0,0.0,0.6578947368421052,0,1,1,1,1
3437,0,1,1,0.0,0.0,0.0,0.0,0,0,0,0,0
3438,1,1,0,0.0,0.0,0.0,0.0,1,1,0,1,0
3439,1,1,0,0.0,0.0,0.0,0.0,0,0,0,0,0
3440,1,0,1,0.0,0.0,0.0,0.02631578947368421,1,1,0,1,1
3441,1,1,0,0.0,0.0,0.0,0.0,0,1,0,1,1
3442,1,0,0,0.0,0.0,0.0,0.2894736842105263,0,1,0,1,1
3444,1,1,0,0.0,0.0,0.0,0.0,0,1,0,1,0
3445,1,1,0,0.0,0.0,0.0,0.02631578947368421,1,0,0,0,0
3446,1,0,0,0.0,0.0,0.0,0.05263157894736842,1,1,0,1,0
3448,0,0,0,0.0,0.0,0.0,0.3157894736842105,0,1,0,1,1
3449,1,0,0,0.0,0.0,0.0,0.5,1,1,0,1,1
3451,1,1,0,0.0,0.0,0.0,0.05263157894736842,1,0,0,0,0
3452,1,0,0,0.0,0.0,0.0,0.07894736842105263,0,0,0,0,0
3453,1,0,0,0.0,0.0,0.0,0.39473684210526316,0,1,0,1,0
3454,1,0,0,0.0,0.0,0.0,0.23684210526315788,0,1,0,1,0
3455,0,0,0,0.0,0.0,0.0,0.02631578947368421,0,0,0,0,0
3456,1,0,1,0.0,0.07692307692307693,0.0,0.02631578947368421,1,1,1,0,1
3457,1,0,0,0.0,0.0,0.0,0.02631578947368421,0,0,0,0,0
3458,1,1,0,0.0,0.0,0.0,0.02631578947368421,1,0,0,0,0
3460,1,0,1,0.0,0.0,0.0,0.07894736842105263,0,1,0,1,0
3462,1,1,0,0.0,0.0,0.0,0.02631578947368421,1,1,1,1,0
3463,1,1,0,0.0,0.0,0.0,0.02631578947368421,0,0,0,0,0
3464,1,1,1,0.0,0.0,0.058823529411764705,0.02631578947368421,0,1,0,1,0
3465,1,0,0,0.0,0.0,0.0,0.05263157894736842,0,0,0,0,0
3468,1,0,0,0.0,0.0,0.0,0.07894736842105263,0,1,1,1,1
3470,1,0,1,0.0,0.0,0.0,0.02631578947368421,0,1,0,1,0
3474,1,1,0,0.0,0.0,0.0,0.10526315789473684,0,1,0,1,0
3475,1,1,0,0.0,0.0,0.0,0.13157894736842105,0,0,0,0,0
3476,1,0,0,0.0,0.0,0.0,0.15789473684210525,1,1,0,1,1
3479,0,0,1,0.05,0.0,0.0,0.10526315789473684,0,1,0,1,1
3480,1,0,0,0.0,0.0,0.0,0.02631578947368421,1,0,0,0,0
3481,0,0,0,0.0,0.0,0.0,0.05263157894736842,1,1,0,1,0
3483,1,1,0,0.0,0.0,0.0,0.0,1,0,0,0,0
3484,1,0,0,0.0,0.0,0.0,0.5789473684210527,0,1,0,1,1
3485,1,0,0,0.0,0.0,0.0,0.10526315789473684,0,1,0,1,0
3487,1,1,0,0.0,0.0,0.0,0.18421052631578946,0,0,0,0,0
3488,1,1,0,0.0,0.0,0.0,0.05263157894736842,0,0,0,0,0
3489,0,0,1,0.0,0.0,0.0,0.02631578947368421,0,0,0,0,1
3491,1,0,0,0.0,0.0,0.0,0.0,1,0,0,0,0
3492,1,0,1,0.0,0.0,0.0,0.07894736842105263,0,0,0,0,1
3493,1,0,0,0.0,0.0,0.0,0.05263157894736842,0,0,0,0,0
3498,1,0,0,0.0,0.0,0.0,0.18421052631578946,0,1,0,1,0
3499,0,0,0,0.0,0.23076923076923078,0.11764705882352941,0.3684210526315789,0,1,1,1,1
3500,1,1,0,0.0,0.0,0.0,0.05263157894736842,1,0,0,0,0
3501,1,0,1,0.0,0.0,0.0,0.15789473684210525,0,1,0,1,1
3502,1,0,0,0.0,0.0,0.0,0.02631578947368421,0,1,0,1,0
3504,1,0,0,0.0,0.0,0.0,0.05263157894736842,1,0,0,0,0
3506,1,0,0,0.0,0.0,0.0,0.18421052631578946,1,0,0,0,1
3507,1,0,0,0.0,0.0,0.0,0.0,0,0,0,0,0
3508,0,0,1,0.0,0.0,0.0,0.0,0,0,0,0,0
3510,1,1,0,0.05,0.0,0.0,0.2631578947368421,1,1,0,1,1
3511,1,1,1,0.0,0.0,0.0,0.0,0,0,0,0,0
3512,1,0,0,0.0,0.0,0.0,0.13157894736842105,0,1,1,1,1
3515,1,1,0,0.0,0.0,0.0,0.10526315789473684,1,0,0,0,0
3516,1,0,0,0.0,0.0,0.0,0.02631578947368421,0,1,1,1,0
3517,1,0,0,0.0,0.0,0.0,0.02631578947368421,0,1,0,1,0
3519,1,0,0,0.0,0.0,0.0,0.21052631578947367,0,1,0,1,0
3521,1,0,1,0.0,0.07692307692307693,0.0,0.02631578947368421,0,1,0,1,1
3523,1,1,0,0.0,0.0,0.0,0.02631578947368421,0,0,0,0,0
3525,1,1,0,0.0,0.0,0.0,0.13157894736842105,0,0,0,0,0
3528,0,0,1,0.0,0.0,0.0,0.0,0,0,0,0,0
3529,1,0,0,0.0,0.0,0.0,0.0,0,0,0,0,0
3531,0,1,0,0.0,0.0,0.0,0.05263157894736842,0,0,0,0,0
3533,1,1,0,0.0,0.23076923076923078,0.0,0.21052631578947367,0,1,1,1,1
3534,1,1,0,0.0,0.0,0.0,0.02631578947368421,1,0,0,0,0
3535,1,1,0,0.0,0.0,0.0,0.05263157894736842,0,0,0,0,0
3536,1,1,0,0.0,0.0,0.0,0.0,0,1,1,1,0
3538,1,0,1,0.0,0.0,0.0,0.02631578947368421,0,0,0,0,0
3539,1,0,0,0.0,0.0,0.0,0.07894736842105263,0,0,0,0,0
3540,1,1,1,0.0,0.0,0.0,0.0,0,1,0,0,0
3541,1,0,0,0.0,0.0,0.0,0.10526315789473684,1,0,0,0,0
3542,1,1,1,0.0,0.0,0.058823529411764705,0.0,0,1,1,1,0
3543,0,1,0,0.0,0.0,0.0,0.10526315789473684,0,1,0,1,0
3544,1,0,1,0.0,0.0,0.0,0.02631578947368421,0,1,1,1,0
3546,1,0,1,0.0,0.0,0.0,0.0,0,0,0,0,0
3547,1,0,0,0.0,0.0,0.0,0.07894736842105263,0,0,0,0,0
3550,1,0,0,0.0,0.0,0.0,0.18421052631578946,0,1,0,1,1
3551,1,0,1,0.0,0.0,0.0,0.02631578947368421,0,1,0,1,0
3552,1,1,0,0.0,0.0,0.0,0.0,1,0,0,0,0
3554,1,1,0,0.0,0.0,0.0,0.07894736842105263,0,0,0,0,0
3556,1,0,0,0.0,0.0,0.0,0.0,0,0,0,0,0
3557,1,0,1,0.05,0.0,0.0,0.02631578947368421,0,1,0,1,1
3560,1,1,0,0.0,0.0,0.0,0.10526315789473684,0,0,0,0,0
3562,1,0,0,0.0,0.0,0.0,0.0,0,0,0,0,0
3563,1,0,0,0.0,0.0,0.0,0.4473684210526315,0,1,0,1,1
3564,1,0,0,0.0,0.0,0.058823529411764705,0.21052631578947367,0,1,0,1,1
3566,1,1,1,0.0,0.0,0.0,0.02631578947368421,0,0,0,0,1
3568,1,1,0,0.0,0.0,0.0,0.23684210526315788,0,0,0,0,1
3570,1,1,0,0.0,0.0,0.0,0.0,1,1,1,1,0
3571,1,1,0,0.0,0.0,0.0,0.02631578947368421,1,1,1,1,1
3573,1,0,0,0.0,0.0,0.0,0.02631578947368421,0,0,0,0,0
3574,1,0,1,0.0,0.0,0.058823529411764705,0.05263157894736842,0,1,0,1,0
3576,1,1,0,0.0,0.0,0.0,0.10526315789473684,0,0,0,0,0
3577,1,0,0,0.0,0.0,0.0,0.10526315789473684,0,0,0,0,0
3578,1,0,0,0.0,0.0,0.0,0.05263157894736842,0,1,1,1,0
3582,0,0,0,0.0,0.0,0.0,0.0,1,1,0,1,0
3584,1,1,0,0.0,0.0,0.0,0.0,1,0,0,0,0
3585,1,1,0,0.0,0.0,0.0,0.02631578947368421,1,1,0,1,0
3591,1,0,0,0.0,0.0,0.0,0.05263157894736842,0,0,0,0,0
3593,1,1,0,0.0,0.0,0.0,0.02631578947368421,0,0,0,0,0
3594,1,0,0,0.0,0.0,0.0,0.02631578947368421,1,1,0,1,0
3596,1,1,0,0.0,0.0,0.0,0.0,0,0,0,0,0
3597,1,1,1,0.0,0.0,0.1764705882352941,0.07894736842105263,1,1,1,1,0
3598,1,0,0,0.0,0.0,0.0,0.02631578947368421,0,0,0,0,0
3600,1,0,0,0.0,0.0,0.0,0.02631578947368421,0,0,0,0,0
3601,0,0,0,0.0,0.0,0.0,0.2631578947368421,1,1,0,1,1
3602,1,0,0,0.0,0.0,0.0,0.2631578947368421,1,1,1,1,1
3603,1,0,0,0.0,0.0,0.0,0.15789473684210525,0,1,0,1,0
3604,1,0,0,0.0,0.0,0.0,0.02631578947368421,0,0,0,0,0
3605,1,0,0,0.0,0.0,0.0,0.0,0,0,0,0,0
3607,1,1,0,0.0,0.0,0.0,0.07894736842105263,1,1,0,1,0
3611,1,1,0,0.0,0.0,0.0,0.2631578947368421,0,0,0,0,0
3614,1,0,0,0.0,0.0,0.0,0.02631578947368421,0,1,0,1,1
3616,1,0,0,0.05,0.0,0.0,0.2631578947368421,0,1,0,1,1
3617,1,0,0,0.0,0.0,0.0,0.10526315789473684,1,0,0,0,0
3618,1,1,0,0.0,0.0,0.0,0.2631578947368421,0,1,0,1,1
3619,1,0,0,0.0,0.0,0.0,0.10526315789473684,0,0,0,0,0
3620,0,1,0,0.0,0.0,0.0,0.0,1,0,0,0,0
3622,1,0,0,0.0,0.0,0.0,0.07894736842105263,1,1,0,0,1
3624,1,0,1,0.0,0.0,0.0,0.02631578947368421,0,1,0,1,1
3626,1,1,0,0.0,0.0,0.0,0.0,0,0,0,0,1
3627,1,1,0,0.15000000000000002,0.0,0.0,0.42105263157894735,1,0,0,0,1
3628,1,0,1,0.0,0.07692307692307693,0.1764705882352941,0.10526315789473684,0,1,1,1,0
3629,1,0,1,0.0,0.0,0.0,0.0,0,1,0,1,1
3630,1,1,0,0.0,0.0,0.0,0.0,0,0,0,0,0
3631,0,1,0,0.0,0.0,0.0,0.0,1,0,0,0,0
3634,1,1,0,0.0,0.0,0.0,0.0,0,0,0,0,0
3635,0,0,1,0.0,0.0,0.0,0.05263157894736842,0,0,0,0,0
3636,0,0,0,0.0,0.0,0.0,0.18421052631578946,0,0,0,0,0
3639,1,0,0,0.0,0.0,0.0,0.0,1,0,0,0,0
3641,1,1,0,0.0,0.0,0.0,0.0,1,0,0,0,0
3642,1,0,0,0.0,0.0,0.0,0.07894736842105263,0,1,0,1,0
3643,1,0,1,0.0,0.0,0.0,0.02631578947368421,0,1,0,1,0
3645,1,1,0,0.0,0.0,0.0,0.0,1,0,0,0,0
3646,1,1,0,0.0,0.0,0.0,0.2894736842105263,0,1,0,1,1
3647,1,0,1,0.0,0.0,0.0,0.0,0,0,0,0,0
3648,1,0,0,0.0,0.0,0.0,0.2631578947368421,0,1,0,1,0
3649,1,0,0,0.0,0.0,0.0,0.10526315789473684,0,1,1,1,1
3652,1,0,0,0.0,0.0,0.0,0.02631578947368421,0,1,0,1,0
3653,1,0,0,0.0,0.0,0.0,0.0,0,0,0,0,0
3655,1,0,0,0.0,0.0,0.0,0.02631578947368421,0,0,0,0,0
3656,1,0,1,0.0,0.0,0.0,0.0,1,0,0,0,1
3657,0,0,0,0.0,0.0,0.0,0.0,1,0,0,0,0
3658,1,0,0,0.0,0.0,0.0,0.0,1,0,0,0,0
3659,1,1,0,0.0,0.0,0.0,0.02631578947368421,0,0,0,0,0
3660,1,0,0,0.0,0.0,0.0,0.05263157894736842,0,0,0,0,0
3661,1,0,0,0.0,0.0,0.0,0.42105263157894735,0,1,0,1,0
3662,1,0,0,0.0,0.0,0.0,0.10526315789473684,0,0,0,0,1
3663,1,0,0,0.0,0.0,0.0,0.21052631578947367,0,1,0,0,0
3666,0,0,0,0.0,0.0,0.0,0.0,1,0,0,0,0
3667,1,0,0,0.0,0.0,0.0,0.02631578947368421,1,0,0,0,0
3668,1,0,0,0.0,0.0,0.0,0.10526315789473684,1,0,0,0,0
3669,0,1,0,0.0,0.0,0.0,0.3157894736842105,0,1,1,1,1
3671,1,1,0,0.0,0.0,0.0,0.0,1,0,0,0,0
3673,1,0,0,0.0,0.0,0.0,0.0,0,0,0,0,0
3674,0,0,0,0.0,0.0,0.0,0.0,0,0,0,0,0
3675,1,0,0,0.0,0.0,0.0,0.23684210526315788,0,1,1,1,0
3676,1,0,0,0.0,0.0,0.0,0.02631578947368421,0,0,0,0,0
3678,1,1,0,0.0,0.0,0.0,0.02631578947368421,0,0,0,0,0
3679,0,1,0,0.0,0.0,0.0,0.0,1,1,0,1,0
3681,0,0,0,0.0,0.0,0.0,0.21052631578947367,0,0,0,0,1
3684,1,0,0,0.0,0.07692307692307693,0.11764705882352941,0.13157894736842105,0,1,1,1,1
3685,1,0,0,0.0,0.0,0.0,0.02631578947368421,1,1,1,1,1
3687,1,0,0,0.0,0.0,0.0,0.3421052631578947,0,1,0,1,0
3691,1,0,1,0.0,0.0,0.0,0.0,1,1,1,1,1
3692,1,0,0,0.0,0.0,0.0,0.21052631578947367,0,1,0,1,0
3693,1,0,1,0.0,0.0,0.0,0.0,1,0,0,0,0
3696,1,0,1,0.0,0.07692307692307693,0.0,0.02631578947368421,0,1,0,0,1
3697,1,1,0,0.0,0.0,0.0,0.0,1,0,0,0,0
3698,1,1,0,0.0,0.0,0.0,0.0,0,0,0,0,0
3699,1,1,0,0.0,0.0,0.0,0.02631578947368421,0,0,0,0,0
3700,1,0,1,0.0,0.0,0.0,0.02631578947368421,0,1,0,1,0
3701,1,0,0,0.0,0.0,0.0,0.7894736842105263,0,0,0,0,0
3702,1,1,0,0.0,0.0,0.0,0.13157894736842105,0,1,0,1,1
3703,1,1,0,0.0,0.0,0.0,0.0,1,0,0,0,0
3704,0,0,0,0.0,0.0,0.0,0.0,0,0,0,0,0
3705,1,1,0,0.0,0.0,0.0,0.05263157894736842,1,0,0,0,0
3706,0,0,0,0.0,0.0,0.0,0.02631578947368421,0,0,0,0,0
3709,0,0,0,0.0,0.0,0.0,0.0,0,0,0,0,0
3710,1,0,1,0.05,0.0,0.058823529411764705,0.02631578947368421,0,1,0,1,1
3711,1,1,0,0.0,0.0,0.0,0.0,0,1,0,1,0
3712,1,0,0,0.0,0.0,0.0,0.05263157894736842,0,0,0,0,0
3713,1,0,0,0.0,0.0,0.0,0.02631578947368421,0,1,0,1,0
3714,1,1,0,0.0,0.0,0.0,0.02631578947368421,1,0,0,0,0
3716,1,0,0,0.0,0.0,0.0,0.10526315789473684,0,0,0,0,1
3719,1,0,1,0.0,0.07692307692307693,0.0,0.05263157894736842,0,0,0,0,1
3720,1,1,0,0.0,0.0,0.0,0.8684210526315789,0,1,0,1,1
3721,0,1,0,0.0,0.0,0.0,0.02631578947368421,0,0,0,0,0
3722,1,0,1,0.0,0.0,0.0,0.02631578947368421,1,1,0,1,1
3724,1,0,0,0.0,0.0,0.0,0.02631578947368421,1,0,0,0,0
3725,1,0,1,0.0,0.0,0.11764705882352941,0.10526315789473684,0,1,0,1,1
3726,0,0,0,0.0,0.0,0.0,0.0,0,0,0,0,0
3728,1,0,0,0.0,0.0,0.0,0.0,1,0,0,0,0
3729,1,0,0,0.0,0.0,0.0,0.0,0,0,0,0,0
3730,1,0,1,0.0,0.0,0.0,0.0,0,1,0,1,0
3732,1,0,0,0.0,0.0,0.0,0.02631578947368421,1,0,0,0,0
3736,1,1,0,0.0,0.0,0.0,0.10526315789473684,0,0,0,0,0
3737,0,1,0,0.0,0.0,0.0,0.0,0,0,0,0,0
3738,1,1,0,0.0,0.0,0.0,0.3684210526315789,0,0,0,0,1
3739,1,1,0,0.0,0.0,0.0,0.02631578947368421,1,0,0,0,0
3740,0,0,1,0.0,0.0,0.0,0.05263157894736842,0,0,0,0,0
3741,1,0,0,0.0,0.0,0.0,0.39473684210526316,0,0,0,0,0
3742,1,0,0,0.0,0.0,0.0,0.15789473684210525,0,1,0,1,1
3743,1,0,1,0.0,0.0,0.0,0.02631578947368421,0,0,0,0,0
3744,1,0,0,0.0,0.0,0.0,0.02631578947368421,1,0,0,0,0
3745,1,1,0,0.0,0.0,0.0,0.05263157894736842,0,1,0,1,0
3747,1,1,0,0.0,0.0,0.0,0.02631578947368421,1,0,0,0,0
3749,1,0,0,0.0,0.0,0.0,0.02631578947368421,0,1,0,1,1
3751,1,0,0,0.1,0.0,0.0,0.47368421052631576,1,1,0,1,1
3754,1,0,1,0.0,0.0,0.0,0.02631578947368421,0,1,0,1,0
3757,1,1,0,0.0,0.0,0.0,0.02631578947368421,0,1,0,1,0
3758,1,0,0,0.0,0.0,0.0,0.07894736842105263,1,0,0,0,0
3759,0,0,0,0.0,0.0,0.0,0.3684210526315789,0,0,0,0,1
3761,1,0,0,0.0,0.0,0.0,0.18421052631578946,0,1,1,1,0
3763,1,0,0,0.0,0.15384615384615385,0.11764705882352941,0.5263157894736842,0,1,0,1,1
3765,1,1,0,0.0,0.0,0.0,0.0,0,1,0,1,1
3766,1,1,1,0.0,0.0,0.0,0.0,1,1,0,1,0
3767,1,1,0,0.0,0.0,0.0,0.05263157894736842,0,1,0,1,0
3768,0,0,0,0.0,0.0,0.0,0.02631578947368421,1,0,0,0,0
3769,1,1,0,0.0,0.0,0.0,0.0,1,0,0,0,0
3771,1,0,0,0.0,0.07692307692307693,0.11764705882352941,0.13157894736842105,0,1,0,1,1
3772,1,1,1,0.0,0.0,0.0,0.07894736842105263,0,1,0,1,0
3773,1,0,1,0.0,0.0,0.0,0.0,1,0,0,0,1
3774,1,1,0,0.0,0.0,0.0,0.0,1,0,0,0,0
3776,0,1,0,0.0,0.0,0.0,0.0,1,0,0,0,0
3778,1,1,0,0.0,0.0,0.0,0.02631578947368421,1,1,0,1,0
3779,1,0,0,0.0,0.0,0.0,0.02631578947368421,1,0,0,0,0
3780,1,1,1,0.0,0.0,0.0,0.05263157894736842,1,0,0,0,0
3781,1,0,0,0.0,0.0,0.0,0.3684210526315789,0,0,0,0,0
3782,1,0,0,0.0,0.0,0.0,0.42105263157894735,0,1,0,1,1
3783,1,1,0,0.0,0.0,0.0,0.0,0,0,0,0,0
3785,1,1,1,0.0,0.07692307692307693,0.058823529411764705,0.02631578947368421,1,1,0,0,0
3787,1,0,0,0.0,0.0,0.0,0.02631578947368421,0,1,0,1,1
3788,1,1,0,0.0,0.0,0.0,0.0,0,0,0,0,0
3789,1,1,0,0.0,0.0,0.0,0.0,0,0,0,0,0
3790,1,1,0,0.0,0.0,0.0,0.02631578947368421,0,0,0,0,0
3792,1,1,0,0.0,0.0,0.0,0.15789473684210525,0,0,0,0,0
3793,1,1,0,0.0,0.0,0.0,0.02631578947368421,0,1,0,1,0
3794,1,0,0,0.0,0.0,0.0,0.0,0,1,0,1,1
3797,1,0,0,0.05,0.0,0.0,0.18421052631578946,0,1,0,0,0
3799,1,0,0,0.0,0.0,0.0,0.0,1,0,0,0,0
3800,1,0,0,0.0,0.0,0.0,0.21052631578947367,0,1,1,1,1
3801,1,1,0,0.0,0.0,0.0,0.0,1,0,0,0,0
3802,1,0,0,0.0,0.0,0.0,0.0,1,1,0,1,0
3804,1,0,0,0.0,0.0,0.0,0.02631578947368421,1,0,0,0,0
3805,1,1,0,0.0,0.0,0.0,0.0,0,1,0,1,0
3807,0,1,0,0.0,0.0,0.0,0.02631578947368421,1,1,0,1,0
3809,1,1,0,0.0,0.0,0.0,0.23684210526315788,1,1,1,1,0
3811,1,0,0,0.0,0.0,0.0,0.05263157894736842,0,1,0,1,0
3812,1,0,0,0.0,0.0,0.0,0.02631578947368421,0,1,0,1,0
3814,1,0,0,0.0,0.0,0.0,0.05263157894736842,0,0,0,0,0
3816,1,0,1,0.0,0.0,0.0,0.13157894736842105,1,1,1,1,1
3817,0,0,1,0.0,0.23076923076923078,0.058823529411764705,0.10526315789473684,1,1,0,1,1
3818,1,0,1,0.0,0.0,0.0,0.02631578947368421,1,0,0,0,0
3820,1,0,0,0.0,0.07692307692307693,0.058823529411764705,0.07894736842105263,1,0,0,0,0
3821,0,0,0,0.0,0.0,0.0,0.05263157894736842,0,0,0,0,0
3824,1,0,0,0.0,0.0,0.0,0.05263157894736842,1,1,0,1,0
3826,1,0,0,0.0,0.0,0.0,0.15789473684210525,1,1,0,1,1
3828,1,1,0,0.0,0.0,0.0,0.21052631578947367,0,1,0,1,0
3830,0,0,0,0.0,0.0,0.0,0.0,1,0,0,0,0
3831,1,1,1,0.0,0.0,0.0,0.0,0,1,1,1,1
3834,1,0,0,0.0,0.0,0.0,0.02631578947368421,0,0,0,0,0
3835,0,1,0,0.0,0.0,0.0,0.0,1,0,0,0,0
3836,1,1,0,0.0,0.0,0.0,0.0,0,0,0,0,0
3838,1,0,0,0.0,0.0,0.0,0.02631578947368421,1,0,0,0,0
3839,1,0,0,0.0,0.0,0.0,0.07894736842105263,1,1,0,1,0
3840,1,0,0,0.05,0.07692307692307693,0.0,0.13157894736842105,0,0,0,0,1
3841,1,1,0,0.0,0.0,0.0,0.02631578947368421,0,0,0,0,0
3842,1,0,0,0.0,0.0,0.0,0.05263157894736842,0,0,0,0,0
3843,0,0,0,0.0,0.0,0.0,0.05263157894736842,1,1,0,1,0
3847,1,0,1,0.05,0.0,0.0,0.05263157894736842,0,1,0,1,1
3848,1,0,0,0.0,0.0,0.0,0.13157894736842105,0,1,0,1,1
3853,1,0,0,0.0,0.0,0.0,0.10526315789473684,1,0,0,0,0
3854,1,0,1,0.0,0.0,0.0,0.02631578947368421,0,1,0,1,0
3855,1,1,0,0.0,0.0,0.0,0.07894736842105263,1,0,0,0,0
3856,0,0,0,0.05,0.0,0.0,0.18421052631578946,0,0,0,0,0
3857,0,0,0,0.0,0.0,0.0,0.0,0,0,0,0,0
3858,0,0,0,0.0,0.0,0.0,0.07894736842105263,0,1,0,1,0
3859,1,0,0,0.0,0.0,0.0,0.05263157894736842,0,1,0,1,0
3860,1,1,0,0.0,0.0,0.0,0.0,1,0,0,0,0
3862,1,1,0,0.0,0.0,0.0,0.0,1,0,0,0,0
3863,1,1,0,0.0,0.0,0.0,0.0,1,0,0,0,0
3864,1,1,0,0.0,0.0,0.0,0.0,1,0,0,0,0
3865,1,0,1,0.0,0.0,0.0,0.0,1,0,0,0,1
3867,1,0,0,0.0,0.0,0.0,0.5789473684210527,1,0,0,0,0
3869,1,0,0,0.0,0.0,0.0,0.0,1,0,0,0,0
3870,1,0,0,0.0,0.0,0.0,0.23684210526315788,0,1,1,1,1
3872,1,1,1,0.0,0.0,0.0,0.02631578947368421,0,0,0,0,0
3879,1,1,0,0.0,0.0,0.0,0.0,1,0,0,0,0
3880,1,0,0,0.0,0.0,0.0,0.0,0,1,0,1,0
3881,1,0,0,0.0,0.07692307692307693,0.1764705882352941,0.2631578947368421,0,1,0,1,0
3882,1,1,1,0.0,0.0,0.0,0.0,0,0,0,0,0
3884,0,1,0,0.0,0.0,0.0,0.0,0,1,1,1,0
3885,1,1,0,0.0,0.0,0.0,0.05263157894736842,1,1,1,1,0
3888,0,0,0,0.0,0.0,0.0,0.13157894736842105,0,0,0,0,0
3890,1,0,0,0.1,0.0,0.0,0.2894736842105263,0,0,0,0,0
3891,0,0,1,0.0,0.0,0.0,0.0,0,1,0,1,1
3896,1,0,1,0.0,0.0,0.0,0.15789473684210525,1,1,0,1,1
3897,1,1,0,0.0,0.0,0.0,0.0,0,1,0,1,0
3898,1,1,0,0.0,0.0,0.0,0.05263157894736842,0,0,0,0,0
3899,1,0,0,0.0,0.0,0.0,0.2894736842105263,0,1,0,1,1
3902,1,1,0,0.0,0.0,0.0,0.13157894736842105,1,0,0,0,0
3903,0,0,0,0.0,0.0,0.0,0.02631578947368421,0,1,0,1,1
3904,0,0,0,0.0,0.0,0.0,0.0,1,0,0,0,0
3906,1,0,0,0.0,0.0,0.0,0.3421052631578947,0,1,0,1,1
3907,1,0,0,0.0,0.0,0.0,0.0,0,0,0,0,0
3909,1,1,0,0.0,0.0,0.0,0.3421052631578947,0,1,0,1,1
3910,1,0,0,0.0,0.0,0.0,0.13157894736842105,1,1,0,1,0
3911,1,0,0,0.0,0.0,0.0,0.21052631578947367,0,0,0,0,0
3912,1,1,0,0.0,0.0,0.0,0.10526315789473684,1,0,0,0,0
3917,1,0,1,0.0,0.0,0.058823529411764705,0.0,0,1,0,0,0
3918,1,0,0,0.0,0.0,0.0,0.21052631578947367,0,1,0,1,0
3919,1,0,0,0.0,0.0,0.0,0.07894736842105263,0,1,0,1,0
3920,1,0,0,0.0,0.0,0.0,0.0,1,0,0,0,0
3924,0,0,0,0.0,0.0,0.0,0.3421052631578947,0,1,0,0,0
3925,1,0,1,0.0,0.0,0.11764705882352941,0.0,0,1,0,1,0
3929,1,0,1,0.0,0.0,0.0,0.0,0,1,0,1,0
3930,1,1,0,0.0,0.0,0.0,0.05263157894736842,1,0,0,0,0
3933,0,0,0,0.0,0.0,0.0,0.13157894736842105,0,1,0,1,1
3934,1,0,0,0.0,0.0,0.0,0.18421052631578946,0,1,0,0,0
3935,0,0,1,0.0,0.0,0.0,0.0,0,0,0,0,0
3936,1,0,0,0.0,0.0,0.0,0.15789473684210525,1,1,0,1,1
3938,1,1,0,0.0,0.0,0.0,0.07894736842105263,0,0,0,0,0
3939,1,0,0,0.05,0.0,0.0,0.07894736842105263,0,1,1,1,1
3941,1,1,0,0.0,0.0,0.0,0.0,1,0,0,0,0
3942,1,0,0,0.0,0.0,0.0,0.02631578947368421,0,1,0,1,0
3944,1,0,0,0.0,0.0,0.0,0.02631578947368421,1,1,0,1,0
3946,1,0,0,0.0,0.0,0.0,0.02631578947368421,0,1,0,1,0
3947,1,0,0,0.0,0.0,0.0,0.02631578947368421,0,0,0,0,0
3948,1,0,1,0.05,0.0,0.0,0.02631578947368421,0,0,0,0,0
3950,1,1,0,0.0,0.0,0.0,0.07894736842105263,0,1,0,1,1
3952,1,1,0,0.0,0.0,0.0,0.0,1,0,0,0,0
3957,1,0,1,0.0,0.0,0.0,0.02631578947368421,1,0,0,0,0
3958,1,1,0,0.0,0.0,0.0,0.0,0,0,0,0,0
3960,1,0,0,0.0,0.0,0.0,0.0,0,0,0,0,0
3961,1,0,0,0.0,0.0,0.0,0.0,0,0,0,0,0
3963,1,1,0,0.0,0.0,0.0,0.02631578947368421,0,0,0,0,0
3965,1,1,0,0.0,0.0,0.0,0.0,1,0,0,0,0
3966,1,0,0,0.0,0.0,0.0,0.3684210526315789,0,1,0,1,1
3969,1,0,1,0.05,0.0,0.0,0.02631578947368421,0,1,0,1,1
3972,1,1,0,0.0,0.0,0.0,0.15789473684210525,1,0,0,0,1
3973,0,1,0,0.0,0.0,0.0,0.05263157894736842,0,1,0,1,0
3974,1,0,0,0.0,0.0,0.0,0.18421052631578946,0,0,0,0,0
3975,1,1,0,0.0,0.0,0.0,0.02631578947368421,1,0,0,0,0
3976,1,0,0,0.0,0.0,0.0,0.18421052631578946,0,1,0,1,1
3977,1,1,0,0.0,0.0,0.0,0.0,1,0,0,0,0
3978,0,1,1,0.0,0.0,0.0,0.02631578947368421,0,0,0,0,0
3979,1,1,0,0.0,0.0,0.0,0.0,1,0,0,0,0
3980,1,0,0,0.0,0.0,0.0,0.0,1,1,0,1,1
3981,1,0,0,0.0,0.0,0.0,0.10526315789473684,1,1,1,1,0
3982,1,0,0,0.0,0.0,0.0,0.0,0,0,0,0,0
3984,1,1,0,0.0,0.0,0.0,0.0,1,0,0,0,1
3985,1,0,0,0.0,0.07692307692307693,0.0,0.4473684210526315,0,1,0,1,0
3987,1,1,0,0.0,0.0,0.0,0.05263157894736842,0,1,0,1,0
3988,0,0,0,0.0,0.0,0.0,0.0,1,1,0,1,0
3989,1,0,0,0.0,0.0,0.0,0.05263157894736842,0,1,0,1,0
3990,1,0,0,0.0,0.0,0.0,0.2631578947368421,1,1,0,1,0
3991,1,0,0,0.0,0.0,0.0,0.0,1,0,0,0,0
3992,1,0,0,0.0,0.07692307692307693,0.058823529411764705,0.21052631578947367,0,1,0,1,0
3993,1,0,0,0.0,0.0,0.0,0.05263157894736842,0,0,0,0,0
3994,1,0,0,0.0,0.0,0.0,0.0,1,0,0,0,0
3995,1,0,1,0.0,0.0,0.0,0.02631578947368421,0,1,0,1,0
3997,1,0,0,0.0,0.0,0.0,0.0,0,1,0,1,1
3998,1,0,0,0.0,0.0,0.0,0.05263157894736842,0,1,0,1,0
3999,1,0,0,0.0,0.0,0.0,0.02631578947368421,0,0,0,0,0
4000,1,0,0,0.0,0.0,0.058823529411764705,0.3157894736842105,1,1,0,1,1
4001,1,0,0,0.0,0.0,0.0,0.0,0,1,0,1,0
4002,1,0,0,0.0,0.0,0.0,0.0,1,0,0,0,0
4003,1,1,0,0.0,0.0,0.0,0.0,1,0,0,0,0
4004,0,0,0,0.0,0.0,0.0,0.02631578947368421,0,0,0,0,0
4005,1,1,0,0.0,0.0,0.0,0.10526315789473684,1,0,0,0,0
4006,1,1,0,0.0,0.0,0.0,0.02631578947368421,0,0,0,0,0
4007,1,0,1,0.0,0.0,0.0,0.07894736842105263,1,1,0,1,1
4010,1,0,1,0.0,0.0,0.0,0.0,0,0,0,0,0
4011,1,1,0,0.0,0.0,0.0,0.0,0,0,0,0,0
4012,1,0,1,0.0,0.0,0.0,0.02631578947368421,0,0,0,0,1
4013,1,1,0,0.0,0.07692307692307693,0.058823529411764705,0.18421052631578946,1,1,0,1,1
4014,1,0,0,0.05,0.0,0.0,0.2894736842105263,0,1,0,1,1
4016,1,1,0,0.0,0.0,0.0,0.10526315789473684,0,0,0,0,1
4018,1,0,0,0.0,0.0,0.0,0.0,1,0,0,0,0
4020,1,0,0,0.0,0.0,0.0,0.05263157894736842,0,1,0,1,0
4021,1,0,0,0.0,0.0,0.0,0.02631578947368421,0,0,0,0,0
4022,0,1,1,0.0,0.07692307692307693,0.058823529411764705,0.05263157894736842,0,0,0,0,1
4023,0,1,0,0.0,0.0,0.0,0.0,1,0,0,0,0
4024,0,0,0,0.0,0.0,0.0,0.05263157894736842,0,1,0,1,1
4026,0,0,0,0.0,0.0,0.0,0.18421052631578946,0,1,0,1,0
4028,0,0,0,0.0,0.0,0.0,0.0,1,0,0,0,0
4029,1,0,0,0.0,0.0,0.0,0.0,1,1,0,1,0
4031,1,0,0,0.0,0.0,0.0,0.0,1,0,0,0,0
4032,1,1,0,0.0,0.0,0.058823529411764705,0.05263157894736842,1,0,0,0,0
4033,1,0,0,0.0,0.0,0.0,0.0,0,0,0,0,1
4035,1,0,0,0.0,0.0,0.0,0.02631578947368421,0,1,0,0,0
4036,1,0,0,0.0,0.07692307692307693,0.0,0.07894736842105263,0,0,0,0,0
4037,1,1,1,0.0,0.0,0.0,0.07894736842105263,1,1,0,1,1
4038,1,1,0,0.0,0.0,0.0,0.5,0,1,0,1,0
4039,1,0,0,0.0,0.0,0.0,0.02631578947368421,1,0,0,0,0
4041,1,0,0,0.0,0.0,0.0,0.02631578947368421,0,0,0,0,1
4045,0,1,0,0.0,0.0,0.0,0.02631578947368421,0,1,0,1,0
4047,0,0,1,0.0,0.0,0.0,0.02631578947368421,1,0,0,0,0
4048,1,1,0,0.0,0.0,0.0,0.07894736842105263,0,1,0,1,1
4049,1,1,1,0.0,0.0,0.23529411764705882,0.10526315789473684,0,1,1,1,0
4052,1,0,0,0.0,0.0,0.0,0.15789473684210525,0,0,0,0,0
4054,1,0,1,0.0,0.0,0.0,0.0,0,0,0,0,0
4058,1,1,0,0.0,0.0,0.0,0.02631578947368421,1,0,0,0,0
4059,1,0,0,0.0,0.0,0.0,0.05263157894736842,0,1,0,1,0
4060,1,0,0,0.0,0.0,0.0,0.07894736842105263,1,1,0,0,0
4061,0,1,0,0.0,0.0,0.0,0.0,1,0,0,0,0
4062,1,1,0,0.0,0.0,0.0,0.0,0,1,0,0,0
4063,1,1,0,0.0,0.0,0.0,0.10526315789473684,0,1,0,1,0
4064,0,1,0,0.0,0.0,0.0,0.05263157894736842,0,0,0,0,0
4065,1,1,1,0.0,0.0,0.058823529411764705,0.07894736842105263,0,1,0,1,0
4067,1,1,0,0.0,0.0,0.058823529411764705,0.07894736842105263,1,1,0,1,0
4068,0,1,0,0.0,0.0,0.0,0.0,1,0,0,0,0
4069,1,1,1,0.0,0.0,0.11764705882352941,0.07894736842105263,0,1,0,1,0
4070,1,0,0,0.0,0.0,0.0,0.05263157894736842,1,0,0,0,0
4072,1,0,0,0.0,0.0,0.0,0.0,0,0,0,0,0
4073,1,1,0,0.0,0.0,0.0,0.0,1,0,0,0,0
4075,1,0,0,0.0,0.0,0.0,0.3421052631578947,0,0,0,0,0
4076,1,0,0,0.0,0.0,0.0,0.15789473684210525,0,0,0,0,0
4078,1,0,0,0.0,0.0,0.0,0.0,1,1,0,1,0
4080,1,0,1,0.0,0.0,0.0,0.0,0,0,0,0,0
4081,1,1,0,0.0,0.0,0.0,0.02631578947368421,0,0,0,0,0
4082,1,1,1,0.0,0.0,0.0,0.0,0,1,1,1,0
4083,1,0,1,0.0,0.0,0.0,0.05263157894736842,1,0,0,0,1
4084,1,0,0,0.0,0.07692307692307693,0.0,0.2631578947368421,0,0,0,0,1
4085,1,1,0,0.0,0.0,0.0,0.02631578947368421,0,0,0,0,0
4086,1,0,0,0.0,0.0,0.0,0.3421052631578947,1,1,0,1,1
4087,0,0,0,0.0,0.07692307692307693,0.0,0.15789473684210525,1,0,0,0,0
4088,1,0,0,0.0,0.0,0.0,0.0,0,0,0,0,0
4098,1,0,0,0.0,0.0,0.0,0.10526315789473684,0,1,0,1,0
4099,1,0,1,0.0,0.0,0.0,0.02631578947368421,1,0,0,0,0
4100,1,1,1,0.0,0.0,0.0,0.07894736842105263,1,1,0,1,1
4101,1,0,0,0.0,0.15384615384615385,0.0,0.21052631578947367,1,1,1,1,1
4102,1,0,1,0.0,0.07692307692307693,0.0,0.05263157894736842,0,0,0,0,1
4104,1,0,0,0.0,0.0,0.0,0.0,0,1,0,1,0
4105,1,1,0,0.0,0.0,0.0,0.18421052631578946,0,1,1,1,1
4106,1,1,0,0.0,0.0,0.0,0.15789473684210525,0,1,1,1,0
4108,1,0,0,0.0,0.0,0.0,0.6578947368421052,0,1,1,1,1
4111,1,0,0,0.0,0.0,0.0,0.23684210526315788,1,0,0,0,1
4112,1,0,1,0.0,0.0,0.0,0.02631578947368421,0,0,0,0,0
4116,1,0,0,0.0,0.0,0.0,0.02631578947368421,0,1,0,1,0
4117,0,1,0,0.0,0.0,0.0,0.02631578947368421,1,0,0,0,0
4118,1,1,0,0.0,0.0,0.0,0.15789473684210525,0,1,0,1,0
4119,1,1,0,0.0,0.0,0.0,0.18421052631578946,0,1,0,1,0
4120,1,1,0,0.0,0.0,0.0,0.05263157894736842,1,0,0,0,0
4121,1,0,0,0.0,0.0,0.0,0.0,0,0,0,0,0
4122,0,1,0,0.0,0.0,0.0,0.0,0,0,0,0,0
4123,1,1,0,0.0,0.0,0.0,0.02631578947368421,0,0,0,0,0
4125,0,0,0,0.0,0.0,0.0,0.07894736842105263,0,0,0,0,0
4126,1,0,0,0.0,0.0,0.0,0.0,0,1,1,1,0
4127,0,0,1,0.0,0.0,0.0,0.0,1,1,1,1,1
4128,1,0,1,0.0,0.0,0.0,0.0,1,1,0,1,0
4130,1,1,0,0.0,0.0,0.0,0.0,0,0,0,0,0
4134,1,0,0,0.0,0.0,0.0,0.21052631578947367,1,1,0,1,0
4135,1,0,0,0.0,0.0,0.0,0.13157894736842105,0,1,0,1,0
4136,1,0,0,0.0,0.0,0.11764705882352941,0.0,0,0,0,0,0
4137,1,1,1,0.0,0.0,0.0,0.07894736842105263,1,1,0,1,1
4139,1,0,0,0.0,0.07692307692307693,0.0,0.3684210526315789,1,1,0,1,1
4140,0,1,0,0.0,0.0,0.0,0.02631578947368421,1,0,0,0,0
4141,1,0,0,0.0,0.0,0.0,0.13157894736842105,0,0,0,0,0
4143,1,0,0,0.0,0.0,0.0,0.0,0,0,0,0,0
4144,1,0,1,0.0,0.0,0.058823529411764705,0.0,0,0,0,0,1
4145,1,0,1,0.15000000000000002,0.0,0.0,0.07894736842105263,0,1,0,1,1
4146,1,0,1,0.0,0.0,0.0,0.02631578947368421,0,1,0,1,0
4152,1,0,0,0.0,0.0,0.058823529411764705,0.02631578947368421,1,0,0,0,0
4154,1,0,0,0.0,0.0,0.0,0.02631578947368421,1,0,0,0,0
4155,1,0,1,0.0,0.0,0.0,0.13157894736842105,0,1,0,1,1
4157,1,0,1,0.0,0.0,0.0,0.0,0,1,0,1,0
4158,1,0,1,0.05,0.0,0.058823529411764705,0.02631578947368421,0,1,1,1,1
4159,1,1,0,0.0,0.0,0.0,0.02631578947368421,0,1,0,1,0
4160,0,1,0,0.0,0.0,0.0,0.02631578947368421,1,1,0,1,0
4161,1,0,0,0.0,0.0,0.0,0.0,1,1,1,1,0
4162,1,0,0,0.2,0.0,0.0,0.3421052631578947,0,1,0,1,1
4163,0,1,0,0.0,0.0,0.0,0.0,1,1,0,1,0
4164,0,1,0,0.0,0.0,0.0,0.10526315789473684,0,1,0,0,0
4165,1,0,1,0.0,0.0,0.0,0.0,0,0,0,0,1
4168,1,1,0,0.0,0.0,0.0,0.2631578947368421,0,0,0,0,0
4169,1,1,0,0.0,0.0,0.0,0.05263157894736842,1,1,0,0,0
4170,1,1,0,0.0,0.0,0.0,0.18421052631578946,0,1,0,1,1
4171,1,0,1,0.0,0.0,0.0,0.0,0,0,0,0,1
4172,0,0,0,0.0,0.0,0.0,0.15789473684210525,0,1,0,1,0
4178,1,1,0,0.0,0.0,0.0,0.0,0,0,0,0,0
4179,1,0,1,0.0,0.0,0.0,0.0,0,1,0,1,0
4180,0,0,0,0.0,0.0,0.0,0.5263157894736842,0,1,1,1,1
4181,1,0,0,0.1,0.0,0.0,0.6842105263157894,0,1,0,1,1
4182,1,1,0,0.0,0.0,0.0,0.0,0,0,0,0,0
4183,1,1,0,0.0,0.0,0.0,0.0,0,0,0,0,0
4184,1,1,0,0.0,0.0,0.0,0.5,0,1,0,1,1
4185,1,0,1,0.0,0.0,0.0,0.0,1,1,0,1,0
4186,1,1,0,0.0,0.0,0.0,0.0,0,0,0,0,0
4187,0,1,0,0.0,0.0,0.0,0.02631578947368421,0,1,0,1,0
4189,1,0,0,0.0,0.07692307692307693,0.058823529411764705,0.23684210526315788,1,1,0,1,1
4190,1,0,0,0.0,0.07692307692307693,0.0,0.23684210526315788,0,1,0,1,0
4191,0,1,0,0.0,0.0,0.0,0.05263157894736842,0,0,0,0,0
4192,1,0,0,0.0,0.07692307692307693,0.058823529411764705,0.07894736842105263,1,1,0,1,1
4193,1,0,0,0.0,0.0,0.0,0.0,1,0,0,0,0
4194,1,0,0,0.0,0.0,0.0,0.18421052631578946,0,0,0,0,1
4195,0,0,0,0.0,0.0,0.0,0.0,1,1,1,1,0
4196,0,0,0,0.0,0.0,0.0,0.0,0,0,0,0,0
4198,1,0,0,0.0,0.0,0.0,0.5789473684210527,0,1,0,1,1
4199,1,1,1,0.05,0.0,0.0,0.05263157894736842,0,0,0,0,0
4202,1,0,0,0.0,0.0,0.0,0.21052631578947367,1,1,0,1,0
4203,1,1,0,0.0,0.0,0.0,0.05263157894736842,0,0,0,0,0
4204,1,0,0,0.0,0.07692307692307693,0.0,0.18421052631578946,0,0,0,0,0
4205,0,1,0,0.0,0.0,0.0,0.0,0,1,0,1,0
4207,1,0,0,0.0,0.0,0.0,0.2631578947368421,0,1,0,1,1
4211,1,0,0,0.0,0.0,0.0,0.0,0,0,0,0,0
4212,1,0,1,0.0,0.0,0.11764705882352941,0.0,1,1,0,1,0
4217,1,1,0,0.0,0.0,0.0,0.05263157894736842,0,1,1,1,0
4219,1,0,0,0.0,0.0,0.0,0.0,0,0,0,0,0
4220,1,0,1,0.0,0.0,0.0,0.02631578947368421,0,1,0,1,0
4223,0,0,0,0.0,0.0,0.0,0.23684210526315788,0,1,1,1,1
4225,1,0,0,0.0,0.0,0.0,0.42105263157894735,0,1,0,1,1
4226,1,1,0,0.0,0.0,0.0,0.07894736842105263,0,1,0,1,0
4227,1,0,0,0.0,0.0,0.0,0.0,1,1,0,1,0
4228,1,1,0,0.0,0.07692307692307693,0.058823529411764705,0.10526315789473684,0,1,1,1,1
4229,1,1,1,0.0,0.07692307692307693,0.058823529411764705,0.05263157894736842,0,1,0,1,1
4230,1,0,0,0.0,0.0,0.0,0.0,0,0,0,0,1
4232,1,0,0,0.0,0.0,0.0,0.13157894736842105,1,1,1,1,0
4233,1,0,0,0.0,0.0,0.0,0.05263157894736842,1,0,0,0,0
4235,1,0,0,0.0,0.0,0.0,0.23684210526315788,0,1,0,1,1
4236,1,0,0,0.0,0.0,0.0,0.18421052631578946,0,1,0,1,0
4238,1,0,0,0.0,0.0,0.0,0.02631578947368421,0,1,0,1,1
4239,1,0,0,0.0,0.0,0.058823529411764705,0.0,0,0,0,0,0
4240,1,0,1,0.0,0.0,0.0,0.0,0,1,0,1,0
4244,1,1,0,0.0,0.0,0.0,0.07894736842105263,1,1,0,1,0
4245,1,0,0,0.0,0.0,0.0,0.0,1,0,0,0,0
4247,1,0,0,0.0,0.0,0.11764705882352941,0.07894736842105263,1,0,0,0,0
4248,1,0,0,0.0,0.0,0.0,0.21052631578947367,0,1,0,1,1
4250,0,0,0,0.0,0.0,0.0,0.0,0,0,0,0,0
4252,1,1,0,0.0,0.0,0.0,0.05263157894736842,1,0,0,0,0
4254,1,0,0,0.0,0.0,0.0,0.3157894736842105,1,0,0,0,0
4255,1,1,0,0.0,0.0,0.0,0.0,0,0,0,0,0
4256,1,0,0,0.0,0.0,0.0,0.0,0,1,1,1,1
4257,1,0,0,0.0,0.0,0.0,0.10526315789473684,1,1,1,1,1
4258,1,1,0,0.0,0.0,0.0,0.0,1,0,0,0,0
4260,1,0,0,0.0,0.07692307692307693,0.0,0.13157894736842105,1,0,0,0,0
4262,1,0,0,0.0,0.0,0.0,0.02631578947368421,0,1,0,1,0
4265,1,0,0,0.0,0.0,0.0,0.23684210526315788,0,0,0,0,1
4267,1,0,0,0.0,0.0,0.0,0.0,1,1,1,1,0
4269,1,0,0,0.0,0.0,0.0,0.3157894736842105,0,1,0,1,1
4270,1,0,1,0.0,0.0,0.0,0.0,0,0,0,0,0
4274,1,0,0,0.0,0.0,0.0,0.10526315789473684,0,1,0,1,1
4275,1,1,0,0.0,0.0,0.0,0.02631578947368421,0,0,0,0,0
4276,1,0,1,0.0,0.0,0.0,0.0,0,1,1,1,0
4280,1,0,0,0.0,0.0,0.0,0.02631578947368421,1,0,0,0,1
4281,1,0,0,0.0,0.0,0.0,0.10526315789473684,1,0,0,0,0
4282,1,0,1,0.0,0.0,0.0,0.0,1,0,0,0,0
4283,0,0,1,0.0,0.0,0.0,0.05263157894736842,1,1,1,1,1
4284,1,0,0,0.0,0.0,0.0,0.10526315789473684,1,1,0,1,0
4288,1,1,0,0.0,0.0,0.0,0.05263157894736842,0,0,0,0,0
4290,1,0,0,0.0,0.0,0.0,0.02631578947368421,1,0,0,0,0
4292,0,0,1,0.0,0.0,0.0,0.0,0,0,0,0,0
4293,1,0,1,0.0,0.07692307692307693,0.5294117647058824,0.05263157894736842,0,1,0,1,1
4296,1,0,0,0.0,0.0,0.0,0.13157894736842105,0,0,0,0,0
4297,1,1,1,0.0,0.0,0.0,0.0,0,1,0,1,1
4298,0,0,0,0.0,0.0,0.0,0.05263157894736842,1,0,0,0,0
4299,0,1,0,0.0,0.0,0.0,0.3684210526315789,0,0,0,0,1
4300,1,1,0,0.0,0.0,0.0,0.02631578947368421,0,0,0,0,0
4301,1,0,0,0.0,0.0,0.0,0.05263157894736842,0,0,0,0,0
4303,1,0,0,0.0,0.0,0.0,0.13157894736842105,0,0,0,0,1
4305,1,0,0,0.0,0.0,0.0,0.0,1,0,0,0,0
4306,1,0,1,0.0,0.07692307692307693,0.058823529411764705,0.07894736842105263,0,1,1,1,1
4307,1,0,1,0.0,0.0,0.0,0.02631578947368421,0,1,0,0,1
4310,1,1,1,0.0,0.0,0.0,0.02631578947368421,0,1,0,1,0
4311,1,0,0,0.1,0.0,0.0,0.15789473684210525,1,1,0,1,1
4314,1,0,0,0.0,0.07692307692307693,0.0,0.3684210526315789,1,1,1,1,1
4315,1,0,0,0.0,0.0,0.0,0.15789473684210525,1,1,0,1,0
4316,1,0,0,0.0,0.0,0.0,0.18421052631578946,0,1,0,1,1
4317,1,0,0,0.0,0.0,0.0,0.02631578947368421,1,0,0,0,0
4319,1,1,0,0.0,0.0,0.0,0.05263157894736842,0,0,0,0,0
4320,1,0,0,0.0,0.0,0.0,0.5789473684210527,0,0,0,0,1
4322,1,0,0,0.0,0.0,0.0,0.18421052631578946,0,0,0,0,1
4323,1,0,1,0.0,0.0,0.0,0.02631578947368421,1,1,0,1,0
4324,1,1,1,0.0,0.0,0.11764705882352941,0.0,0,0,0,0,0
4328,1,0,1,0.0,0.0,0.0,0.0,0,1,1,1,1
4329,1,0,0,0.0,0.0,0.0,0.10526315789473684,1,0,0,0,1
4330,1,0,0,0.0,0.0,0.0,0.02631578947368421,1,1,1,1,0
4331,1,0,0,0.0,0.0,0.11764705882352941,0.631578947368421,1,1,1,1,1
4332,1,1,0,0.0,0.0,0.0,0.3157894736842105,0,1,0,1,1
4333,1,0,0,0.0,0.0,0.0,0.10526315789473684,1,1,0,1,0
4335,1,0,0,0.0,0.0,0.0,0.0,0,0,0,0,1
4336,1,0,1,0.0,0.0,0.0,0.02631578947368421,0,0,0,0,0
4337,1,1,0,0.0,0.0,0.0,0.0,0,0,0,0,0
4338,1,0,0,0.05,0.0,0.0,0.13157894736842105,0,0,0,0,0
4339,1,0,0,0.0,0.0,0.0,0.5,0,1,1,1,1
4340,1,0,0,0.0,0.0,0.0,0.05263157894736842,0,1,0,1,0
4341,1,0,0,0.0,0.0,0.0,0.21052631578947367,0,1,1,1,1
4342,1,0,1,0.0,0.0,0.0,0.05263157894736842,0,1,0,1,1
4346,1,1,0,0.0,0.0,0.0,0.02631578947368421,0,1,0,1,0
4348,1,0,1,0.0,0.0,0.0,0.0,0,1,0,1,0
4353,1,1,0,0.0,0.07692307692307693,0.0,0.13157894736842105,1,1,0,1,0
4356,1,1,1,0.0,0.0,0.0,0.0,0,0,0,0,0
4357,1,0,0,0.0,0.0,0.0,0.02631578947368421,1,1,0,1,1
4358,0,0,0,0.0,0.0,0.0,0.0,0,0,0,0,0
4360,1,1,0,0.0,0.0,0.0,0.0,1,0,0,0,0
4362,1,0,0,0.0,0.0,0.0,0.10526315789473684,0,1,0,1,0
4365,1,1,0,0.0,0.0,0.0,0.02631578947368421,0,0,0,0,0
4367,0,0,0,0.0,0.0,0.0,0.07894736842105263,1,1,1,1,0
4368,1,0,1,0.0,0.0,0.0,0.02631578947368421,0,1,0,1,0
4370,1,0,0,0.0,0.0,0.0,0.05263157894736842,0,0,0,0,1
4371,1,1,0,0.0,0.0,0.0,0.0,1,0,0,0,0
4372,1,0,1,0.0,0.07692307692307693,0.11764705882352941,0.02631578947368421,1,1,0,1,0
4375,1,1,0,0.0,0.0,0.0,0.02631578947368421,1,1,1,1,0
4376,0,0,1,0.0,0.0,0.0,0.0,1,0,0,0,0
4377,1,0,1,0.0,0.0,0.0,0.07894736842105263,0,1,0,1,1
4378,1,1,0,0.0,0.0,0.0,0.23684210526315788,1,1,0,1,0
4381,1,1,0,0.0,0.0,0.0,0.02631578947368421,1,0,0,0,0
4383,1,0,0,0.0,0.0,0.0,0.47368421052631576,1,1,0,1,1
4384,1,0,1,0.0,0.0,0.0,0.02631578947368421,0,1,0,1,1
4385,1,0,0,0.0,0.0,0.0,0.07894736842105263,1,1,0,1,0
4387,1,0,0,0.0,0.07692307692307693,0.0,0.15789473684210525,0,1,1,1,1
4388,1,1,0,0.0,0.0,0.0,0.02631578947368421,0,1,0,1,0
4389,1,1,0,0.0,0.0,0.0,0.02631578947368421,0,0,0,0,0
4390,1,1,0,0.0,0.0,0.0,0.0,0,0,0,0,0
4391,1,0,0,0.0,0.0,0.0,0.07894736842105263,1,0,0,0,0
4393,1,0,1,0.0,0.0,0.0,0.0,0,1,0,1,0
4394,1,0,1,0.0,0.0,0.0,0.0,1,0,0,0,0
4396,1,1,0,0.0,0.0,0.0,0.47368421052631576,1,1,0,1,0
4397,1,0,0,0.0,0.0,0.0,0.05263157894736842,0,1,0,1,0
4398,1,0,1,0.0,0.0,0.0,0.05263157894736842,1,1,0,1,1
4400,1,1,0,0.0,0.0,0.0,0.0,1,0,0,0,0
4401,1,0,0,0.0,0.0,0.0,0.0,0,0,0,0,0
4402,1,0,0,0.0,0.0,0.0,0.0,1,0,0,0,0
4403,1,0,0,0.0,0.0,0.0,0.15789473684210525,0,0,0,0,1
4404,0,0,0,0.0,0.0,0.0,0.0,0,1,0,1,1
4406,1,0,1,0.0,0.0,0.0,0.0,0,0,0,0,1
4407,1,1,0,0.0,0.0,0.0,0.0,1,1,1,1,0
4408,1,0,0,0.0,0.0,0.0,0.07894736842105263,0,0,0,0,0
4409,1,1,0,0.05,0.0,0.0,0.2894736842105263,0,1,0,1,1
4411,1,1,0,0.0,0.0,0.0,0.02631578947368421,0,0,0,0,0
4414,1,1,0,0.0,0.0,0.0,0.0,1,0,0,0,0
4415,1,0,0,0.0,0.0,0.0,0.02631578947368421,1,1,1,1,0
4416,1,1,0,0.0,0.0,0.0,0.07894736842105263,0,0,0,0,0
4418,1,1,0,0.0,0.0,0.0,0.07894736842105263,0,0,0,0,0
4419,0,1,1,0.0,0.0,0.0,0.0,0,1,1,0,0
4421,0,0,0,0.0,0.0,0.0,0.2631578947368421,0,1,0,1,0
4422,1,0,0,0.0,0.0,0.0,0.0,0,0,0,0,1
4425,1,0,0,0.0,0.0,0.0,0.02631578947368421,1,0,0,0,0
4426,0,1,0,0.0,0.0,0.0,0.0,1,0,0,0,0
4428,1,0,0,0.0,0.0,0.0,0.02631578947368421,1,0,0,0,1
4430,1,0,0,0.0,0.0,0.0,0.05263157894736842,1,1,1,1,0
4431,1,1,0,0.0,0.0,0.0,0.02631578947368421,1,1,0,1,0
4432,1,1,1,0.0,0.0,0.1764705882352941,0.0,1,0,0,0,1
4433,0,0,0,0.0,0.0,0.0,0.02631578947368421,1,0,0,0,0
4434,1,1,0,0.0,0.0,0.0,0.23684210526315788,1,1,1,1,1
4435,0,0,0,0.0,0.0,0.0,0.0,0,0,0,0,0
4436,1,0,1,0.0,0.0,0.0,0.10526315789473684,0,1,0,1,1
4437,1,1,0,0.0,0.0,0.0,0.02631578947368421,1,0,0,0,0
4438,0,1,0,0.0,0.0,0.0,0.0,1,0,0,0,0
4439,0,1,1,0.0,0.0,0.0,0.05263157894736842,1,0,0,0,0
4440,1,0,0,0.0,0.0,0.0,0.02631578947368421,1,1,1,1,0
4441,0,1,0,0.0,0.0,0.0,0.02631578947368421,1,0,0,0,0
4442,1,1,1,0.0,0.15384615384615385,0.0,0.15789473684210525,0,0,0,0,1
4443,0,1,0,0.0,0.0,0.0,0.0,0,0,0,0,0
4444,0,1,0,0.0,0.0,0.0,0.05263157894736842,0,0,0,0,1
4445,0,0,1,0.0,0.0,0.0,0.02631578947368421,0,0,0,0,0
4447,1,0,1,0.0,0.0,0.0,0.05263157894736842,0,1,0,1,0
4448,1,0,0,0.0,0.0,0.0,0.0,0,0,0,0,0
4450,1,0,1,0.0,0.0,0.0,0.0,0,0,0,0,0
4451,1,1,0,0.0,0.0,0.0,0.02631578947368421,1,0,0,0,0
4452,1,0,0,0.0,0.0,0.0,0.15789473684210525,0,1,0,1,1
4453,1,0,0,0.0,0.07692307692307693,0.0,0.18421052631578946,0,1,0,1,1
4455,1,0,0,0.0,0.0,0.058823529411764705,0.02631578947368421,1,1,0,1,0
4457,1,0,0,0.0,0.0,0.0,0.13157894736842105,0,1,0,1,0
4459,1,0,1,0.0,0.0,0.0,0.02631578947368421,0,0,0,0,0
4461,1,1,0,0.0,0.0,0.0,0.21052631578947367,0,0,0,0,0
4462,0,0,0,0.0,0.0,0.0,0.02631578947368421,0,0,0,0,0
4463,0,1,0,0.0,0.07692307692307693,0.0,0.18421052631578946,0,1,0,1,0
4464,1,0,0,0.0,0.0,0.0,0.07894736842105263,1,0,0,0,0
4466,0,0,0,0.0,0.0,0.0,0.02631578947368421,0,1,1,1,1
4468,1,0,0,0.0,0.0,0.0,0.10526315789473684,0,0,0,0,0
4469,1,1,0,0.0,0.0,0.0,0.0,1,0,0,0,0
4471,1,1,0,0.0,0.0,0.0,0.0,0,0,0,0,0
4473,1,0,0,0.0,0.0,0.0,0.0,1,1,0,1,0
4475,1,0,0,0.0,0.0,0.11764705882352941,0.0,1,0,0,0,0
4476,1,0,0,0.0,0.0,0.0,0.5,0,1,0,1,1
4478,1,0,0,0.0,0.0,0.0,0.631578947368421,0,0,0,0,1
4479,1,0,0,0.0,0.0,0.0,0.05263157894736842,1,0,0,0,0
4480,1,1,0,0.0,0.07692307692307693,0.0,0.23684210526315788,0,1,0,1,1
4481,1,0,0,0.0,0.0,0.0,0.39473684210526316,0,0,0,0,1
4483,1,0,0,0.0,0.0,0.0,0.15789473684210525,0,1,1,1,1
4485,1,0,1,0.0,0.0,0.0,0.07894736842105263,0,1,0,1,0
4486,1,1,1,0.0,0.07692307692307693,0.0,0.05263157894736842,0,1,0,1,1
4488,1,0,1,0.0,0.0,0.0,0.07894736842105263,0,1,0,1,0
4491,1,0,0,0.0,0.0,0.0,0.02631578947368421,0,1,1,1,0
4492,0,0,1,0.0,0.0,0.0,0.0,0,0,0,0,0
4493,1,0,0,0.0,0.0,0.23529411764705882,0.23684210526315788,0,0,0,0,1
4494,0,0,0,0.0,0.0,0.0,0.0,0,0,0,0,0
4495,1,0,1,0.0,0.0,0.0,0.02631578947368421,0,0,0,0,0
4496,1,0,1,0.0,0.0,0.0,0.0,0,0,0,0,0
4498,1,1,0,0.0,0.0,0.0,0.2631578947368421,0,1,0,1,1
4500,1,0,0,0.0,0.0,0.0,0.13157894736842105,0,0,0,0,1
4501,0,0,1,0.05,0.0,0.0,0.02631578947368421,0,1,0,1,1
4502,1,1,0,0.0,0.0,0.0,0.02631578947368421,1,0,0,0,0
4503,1,0,0,0.0,0.0,0.0,0.02631578947368421,1,1,0,1,0
4504,1,0,1,0.15000000000000002,0.0,0.0,0.05263157894736842,0,1,0,1,1
4505,1,1,1,0.0,0.0,0.0,0.0,0,0,0,0,0
4506,1,0,0,0.15000000000000002,0.0,0.0,0.21052631578947367,0,0,0,0,1
4508,0,0,0,0.0,0.0,0.0,0.07894736842105263,0,1,0,0,0
4509,1,0,1,0.0,0.0,0.0,0.0,0,1,0,1,1
4510,1,1,0,0.0,0.0,0.0,0.05263157894736842,1,1,0,0,0
4511,1,0,0,0.0,0.0,0.0,0.02631578947368421,0,0,0,0,0
4512,1,0,1,0.0,0.0,0.058823529411764705,0.0,0,1,0,1,1
4513,1,0,1,0.0,0.0,0.0,0.02631578947368421,0,1,1,1,0
4514,1,0,0,0.0,0.0,0.0,0.5263157894736842,0,0,0,0,1
4516,1,1,0,0.0,0.0,0.0,0.02631578947368421,1,1,0,1,0
4517,0,0,1,0.0,0.0,0.0,0.0,0,0,0,0,0
4518,1,0,1,0.0,0.0,0.0,0.13157894736842105,0,1,0,1,0
4520,0,0,0,0.0,0.0,0.0,0.07894736842105263,0,1,1,1,0
4521,0,1,0,0.0,0.0,0.0,0.0,0,0,0,0,0
4524,1,1,1,0.0,0.0,0.11764705882352941,0.0,0,0,0,0,0
4525,1,0,0,0.0,0.0,0.0,0.0,0,1,0,1,0
4526,1,1,0,0.0,0.0,0.0,0.13157894736842105,0,1,0,1,0
4527,1,0,0,0.0,0.0,0.0,0.0,1,0,0,0,0
4530,1,0,0,0.0,0.0,0.0,0.05263157894736842,0,0,0,0,0
4533,1,1,1,0.0,0.0,0.058823529411764705,0.07894736842105263,0,1,0,1,0
4534,0,0,0,0.0,0.0,0.0,0.0,1,0,0,0,0
4536,0,1,0,0.0,0.0,0.0,0.02631578947368421,0,0,0,0,0
4537,1,0,0,0.0,0.0,0.0,0.21052631578947367,0,0,0,0,0
4541,1,1,0,0.0,0.0,0.0,0.07894736842105263,0,0,0,0,0
4544,1,0,0,0.0,0.0,0.0,0.05263157894736842,1,1,1,1,0
4546,1,0,0,0.0,0.0,0.0,0.0,0,1,0,1,0
4550,1,0,0,0.0,0.07692307692307693,0.058823529411764705,0.631578947368421,1,1,0,1,1
4552,1,0,1,0.0,0.0,0.0,0.02631578947368421,0,0,0,0,0
4553,1,0,0,0.0,0.0,0.0,0.05263157894736842,1,1,0,0,0
4554,1,0,0,0.0,0.0,0.0,0.02631578947368421,0,0,0,0,1
4556,0,0,0,0.0,0.0,0.0,0.07894736842105263,1,0,0,0,0
4557,1,1,0,0.0,0.0,0.0,0.07894736842105263,0,0,0,0,0
4558,1,1,0,0.0,0.0,0.0,0.0,0,0,0,0,0
4559,1,0,0,0.0,0.0,0.0,0.05263157894736842,1,1,1,1,0
4560,1,0,0,0.0,0.0,0.0,0.02631578947368421,1,0,0,0,0
4562,1,0,0,0.0,0.0,0.0,0.23684210526315788,1,0,0,0,0
4563,0,0,0,0.0,0.0,0.0,0.0,0,1,1,1,0
4564,1,0,0,0.0,0.0,0.0,0.3684210526315789,0,1,0,1,0
4566,0,0,0,0.0,0.0,0.0,0.02631578947368421,1,0,0,0,0
4567,0,0,0,0.0,0.0,0.0,0.0,1,0,0,0,0
4568,1,1,1,0.0,0.0,0.0,0.0,0,1,0,1,0
4569,1,1,0,0.0,0.0,0.0,0.13157894736842105,1,0,0,0,0
4574,1,1,0,0.0,0.0,0.0,0.23684210526315788,0,1,1,1,1
4576,0,1,0,0.0,0.0,0.0,0.02631578947368421,0,0,0,0,0
4579,1,0,0,0.0,0.0,0.0,0.0,0,1,0,1,0
4580,1,0,0,0.0,0.0,0.058823529411764705,0.13157894736842105,0,1,0,1,1
4581,1,0,0,0.0,0.0,0.0,0.2631578947368421,0,0,0,0,1
4582,0,0,0,0.0,0.0,0.0,0.18421052631578946,1,0,0,0,1
4584,1,1,0,0.0,0.0,0.0,0.07894736842105263,1,0,0,0,0
4586,1,0,0,0.0,0.0,0.0,0.2631578947368421,0,1,0,1,0
4587,1,1,0,0.0,0.0,0.0,0.0,1,1,0,1,1
4588,1,0,1,0.0,0.0,0.058823529411764705,0.05263157894736842,0,1,0,1,0
4590,1,0,0,0.0,0.0,0.0,0.07894736842105263,1,1,0,1,0
4591,1,1,0,0.0,0.15384615384615385,0.058823529411764705,0.23684210526315788,0,0,0,0,1
4592,1,0,1,0.0,0.0,0.058823529411764705,0.0,1,1,0,1,1
4593,1,0,0,0.0,0.0,0.0,0.0,1,0,0,0,0
4595,1,0,0,0.0,0.0,0.0,0.13157894736842105,0,1,0,1,1
4596,1,0,0,0.0,0.0,0.0,0.0,1,1,0,1,0
4598,1,0,0,0.0,0.0,0.0,0.13157894736842105,0,1,0,0,1
4599,1,0,0,0.0,0.0,0.0,0.3421052631578947,0,1,0,1,0
4603,1,0,0,0.0,0.0,0.0,0.05263157894736842,0,1,0,0,0
4604,1,0,0,0.0,0.0,0.0,0.02631578947368421,1,0,0,0,0
4605,1,0,0,0.0,0.0,0.0,0.07894736842105263,1,1,1,1,0
4608,1,0,1,0.0,0.07692307692307693,0.058823529411764705,0.02631578947368421,0,1,0,1,1
4609,1,1,0,0.0,0.0,0.0,0.0,1,0,0,0,0
4610,1,0,0,0.0,0.0,0.0,0.18421052631578946,0,1,0,1,1
4611,1,0,0,0.0,0.0,0.0,0.0,1,0,0,0,0
4612,1,1,0,0.0,0.0,0.0,0.10526315789473684,0,1,0,1,1
4613,0,0,0,0.0,0.0,0.0,0.05263157894736842,0,0,0,0,0
4615,0,0,1,0.0,0.0,0.0,0.05263157894736842,1,0,0,0,0
4616,1,0,1,0.0,0.0,0.0,0.10526315789473684,0,1,0,1,1
4617,1,1,0,0.0,0.0,0.0,0.0,1,1,0,1,0
4618,1,0,1,0.05,0.07692307692307693,0.0,0.05263157894736842,0,0,0,0,0
4620,1,1,0,0.0,0.0,0.0,0.0,0,0,0,0,0
4622,1,0,0,0.0,0.0,0.0,0.02631578947368421,0,0,0,0,0
4624,1,0,0,0.0,0.0,0.0,0.05263157894736842,0,1,1,1,1
4625,1,1,0,0.0,0.0,0.0,0.13157894736842105,0,0,0,0,0
4626,0,1,1,0.0,0.0,0.0,0.02631578947368421,0,0,0,0,0
4627,1,1,0,0.0,0.0,0.0,0.0,1,1,0,1,0
4628,1,1,0,0.0,0.0,0.0,0.02631578947368421,0,0,0,0,1
4629,1,1,0,0.0,0.0,0.0,0.0,1,1,1,1,0
4631,1,0,0,0.05,0.0,0.0,0.18421052631578946,0,1,1,1,1
4634,1,1,0,0.0,0.0,0.0,0.0,1,1,0,1,0
4636,0,0,1,0.0,0.0,0.0,0.02631578947368421,0,1,0,1,0
4637,1,0,0,0.0,0.0,0.0,0.05263157894736842,0,1,0,1,0
4639,0,0,0,0.0,0.0,0.11764705882352941,0.2631578947368421,0,1,1,1,0
4640,1,0,0,0.0,0.07692307692307693,0.058823529411764705,0.2631578947368421,0,1,0,1,1
4641,0,1,0,0.0,0.0,0.0,0.02631578947368421,1,0,0,0,0
4643,1,0,0,0.0,0.07692307692307693,0.1764705882352941,0.3157894736842105,1,1,1,1,1
4645,1,0,0,0.0,0.0,0.0,0.0,1,0,0,0,0
4647,1,1,1,0.0,0.0,0.058823529411764705,0.02631578947368421,1,0,0,0,0
4648,1,1,0,0.0,0.0,0.0,0.02631578947368421,0,0,0,0,0
4649,1,0,1,0.0,0.0,0.0,0.0,0,0,0,0,0
4651,1,0,0,0.0,0.0,0.0,0.0,0,0,0,0,1
4652,1,0,1,0.0,0.0,0.0,0.02631578947368421,0,1,0,1,1
4655,1,1,0,0.0,0.0,0.0,0.2631578947368421,1,0,0,0,1
4657,1,1,0,0.0,0.0,0.0,0.05263157894736842,1,1,1,1,0
4658,1,0,0,0.0,0.0,0.0,0.13157894736842105,1,0,0,0,0
4659,1,1,0,0.0,0.0,0.0,0.0,1,0,0,0,0
4660,1,0,1,0.0,0.0,0.0,0.0,0,0,0,0,1
4661,1,0,0,0.0,0.0,0.0,0.21052631578947367,1,0,0,0,0
4662,0,1,0,0.0,0.0,0.0,0.0,0,0,0,0,0
4663,1,1,0,0.0,0.0,0.0,0.13157894736842105,0,1,0,1,0
4665,0,0,1,0.0,0.0,0.0,0.0,1,0,0,0,0
4667,1,0,0,0.0,0.0,0.0,0.13157894736842105,0,1,0,1,0
4668,0,1,0,0.0,0.0,0.0,0.02631578947368421,0,0,0,0,0
4670,0,1,0,0.0,0.0,0.0,0.0,1,0,0,0,0
4671,1,0,0,0.0,0.0,0.0,0.15789473684210525,0,1,0,1,0
4672,1,1,0,0.0,0.0,0.0,0.5263157894736842,0,1,0,1,1
4673,1,0,0,0.0,0.0,0.058823529411764705,0.02631578947368421,1,1,0,0,1
4674,1,0,1,0.0,0.0,0.0,0.0,1,1,0,1,0
4675,1,0,0,0.0,0.0,0.0,0.18421052631578946,0,1,0,1,0
4677,1,0,0,0.0,0.0,0.0,0.15789473684210525,1,0,0,0,0
4678,1,0,0,0.0,0.0,0.0,0.15789473684210525,0,0,0,0,0
4679,1,1,0,0.0,0.0,0.0,0.0,1,0,0,0,0
4680,1,0,0,0.0,0.0,0.0,0.0,0,0,0,0,0
4681,1,0,1,0.0,0.0,0.0,0.02631578947368421,0,1,0,1,1
4682,1,1,0,0.0,0.0,0.0,0.02631578947368421,1,0,0,0,0
4683,1,0,0,0.0,0.0,0.0,0.0,1,0,0,0,0
4684,1,1,0,0.0,0.0,0.0,0.0,1,1,0,1,1
4685,1,0,0,0.0,0.0,0.0,0.23684210526315788,1,1,0,1,0
4686,0,0,0,0.0,0.0,0.0,0.0,1,0,0,0,0
4688,1,0,0,0.0,0.0,0.0,0.02631578947368421,1,0,0,0,0
4692,1,1,0,0.0,0.0,0.0,0.0,1,0,0,0,0
4694,1,1,0,0.0,0.0,0.0,0.05263157894736842,1,0,0,0,0
4695,1,0,0,0.0,0.0,0.0,0.21052631578947367,0,1,0,1,0
4696,1,0,0,0.0,0.0,0.0,0.0,0,0,0,0,0
4697,1,0,1,0.0,0.0,0.0,0.0,1,0,0,0,0
4698,1,0,0,0.0,0.0,0.0,0.2631578947368421,0,0,0,0,0
4699,1,0,1,0.05,0.0,0.058823529411764705,0.02631578947368421,0,1,0,1,0
4701,1,1,0,0.0,0.0,0.0,0.4473684210526315,0,0,0,0,1
4703,1,0,0,0.0,0.0,0.0,0.0,0,1,1,1,0
4704,1,1,0,0.0,0.0,0.0,0.05263157894736842,0,1,0,1,0
4705,1,0,0,0.0,0.0,0.0,0.07894736842105263,1,1,0,1,0
4706,0,1,0,0.0,0.0,0.0,0.0,0,1,0,1,0
4707,1,0,1,0.0,0.0,0.0,0.0,1,1,0,1,1
4708,1,0,0,0.0,0.0,0.0,0.10526315789473684,0,0,0,0,0
4710,0,1,0,0.0,0.0,0.0,0.23684210526315788,0,1,0,1,0
4711,0,0,0,0.0,0.0,0.0,0.02631578947368421,0,0,0,0,0
4712,1,0,0,0.0,0.0,0.0,0.15789473684210525,0,0,0,0,0
4715,1,0,0,0.0,0.0,0.0,0.3157894736842105,0,1,0,1,1
4718,1,1,0,0.0,0.0,0.0,0.02631578947368421,0,0,0,0,0
4719,1,1,0,0.0,0.0,0.0,0.0,1,0,0,0,0
4720,0,1,0,0.0,0.0,0.0,0.07894736842105263,0,0,0,0,1
4721,1,0,1,0.0,0.0,0.0,0.05263157894736842,0,1,0,1,0
4722,1,1,0,0.0,0.0,0.0,0.0,1,0,0,0,0
4724,0,0,0,0.0,0.0,0.0,0.02631578947368421,1,1,0,1,0
4725,0,0,0,0.05,0.0,0.0,0.2631578947368421,0,1,0,0,1
4726,0,0,0,0.0,0.0,0.0,0.0,0,0,0,0,0
4730,1,1,1,0.0,0.0,0.11764705882352941,0.02631578947368421,0,1,0,1,0
4731,1,0,1,0.0,0.0,0.0,0.0,0,1,1,1,0
4732,1,0,1,0.0,0.0,0.0,0.0,0,1,0,0,0
4735,1,0,1,0.0,0.0,0.0,0.0,0,0,0,0,1
4737,1,0,0,0.0,0.0,0.0,0.07894736842105263,0,0,0,0,0
4739,1,0,0,0.0,1.0,0.058823529411764705,0.5526315789473684,0,1,0,1,1
4743,1,0,0,0.0,0.0,0.0,0.13157894736842105,0,1,1,0,1
4747,1,0,0,0.0,0.0,0.0,0.3157894736842105,0,1,0,0,1
4748,0,0,0,0.0,0.0,0.0,0.0,1,0,0,0,0
4749,1,1,0,0.0,0.0,0.0,0.02631578947368421,0,0,0,0,0
4750,1,1,0,0.0,0.0,0.0,0.10526315789473684,0,0,0,0,0
4753,1,0,0,0.0,0.0,0.0,0.0,1,0,0,0,0
4754,1,0,0,0.0,0.0,0.0,0.02631578947368421,0,0,0,0,0
4755,1,0,0,0.0,0.0,0.0,0.8684210526315789,0,1,0,1,1
4757,1,0,0,0.0,0.0,0.0,0.02631578947368421,0,1,0,1,0
4760,1,1,0,0.0,0.0,0.0,0.2894736842105263,0,1,1,1,0
4761,1,0,0,0.0,0.0,0.0,0.05263157894736842,1,1,0,1,0
4763,1,1,1,0.0,0.0,0.11764705882352941,0.02631578947368421,0,0,0,0,0
4764,0,0,1,0.0,0.0,0.0,0.05263157894736842,0,0,0,0,1
4765,1,1,0,0.0,0.0,0.0,0.07894736842105263,0,0,0,0,0
4766,1,1,0,0.0,0.0,0.0,0.05263157894736842,0,1,0,1,1
4767,1,1,0,0.0,0.0,0.0,0.07894736842105263,0,0,0,0,0
4769,1,1,0,0.0,0.0,0.0,0.02631578947368421,0,0,0,0,0
4772,1,0,1,0.0,0.0,0.0,0.0,0,0,0,0,1
4773,1,0,1,0.0,0.0,0.058823529411764705,0.02631578947368421,0,0,0,0,1
4774,1,1,0,0.0,0.0,0.0,0.0,1,0,0,0,0
4775,1,1,0,0.0,0.0,0.0,0.07894736842105263,0,1,0,1,0
4776,1,0,0,0.0,0.0,0.0,0.07894736842105263,0,1,0,1,0
4778,1,1,0,0.0,0.0,0.0,0.0,0,1,0,1,0
4780,1,1,1,0.0,0.0,0.0,0.05263157894736842,0,0,0,0,0
4783,1,1,0,0.0,0.0,0.0,0.02631578947368421,0,1,0,1,0
4784,1,0,0,0.05,0.0,0.0,0.39473684210526316,0,0,0,0,1
4787,1,0,0,0.0,0.0,0.0,0.0,0,0,0,0,0
4789,1,0,0,0.0,0.0,0.0,0.2631578947368421,0,1,0,1,1
4792,0,0,1,0.0,0.07692307692307693,0.0,0.07894736842105263,1,0,0,0,1
4793,1,1,0,0.0,0.0,0.0,0.15789473684210525,1,1,0,1,0
4794,1,0,0,0.0,0.0,0.0,0.23684210526315788,0,1,0,1,1
4795,1,0,0,0.0,0.0,0.0,0.05263157894736842,0,0,0,0,1
4796,1,0,1,0.0,0.0,0.0,0.13157894736842105,1,0,0,0,0
4797,1,1,0,0.0,0.0,0.0,0.23684210526315788,0,0,0,0,0
4800,0,0,0,0.0,0.23076923076923078,0.11764705882352941,0.2631578947368421,0,1,0,1,1
4801,1,0,0,0.0,0.07692307692307693,0.0,0.13157894736842105,0,0,0,0,0
4802,1,1,0,0.0,0.0,0.0,0.18421052631578946,0,0,0,0,0
4804,1,0,0,0.0,0.0,0.0,0.05263157894736842,0,0,0,0,0
4805,1,0,0,0.0,0.0,0.0,0.0,0,1,0,1,1
4808,1,0,0,0.0,0.0,0.0,0.6052631578947368,0,1,1,1,1
4809,0,1,0,0.0,0.0,0.0,0.21052631578947367,0,1,0,1,1
4811,1,1,0,0.0,0.0,0.0,0.07894736842105263,0,0,0,0,0
4812,0,1,1,0.0,0.0,0.0,0.0,1,0,0,0,1
4815,0,0,0,0.0,0.0,0.0,0.05263157894736842,0,0,0,0,0
4817,1,0,0,0.0,0.07692307692307693,0.0,0.05263157894736842,1,1,1,1,0
4818,1,1,0,0.0,0.0,0.0,0.05263157894736842,1,1,0,1,0
4820,1,0,0,0.0,0.0,0.0,0.3421052631578947,0,1,0,1,1
4821,1,0,1,0.0,0.0,0.0,0.13157894736842105,1,1,1,1,1
4824,1,0,0,0.0,0.0,0.0,0.15789473684210525,1,1,1,0,1
4825,1,0,1,0.0,0.0,0.0,0.0,1,1,0,1,0
4826,1,0,0,0.0,0.0,0.0,0.21052631578947367,0,1,0,1,0
4827,0,0,0,0.0,0.0,0.0,0.02631578947368421,0,0,0,0,0
4828,1,1,0,0.0,0.0,0.0,0.05263157894736842,0,0,0,0,0
4831,1,1,0,0.0,0.0,0.0,0.2631578947368421,1,0,0,0,0
4833,1,1,0,0.0,0.0,0.0,0.05263157894736842,0,0,0,0,0
4834,0,0,0,0.0,0.0,0.0,0.07894736842105263,0,0,0,0,0
4835,1,0,0,0.0,0.0,0.0,0.02631578947368421,0,0,0,0,1
4837,1,1,0,0.0,0.0,0.0,0.05263157894736842,1,0,0,0,0
4839,1,0,0,0.0,0.0,0.058823529411764705,0.13157894736842105,0,0,0,0,1
4840,1,0,0,0.0,0.0,0.0,0.02631578947368421,1,1,0,1,1
4841,1,1,0,0.0,0.0,0.0,0.0,1,0,0,0,0
4844,0,0,1,0.0,0.0,0.0,0.02631578947368421,0,0,0,0,0
4845,1,0,0,0.0,0.0,0.0,0.05263157894736842,0,1,1,1,0
4846,1,0,0,0.0,0.0,0.0,0.18421052631578946,0,0,0,0,0
4847,1,1,0,0.0,0.0,0.0,0.07894736842105263,1,1,1,1,0
4848,1,0,0,0.0,0.0,0.0,0.02631578947368421,1,0,0,0,1
4851,1,0,0,0.0,0.0,0.0,0.07894736842105263,0,1,0,1,0
4853,0,1,0,0.0,0.0,0.0,0.02631578947368421,1,1,0,1,0
4857,0,0,0,0.0,0.0,0.0,0.0,0,1,0,1,0
4860,0,0,1,0.0,0.0,0.0,0.0,1,0,0,0,0
4861,1,0,0,0.0,0.0,0.0,0.15789473684210525,0,1,1,1,1
4862,1,0,1,0.0,0.0,0.0,0.07894736842105263,1,1,1,1,1
4864,0,0,0,0.0,0.07692307692307693,0.0,0.10526315789473684,0,0,0,0,0
4865,0,0,0,0.0,0.0,0.0,0.0,1,0,0,0,0
4866,1,0,0,0.0,0.0,0.0,0.3684210526315789,0,1,0,1,0
4870,1,1,1,0.0,0.0,0.0,0.02631578947368421,1,0,0,0,0
4871,1,1,0,0.0,0.0,0.0,0.07894736842105263,0,1,0,1,0
4872,0,0,0,0.0,0.0,0.0,0.07894736842105263,0,0,0,0,0
4873,0,0,0,0.0,0.0,0.0,0.10526315789473684,0,1,0,1,0
4876,1,0,0,0.0,0.0,0.0,0.13157894736842105,0,0,0,0,0
4877,1,1,1,0.0,0.0,0.0,0.05263157894736842,0,1,0,1,0
4879,1,0,0,0.0,0.0,0.0,0.05263157894736842,0,1,0,1,0
4881,1,0,0,0.0,0.0,0.0,0.0,0,0,0,0,0
4884,1,1,0,0.0,0.0,0.0,0.0,1,0,0,0,0
4885,0,0,0,0.0,0.0,0.0,0.07894736842105263,0,0,0,0,0
4886,1,0,0,0.0,0.0,0.0,0.02631578947368421,0,1,0,1,0
4887,1,1,0,0.0,0.0,0.0,0.15789473684210525,0,1,1,1,0
4888,1,0,0,0.0,0.0,0.0,0.07894736842105263,0,1,0,0,0
4890,1,0,1,0.0,0.0,0.0,0.02631578947368421,1,1,1,1,0
4891,0,1,0,0.0,0.0,0.0,0.02631578947368421,0,0,0,0,0
4893,1,0,0,0.0,0.0,0.0,0.0,0,0,0,0,1
4894,0,0,0,0.0,0.0,0.0,0.0,1,0,0,0,0
4897,1,1,0,0.0,0.0,0.0,0.23684210526315788,0,1,0,1,1
4900,0,0,0,0.0,0.0,0.0,0.0,0,0,0,0,0
4902,1,0,0,0.0,0.0,0.0,0.07894736842105263,1,0,0,0,0
4904,1,0,0,0.0,0.0,0.0,0.0,1,0,0,0,0
4906,1,0,1,0.05,0.0,0.058823529411764705,0.23684210526315788,1,1,1,1,1
4907,1,0,0,0.1,0.07692307692307693,0.058823529411764705,0.42105263157894735,0,1,0,1,1
4909,1,0,0,0.0,0.0,0.0,0.0,1,0,0,0,0
4910,1,1,1,0.0,0.0,0.0,0.0,1,1,0,1,0
4911,1,0,1,0.0,0.0,0.0,0.0,0,0,0,0,1
4912,1,0,1,0.0,0.0,0.0,0.15789473684210525,1,0,0,0,1
4914,1,0,1,0.0,0.07692307692307693,0.0,0.18421052631578946,0,1,1,1,1
4917,0,0,0,0.0,0.0,0.0,0.05263157894736842,0,0,0,0,0
4921,1,0,0,0.0,0.0,0.0,0.0,1,0,0,0,0
4922,1,0,0,0.0,0.0,0.0,0.0,1,0,0,0,0
4923,1,0,1,0.0,0.0,0.0,0.07894736842105263,0,1,0,1,0
4925,1,1,0,0.0,0.0,0.0,0.0,0,0,0,0,0
4926,1,0,0,0.0,0.0,0.0,0.5,0,0,0,0,0
4927,0,0,0,0.0,0.0,0.0,0.10526315789473684,0,1,0,1,1
4928,1,0,0,0.0,0.0,0.0,0.02631578947368421,0,0,0,0,0
4929,1,0,0,0.0,0.0,0.0,0.02631578947368421,1,1,1,0,1
4931,1,1,0,0.0,0.0,0.0,0.0,0,1,1,1,0
4932,1,0,0,0.0,0.0,0.0,0.07894736842105263,0,1,0,1,1
4933,1,0,0,0.0,0.0,0.0,0.3684210526315789,0,0,0,0,1
4934,1,1,0,0.0,0.0,0.0,0.0,1,0,0,0,0
4935,1,0,0,0.0,0.15384615384615385,0.0,0.5526315789473684,0,1,1,0,1
4936,0,0,0,0.0,0.0,0.0,0.07894736842105263,0,1,0,1,0
4937,1,0,0,0.0,0.0,0.0,0.10526315789473684,0,0,0,0,0
4938,1,0,0,0.0,0.0,0.0,0.02631578947368421,0,0,0,0,0
4939,1,0,1,0.0,0.07692307692307693,0.0,0.02631578947368421,0,1,1,1,1
4940,1,0,0,0.0,0.0,0.0,0.23684210526315788,0,1,0,1,1
4941,1,0,0,0.0,0.0,0.0,0.02631578947368421,1,0,0,0,0
4943,1,0,0,0.05,0.0,0.058823529411764705,0.23684210526315788,0,1,0,1,1
4944,1,0,1,0.0,0.0,0.058823529411764705,0.0,0,1,0,1,1
4945,0,1,0,0.0,0.0,0.0,0.05263157894736842,0,1,0,1,0
4947,1,0,1,0.0,0.07692307692307693,0.058823529411764705,0.07894736842105263,1,1,0,1,1
4948,1,1,0,0.0,0.0,0.0,0.02631578947368421,0,0,0,0,0
4949,1,1,0,0.0,0.0,0.0,0.10526315789473684,0,0,0,0,0
4950,1,0,1,0.0,0.0,0.0,0.0,0,1,0,0,0
4951,0,0,0,0.0,0.0,0.0,0.05263157894736842,1,0,0,0,0
4952,1,0,0,0.0,0.0,0.0,0.21052631578947367,1,1,0,1,0
4953,1,0,0,0.0,0.0,0.0,0.10526315789473684,0,1,0,1,0
4955,1,0,1,0.0,0.07692307692307693,0.0,0.10526315789473684,0,1,0,1,1
4956,1,0,0,0.0,0.0,0.0,0.13157894736842105,0,0,0,0,1
4958,1,1,1,0.0,0.0,0.0,0.0,1,1,0,1,0
4959,1,0,0,0.0,0.0,0.0,0.2631578947368421,1,1,1,1,0
4960,0,1,0,0.0,0.0,0.0,0.02631578947368421,1,1,0,1,0
4961,1,0,0,0.0,0.0,0.0,0.0,0,1,0,1,0
4962,1,0,0,0.0,0.0,0.0,0.02631578947368421,1,0,0,0,0
4964,1,0,0,0.0,0.0,0.0,0.07894736842105263,0,1,0,1,1
4965,1,0,0,0.0,0.0,0.0,0.0,1,0,0,0,0
4967,1,0,0,0.0,0.23076923076923078,0.0,0.2631578947368421,0,1,0,1,0
4968,1,0,0,0.0,0.0,0.0,0.02631578947368421,0,0,0,0,0
4969,1,0,1,0.0,0.0,0.0,0.02631578947368421,1,0,0,0,0
4970,1,0,0,0.0,0.0,0.0,0.02631578947368421,0,0,0,0,0
4971,1,0,1,0.0,0.07692307692307693,0.0,0.05263157894736842,0,1,0,1,1
4972,1,0,0,0.0,0.0,0.0,0.10526315789473684,0,0,0,0,0
4973,1,0,1,0.0,0.0,0.0,0.15789473684210525,0,1,0,1,1
4977,1,1,0,0.30000000000000004,0.07692307692307693,0.0,0.4473684210526315,0,1,0,1,1
4978,1,0,0,0.0,0.0,0.0,0.02631578947368421,0,0,0,0,0
4979,1,0,0,0.0,0.0,0.0,0.15789473684210525,0,1,0,1,1
4980,1,1,0,0.0,0.0,0.0,0.02631578947368421,1,0,0,0,0
4982,1,1,0,0.0,0.0,0.0,0.05263157894736842,1,0,0,0,0
4983,1,1,0,0.0,0.15384615384615385,0.058823529411764705,0.2631578947368421,0,1,0,1,0
4990,1,1,1,0.0,0.0,0.0,0.10526315789473684,1,1,0,1,0
4991,1,0,0,0.0,0.0,0.0,0.2631578947368421,0,1,0,1,0
4992,1,0,0,0.0,0.0,0.0,0.23684210526315788,0,1,0,1,0
4993,1,0,0,0.0,0.0,0.0,0.07894736842105263,0,0,0,0,0
4994,1,1,0,0.0,0.0,0.0,0.02631578947368421,0,1,0,1,0
4996,1,1,0,0.0,0.0,0.0,0.02631578947368421,0,0,0,0,0
4998,1,1,0,0.0,0.0,0.0,0.02631578947368421,0,0,0,0,0
4999,1,0,0,0.0,0.0,0.0,0.05263157894736842,0,1,0,1,1
5001,1,0,1,0.0,0.0,0.0,0.0,1,1,0,1,0
5003,1,0,0,0.0,0.07692307692307693,0.0,0.10526315789473684,0,1,0,1,1
5004,1,0,0,0.0,0.0,0.0,0.0,0,1,0,1,0
5005,1,0,0,0.0,0.0,0.0,0.3684210526315789,0,1,0,1,1
5009,0,1,0,0.0,0.0,0.0,0.0,1,0,0,0,0
5010,1,0,0,0.0,0.0,0.0,0.5,0,1,1,1,1
5012,1,1,0,0.0,0.0,0.0,0.0,1,0,0,0,0
5014,1,0,0,0.0,0.0,0.0,0.15789473684210525,0,1,0,1,1
5015,1,1,0,0.0,0.0,0.0,0.0,1,1,0,1,0
5017,0,1,0,0.0,0.0,0.11764705882352941,0.05263157894736842,0,1,0,1,0
5019,1,0,0,0.0,0.0,0.0,0.21052631578947367,0,1,0,1,1
5020,1,0,0,0.0,0.0,0.0,0.0,0,0,0,0,1
5022,1,0,0,0.0,0.0,0.0,0.21052631578947367,0,1,0,0,0
5023,1,1,1,0.0,0.0,0.0,0.02631578947368421,1,1,1,1,0
5025,0,0,0,0.0,0.0,0.0,0.15789473684210525,1,1,0,1,0
5027,1,0,0,0.0,0.0,0.0,0.15789473684210525,0,1,0,1,0
5033,1,0,0,0.0,0.0,0.0,0.0,0,0,0,0,0
5035,1,1,0,0.0,0.0,0.0,0.10526315789473684,0,0,0,0,0
5037,0,1,1,0.0,0.0,0.058823529411764705,0.05263157894736842,0,0,0,0,1
5042,1,0,0,0.0,0.0,0.0,0.3421052631578947,1,1,1,1,1
5043,1,1,1,0.0,0.0,0.058823529411764705,0.0,0,1,1,1,1
5045,0,1,0,0.0,0.0,0.0,0.13157894736842105,0,0,0,0,1
5046,0,0,1,0.0,0.0,0.0,0.0,0,0,0,0,1
5047,1,0,0,0.0,0.0,0.0,0.07894736842105263,0,0,0,0,0
5048,0,0,0,0.0,0.0,0.0,0.13157894736842105,0,1,0,1,0
5049,0,1,0,0.0,0.0,0.0,0.0,1,0,0,0,0
5050,1,0,1,0.0,0.0,0.0,0.0,1,0,0,0,0
5051,1,1,0,0.0,0.07692307692307693,0.058823529411764705,0.07894736842105263,0,0,0,0,0
5052,1,1,0,0.0,0.0,0.0,0.0,0,0,0,0,0
5053,1,0,1,0.0,0.0,0.0,0.02631578947368421,0,1,0,1,1
5054,1,0,1,0.0,0.0,0.0,0.0,1,1,0,0,0
5057,0,0,0,0.0,0.0,0.0,0.02631578947368421,0,0,0,0,0
5058,1,0,1,0.0,0.0,0.0,0.07894736842105263,0,1,0,1,1
5060,1,0,1,0.0,0.0,0.0,0.02631578947368421,0,1,0,1,0
5061,0,0,1,0.0,0.0,0.0,0.02631578947368421,0,1,0,1,0
5062,0,1,0,0.0,0.0,0.0,0.18421052631578946,0,1,0,1,0
5063,0,0,1,0.0,0.0,0.0,0.02631578947368421,1,1,0,1,0
5064,1,1,0,0.0,0.0,0.0,0.05263157894736842,0,1,1,1,0
5065,1,1,0,0.0,0.0,0.0,0.05263157894736842,1,0,0,0,0
5066,1,0,1,0.0,0.15384615384615385,0.0,0.18421052631578946,0,1,1,1,0
5067,0,0,1,0.0,0.0,0.0,0.05263157894736842,0,1,1,1,0
5068,1,1,0,0.0,0.0,0.0,0.0,0,0,0,0,1
5069,1,0,1,0.05,0.0,0.0,0.05263157894736842,1,1,0,1,1
5071,1,0,0,0.0,0.0,0.0,0.02631578947368421,0,0,0,0,0
5073,1,0,0,0.0,0.0,0.0,0.3157894736842105,0,0,0,0,0
5074,1,0,0,0.0,0.0,0.0,0.02631578947368421,1,1,0,1,0
5075,1,0,0,0.05,0.23076923076923078,0.0,0.631578947368421,1,1,1,1,1
5078,1,0,0,0.0,0.0,0.0,0.02631578947368421,0,0,0,0,1
5079,1,1,0,0.0,0.0,0.0,0.07894736842105263,1,0,0,0,0
5083,1,0,1,0.0,0.0,0.0,0.0,1,1,0,1,1
5084,0,0,0,0.0,0.0,0.0,0.0,1,0,0,0,0
5086,1,1,0,0.0,0.0,0.0,0.0,0,1,1,0,0
5088,0,1,0,0.0,0.0,0.0,0.02631578947368421,1,1,1,1,0
5094,0,0,1,0.0,0.0,0.0,0.0,1,0,0,0,0
5096,0,0,0,0.0,0.0,0.0,0.0,1,0,0,0,0
5098,1,0,0,0.0,0.0,0.0,0.18421052631578946,0,1,0,1,1
5099,1,0,0,0.0,0.0,0.0,0.15789473684210525,0,0,0,0,0
5100,0,1,0,0.0,0.0,0.0,0.05263157894736842,0,1,0,1,0
5101,1,0,0,0.0,0.0,0.0,0.13157894736842105,1,1,0,1,0
5103,1,0,0,0.0,0.0,0.0,0.18421052631578946,0,0,0,0,1
5106,1,1,0,0.0,0.0,0.058823529411764705,0.15789473684210525,1,1,0,1,0
5107,1,0,0,0.0,0.0,0.0,0.21052631578947367,0,1,1,1,1
5108,1,1,0,0.0,0.0,0.0,0.0,1,0,0,0,0
5111,1,0,0,0.0,0.0,0.0,0.02631578947368421,0,0,0,0,0
5112,1,0,0,0.0,0.0,0.0,0.13157894736842105,0,1,1,1,1
5113,1,0,1,0.0,0.0,0.0,0.0,0,1,0,1,0
5114,1,1,0,0.0,0.0,0.0,0.6842105263157894,0,1,0,1,1
5116,1,0,0,0.0,0.07692307692307693,0.0,0.2631578947368421,0,1,0,1,1
5117,1,0,1,0.0,0.07692307692307693,0.0,0.05263157894736842,0,1,0,1,1
5118,1,0,0,0.05,0.0,0.0,0.23684210526315788,1,1,1,1,1
5119,1,0,0,0.25,0.0,0.0,0.2631578947368421,0,1,0,1,1
5120,0,0,0,0.0,0.0,0.0,0.0,1,0,0,0,0
5121,1,0,0,0.0,0.0,0.0,0.0,1,0,0,0,0
5122,1,0,1,0.0,0.3076923076923077,0.0,0.18421052631578946,0,1,0,1,1
5123,1,0,0,0.0,0.0,0.0,0.07894736842105263,0,1,1,1,0
5126,1,0,0,0.0,0.0,0.0,0.18421052631578946,0,0,0,0,0
5127,0,1,0,0.0,0.0,0.0,0.0,1,0,0,0,0
5128,1,0,0,0.0,0.0,0.0,0.02631578947368421,1,0,0,0,0
5130,1,0,0,0.0,0.0,0.0,0.02631578947368421,0,0,0,0,0
5131,1,0,1,0.0,0.0,0.0,0.0,0,1,0,1,0
5132,1,0,0,0.0,0.0,0.0,0.05263157894736842,1,0,0,0,1
5133,1,0,0,0.0,0.0,0.0,0.02631578947368421,1,1,0,1,0
5134,1,1,0,0.0,0.0,0.058823529411764705,0.47368421052631576,0,1,0,1,1
5136,1,0,0,0.0,0.0,0.0,0.02631578947368421,0,1,0,1,0
5137,0,0,0,0.0,0.0,0.0,0.07894736842105263,0,1,0,1,0
5138,1,1,1,0.0,0.0,0.0,0.0,0,1,0,1,1
5140,1,0,0,0.0,0.0,0.0,0.0,1,1,0,1,0
5141,1,0,0,0.0,0.0,0.0,0.15789473684210525,1,1,0,1,0
5142,0,0,0,0.0,0.0,0.0,0.10526315789473684,0,0,0,0,0
5143,0,1,1,0.0,0.0,0.0,0.02631578947368421,1,0,0,0,0
5145,1,0,0,0.05,0.0,0.0,0.05263157894736842,0,1,0,1,0
5147,1,0,1,0.0,0.0,0.0,0.0,0,1,0,1,0
5148,1,1,0,0.0,0.0,0.0,0.0,1,1,0,1,0
5149,1,0,0,0.0,0.0,0.0,0.13157894736842105,0,1,0,1,1
5150,1,0,0,0.0,0.0,0.0,0.02631578947368421,1,0,0,0,0
5151,0,1,0,0.0,0.0,0.0,0.05263157894736842,0,0,0,0,0
5152,1,0,0,0.0,0.0,0.0,0.02631578947368421,0,1,0,1,1
5153,1,0,0,0.05,0.6153846153846154,0.29411764705882354,0.6052631578947368,0,1,0,1,1
5154,1,0,0,0.0,0.15384615384615385,0.058823529411764705,0.6578947368421052,1,1,0,1,1
5155,1,0,0,0.0,0.0,0.0,0.47368421052631576,0,1,1,1,1
5158,1,0,0,0.0,0.0,0.0,0.02631578947368421,1,0,0,0,0
5160,1,0,0,0.0,0.0,0.0,0.2894736842105263,0,1,0,0,1
5161,0,0,0,0.0,0.0,0.0,0.05263157894736842,0,0,0,0,1
5162,0,1,0,0.0,0.0,0.0,0.0,0,0,0,0,0
5163,1,0,0,0.0,0.0,0.058823529411764705,0.23684210526315788,0,1,0,1,1
5166,1,1,0,0.05,0.0,0.0,0.23684210526315788,0,0,0,0,1
5167,1,1,0,0.0,0.0,0.058823529411764705,0.21052631578947367,1,0,0,0,1
5168,1,0,1,0.05,0.0,0.0,0.18421052631578946,0,1,0,1,1
5170,1,0,1,0.0,0.0,0.0,0.0,0,1,0,1,0
5171,1,1,0,0.0,0.0,0.0,0.0,0,0,0,0,0
5172,1,0,0,0.0,0.0,0.0,0.18421052631578946,0,0,0,0,1
5173,0,0,0,0.0,0.0,0.0,0.0,1,1,0,1,0
5174,1,0,0,0.0,0.0,0.0,0.02631578947368421,0,0,0,0,0
5176,1,0,0,0.0,0.0,0.0,0.07894736842105263,1,0,0,0,0
5177,1,0,0,0.0,0.0,0.0,0.07894736842105263,1,1,0,1,0
5178,0,0,0,0.0,0.0,0.0,0.07894736842105263,0,0,0,0,0
5179,1,0,0,0.05,0.0,0.0,0.6842105263157894,0,1,0,1,1
5180,0,0,0,0.0,0.0,0.0,0.0,1,0,0,0,0
5181,1,1,0,0.0,0.0,0.0,0.02631578947368421,0,0,0,0,0
5182,1,1,0,0.0,0.0,0.0,0.02631578947368421,0,0,0,0,0
5183,1,0,1,0.0,0.0,0.0,0.02631578947368421,1,0,0,0,0
5184,1,0,0,0.0,0.0,0.0,0.0,0,0,0,0,0
5186,1,0,0,0.0,0.0,0.0,0.2894736842105263,0,0,0,0,1
5187,1,1,0,0.0,0.0,0.0,0.3421052631578947,0,0,0,0,0
5188,1,0,0,0.0,0.3076923076923077,0.23529411764705882,0.23684210526315788,0,1,0,1,1
5189,0,1,0,0.0,0.0,0.0,0.02631578947368421,0,0,0,0,0
5190,1,0,0,0.0,0.0,0.0,0.02631578947368421,1,1,0,1,0
5191,1,0,1,0.0,0.0,0.0,0.0,1,1,0,1,1
5192,1,0,0,0.05,0.0,0.0,0.21052631578947367,1,1,0,1,0
5193,0,0,0,0.0,0.0,0.0,0.13157894736842105,0,1,1,1,0
5194,1,0,0,0.0,0.0,0.0,0.0,0,0,0,0,0
5196,1,0,0,0.0,0.0,0.0,0.02631578947368421,0,0,0,0,0
5197,1,0,0,0.0,0.0,0.0,0.0,1,1,1,1,0
5198,1,1,0,0.0,0.0,0.0,0.0,0,0,0,0,0
5201,1,0,1,0.0,0.0,0.1764705882352941,0.05263157894736842,0,1,0,1,0
5203,1,0,1,0.05,0.0,0.0,0.02631578947368421,0,1,0,1,1
5204,0,0,0,0.0,0.15384615384615385,0.0,0.2631578947368421,0,0,0,0,1
5205,1,1,1,0.0,0.0,0.0,0.21052631578947367,0,1,0,0,1
5207,0,1,0,0.0,0.0,0.0,0.05263157894736842,0,1,0,1,1
5208,1,0,0,0.0,0.0,0.0,0.0,1,1,0,1,0
5209,1,1,0,0.0,0.0,0.0,0.0,0,0,0,0,0
5211,1,0,0,0.0,0.0,0.0,0.0,0,0,0,0,0
5213,1,0,0,0.0,0.0,0.0,0.07894736842105263,1,0,0,0,0
5215,1,1,0,0.0,0.0,0.0,0.0,0,0,0,0,0
5216,1,0,0,0.0,0.0,0.0,0.10526315789473684,1,1,0,1,0
5217,1,0,0,0.0,0.0,0.0,0.0,0,1,1,1,0
5218,1,1,0,0.0,0.0,0.0,0.05263157894736842,0,0,0,0,0
5219,0,1,0,0.0,0.0,0.0,0.2631578947368421,0,1,0,1,0
5222,1,0,1,0.0,0.0,0.0,0.0,0,1,0,1,0
5223,0,0,1,0.0,0.0,0.0,0.02631578947368421,0,1,0,1,0
5224,1,0,0,0.0,0.0,0.0,0.0,0,1,0,1,1
5225,1,0,1,0.0,0.0,0.0,0.02631578947368421,0,1,0,1,1
5226,1,0,0,0.0,0.0,0.0,0.7105263157894737,0,0,0,0,1
5227,1,0,0,0.0,0.0,0.0,0.2631578947368421,0,0,0,0,1
5231,1,0,0,0.0,0.0,0.0,0.02631578947368421,1,1,0,1,0
5232,1,1,1,0.0,0.0,0.0,0.05263157894736842,0,1,0,1,1
5236,1,0,0,0.0,0.07692307692307693,0.058823529411764705,0.21052631578947367,0,0,0,0,1
5243,1,0,1,0.0,0.0,0.0,0.0,0,1,1,1,1
5244,1,1,0,0.0,0.0,0.0,0.05263157894736842,0,0,0,0,0
5246,0,1,0,0.0,0.0,0.0,0.0,1,0,0,0,0
5247,1,0,1,0.0,0.0,0.0,0.02631578947368421,0,1,0,1,0
5248,1,0,0,0.05,0.0,0.0,0.10526315789473684,1,0,0,0,1
5249,1,0,0,0.0,0.0,0.0,0.0,0,0,0,0,0
5251,1,1,1,0.0,0.0,0.0,0.02631578947368421,0,0,0,0,0
5252,1,0,0,0.0,0.0,0.0,0.0,1,0,0,0,0
5253,1,1,0,0.0,0.0,0.0,0.07894736842105263,0,1,0,1,1
5255,0,0,0,0.0,0.0,0.0,0.02631578947368421,0,0,0,0,0
5258,1,1,0,0.0,0.0,0.0,0.07894736842105263,1,0,0,0,0
5259,1,0,0,0.0,0.0,0.0,0.23684210526315788,1,1,0,1,0
5260,1,0,0,0.0,0.0,0.0,0.0,1,0,0,0,0
5261,1,1,0,0.0,0.0,0.0,0.0,1,1,1,1,0
5262,0,1,0,0.0,0.0,0.0,0.05263157894736842,0,0,0,0,0
5263,1,0,1,0.1,0.07692307692307693,0.058823529411764705,0.07894736842105263,0,1,0,1,1
5264,1,0,1,0.0,0.0,0.0,0.05263157894736842,1,0,0,0,1
5265,1,0,1,0.0,0.0,0.058823529411764705,0.07894736842105263,0,1,0,1,1
5266,1,1,0,0.0,0.0,0.0,0.05263157894736842,0,0,0,0,0
5270,1,0,0,0.0,0.0,0.0,0.0,1,0,0,0,0
5271,0,1,0,0.0,0.0,0.0,0.0,0,1,0,1,0
5272,1,1,0,0.0,0.0,0.0,0.0,0,0,0,0,0
5274,1,0,1,0.0,0.0,0.0,0.0,1,1,0,1,1
5275,1,0,0,0.0,0.0,0.0,0.13157894736842105,0,0,0,0,1
5276,1,1,0,0.0,0.0,0.0,0.02631578947368421,0,0,0,0,0
5278,1,1,1,0.0,0.0,0.0,0.0,0,1,0,1,1
5279,1,0,1,0.0,0.0,0.0,0.0,1,1,0,1,0
5280,1,1,0,0.0,0.0,0.0,0.07894736842105263,0,1,0,1,0
5281,1,0,1,0.0,0.0,0.0,0.0,1,0,0,0,0
5282,1,1,0,0.0,0.0,0.0,0.0,0,1,0,1,1
5287,1,0,0,0.0,0.0,0.0,0.0,1,0,0,0,0
5288,1,1,0,0.0,0.0,0.0,0.02631578947368421,0,1,0,1,0
5289,1,0,0,0.0,0.0,0.0,0.18421052631578946,0,1,0,1,0
5290,1,1,0,0.0,0.0,0.0,0.0,1,0,0,0,0
5293,0,0,0,0.0,0.0,0.0,0.2894736842105263,0,0,0,0,1
5294,1,0,0,0.0,0.0,0.0,0.18421052631578946,0,0,0,0,0
5295,1,0,0,0.0,0.0,0.0,0.02631578947368421,0,1,0,1,0
5297,0,0,0,0.0,0.0,0.0,0.39473684210526316,1,1,0,1,1
5298,1,1,0,0.0,0.07692307692307693,0.0,0.23684210526315788,1,0,0,0,0
5301,1,0,0,0.0,0.0,0.0,0.0,0,1,0,1,0
5307,1,0,0,0.0,0.0,0.0,0.10526315789473684,0,0,0,0,0
5308,1,0,0,0.0,0.0,0.0,0.21052631578947367,1,0,0,0,0
5309,0,1,0,0.0,0.0,0.0,0.0,1,0,0,0,0
5312,1,1,0,0.0,0.0,0.0,0.13157894736842105,0,1,0,1,0
5313,1,1,0,0.0,0.0,0.0,0.0,1,1,0,1,0
5314,1,0,0,0.0,0.0,0.0,0.10526315789473684,0,0,0,0,0
5315,1,0,0,0.0,0.0,0.0,0.0,1,0,0,0,0
5316,1,0,0,0.0,0.0,0.0,0.02631578947368421,1,1,0,1,0
5318,1,0,0,0.0,0.0,0.0,0.13157894736842105,0,1,1,1,0
5321,0,1,1,0.0,0.0,0.0,0.05263157894736842,1,1,0,1,1
5322,1,1,0,0.0,0.0,0.0,0.0,0,0,0,0,0
5323,1,0,0,0.0,0.0,0.0,0.10526315789473684,0,0,0,0,0
5324,1,1,0,0.0,0.0,0.0,0.02631578947368421,0,1,1,1,0
5326,1,1,0,0.0,0.0,0.0,0.07894736842105263,1,1,0,1,0
5327,1,1,0,0.0,0.0,0.0,0.02631578947368421,0,1,0,1,0
5330,1,0,0,0.0,0.0,0.0,0.0,1,1,0,1,0
5331,1,0,0,0.0,0.0,0.0,0.0,1,0,0,0,0
5332,1,1,0,0.0,0.0,0.0,0.13157894736842105,0,0,0,0,0
5333,1,0,1,0.0,0.0,0.0,0.0,0,0,0,0,0
5334,1,0,0,0.05,0.0,0.0,0.21052631578947367,1,0,0,0,1
5335,1,1,0,0.0,0.0,0.0,0.18421052631578946,0,0,0,0,0
5337,1,0,0,0.0,0.0,0.0,0.07894736842105263,1,1,0,1,0
5339,1,1,0,0.0,0.0,0.0,0.18421052631578946,0,1,0,1,0
5341,1,1,0,0.0,0.0,0.0,0.13157894736842105,0,1,0,1,0
5342,1,1,0,0.0,0.0,0.0,0.07894736842105263,1,0,0,0,0
5344,1,1,0,0.0,0.0,0.0,0.0,0,0,0,0,0
5346,1,0,0,0.0,0.07692307692307693,0.0,0.7105263157894737,1,0,0,0,1
5347,1,0,0,0.0,0.0,0.0,0.13157894736842105,0,0,0,0,0
5348,0,0,0,0.0,0.0,0.0,0.0,1,1,0,1,0
5349,1,1,1,0.0,0.0,0.0,0.0,0,1,0,1,1
5350,0,1,0,0.0,0.0,0.0,0.05263157894736842,0,1,0,1,1
5351,1,1,1,0.0,0.0,0.058823529411764705,0.0,1,0,0,0,0
5352,1,0,1,0.0,0.0,0.0,0.0,1,1,0,1,0
5354,1,0,1,0.0,0.0,0.0,0.02631578947368421,1,1,0,1,1
5355,1,0,0,0.0,0.0,0.0,0.05263157894736842,0,0,0,0,0
5358,1,0,0,0.0,0.0,0.0,0.0,1,1,0,1,0
5360,1,1,0,0.0,0.0,0.0,0.21052631578947367,0,0,0,0,0
5363,1,0,0,0.0,0.0,0.0,0.02631578947368421,1,0,0,0,0
5364,0,1,0,0.0,0.0,0.0,0.0,1,0,0,0,0
5365,1,1,0,0.0,0.0,0.0,0.0,0,0,0,0,0
5366,1,1,0,0.0,0.0,0.0,0.42105263157894735,0,1,0,1,1
5367,1,0,0,0.0,0.0,0.0,0.07894736842105263,0,1,0,1,0
5369,1,0,0,0.0,0.0,0.0,0.0,1,0,0,0,0
5370,1,0,1,0.0,0.0,0.0,0.02631578947368421,1,0,0,0,0
5371,0,1,0,0.0,0.0,0.0,0.07894736842105263,0,1,0,1,0
5372,0,0,0,0.0,0.0,0.0,0.0,0,0,0,0,0
5373,1,0,1,0.0,0.0,0.0,0.0,0,0,0,0,0
5374,1,0,1,0.0,0.15384615384615385,0.058823529411764705,0.07894736842105263,1,1,0,1,0
5377,1,0,0,0.0,0.0,0.0,0.07894736842105263,0,0,0,0,0
5379,1,0,0,0.0,0.07692307692307693,0.0,0.2894736842105263,0,0,0,0,1
5380,1,0,0,0.05,0.0,0.058823529411764705,0.2894736842105263,0,1,0,1,1
5381,1,0,0,0.0,0.0,0.0,0.10526315789473684,1,1,0,0,0
5382,1,0,0,0.0,0.0,0.0,0.0,0,0,0,0,0
5383,0,0,1,0.0,0.0,0.0,0.02631578947368421,0,1,1,1,1
5386,0,1,0,0.0,0.0,0.0,0.02631578947368421,0,0,0,0,0
5387,1,0,0,0.0,0.0,0.0,0.0,1,1,1,1,0
5388,1,1,0,0.0,0.0,0.0,0.18421052631578946,0,1,0,1,1
5389,1,0,1,0.0,0.0,0.058823529411764705,0.02631578947368421,0,0,0,0,1
5390,1,0,1,0.0,0.0,0.0,0.0,0,1,0,1,1
5391,0,1,0,0.0,0.0,0.0,0.07894736842105263,0,0,0,0,0
5392,1,0,0,0.0,0.0,0.0,0.02631578947368421,1,0,0,0,0
5394,1,1,0,0.0,0.0,0.0,0.07894736842105263,0,0,0,0,0
5395,1,0,0,0.0,0.0,0.0,0.05263157894736842,0,1,0,1,1
5398,1,0,1,0.0,0.0,0.0,0.0,1,0,0,0,1
5399,1,1,0,0.0,0.0,0.0,0.0,0,0,0,0,0
5400,1,0,0,0.0,0.07692307692307693,0.0,0.23684210526315788,0,0,0,0,1
5402,0,0,1,0.0,0.0,0.0,0.05263157894736842,0,1,1,1,1
5403,1,0,0,0.0,0.0,0.0,0.21052631578947367,0,1,0,1,1
5404,0,0,0,0.0,0.0,0.0,0.05263157894736842,1,0,0,0,0
5405,1,0,0,0.0,0.0,0.0,0.13157894736842105,1,0,0,0,0
5406,1,0,0,0.0,0.0,0.0,0.05263157894736842,0,0,0,0,0
5410,0,0,0,0.0,0.0,0.0,0.0,0,0,0,0,0
5411,1,0,1,0.0,0.0,0.0,0.02631578947368421,0,1,1,1,0
5412,1,1,0,0.0,0.0,0.0,0.21052631578947367,0,1,0,1,0
5416,1,0,0,0.0,0.0,0.0,0.05263157894736842,1,0,0,0,0
5417,1,1,0,0.0,0.0,0.0,0.0,1,0,0,0,0
5418,1,0,0,0.0,0.0,0.0,0.0,0,0,0,0,0
5420,1,0,1,0.0,0.0,0.0,0.05263157894736842,0,1,0,1,0
5423,1,1,0,0.0,0.0,0.0,0.05263157894736842,0,0,0,0,0
5425,0,0,0,0.0,0.0,0.0,0.0,0,1,0,1,1
5426,1,1,0,0.0,0.0,0.0,0.5526315789473684,0,0,0,0,1
5427,0,0,0,0.0,0.0,0.0,0.05263157894736842,0,0,0,0,0
5428,1,1,0,0.0,0.0,0.0,0.13157894736842105,0,1,0,1,0
5429,1,0,0,0.15000000000000002,0.0,0.11764705882352941,0.5,1,1,0,1,1
5430,1,0,1,0.0,0.0,0.0,0.07894736842105263,0,1,0,1,0
5431,0,1,0,0.0,0.0,0.0,0.07894736842105263,1,1,1,1,0
5432,1,1,0,0.0,0.0,0.0,0.23684210526315788,1,1,0,1,0
5433,0,0,1,0.0,0.0,0.0,0.02631578947368421,0,1,0,1,1
5434,1,0,0,0.0,0.0,0.0,0.05263157894736842,1,1,0,1,0
5435,1,0,1,0.0,0.0,0.0,0.05263157894736842,1,1,0,1,1
5436,0,1,0,0.0,0.0,0.0,0.02631578947368421,1,0,0,0,0
5438,1,0,1,0.0,0.0,0.0,0.02631578947368421,0,1,0,1,1
5439,1,0,0,0.0,0.0,0.0,0.07894736842105263,1,1,1,1,0
5440,0,0,0,0.0,0.0,0.0,0.07894736842105263,0,1,0,1,0
5441,1,0,0,0.0,0.0,0.0,0.0,1,0,0,0,0
5442,1,0,0,0.0,0.0,0.0,0.7368421052631579,1,1,0,1,1
5443,1,0,0,0.05,0.0,0.0,0.05263157894736842,0,1,0,0,1
5444,0,1,0,0.0,0.0,0.0,0.02631578947368421,0,1,0,1,0
5445,1,0,0,0.0,0.15384615384615385,0.0,0.23684210526315788,1,1,1,1,1
5446,1,0,0,0.0,0.0,0.0,0.10526315789473684,0,0,0,0,0
5447,1,0,0,0.05,0.0,0.0,0.5526315789473684,1,1,1,1,1
5448,1,1,0,0.0,0.0,0.0,0.0,0,0,0,0,0
5449,1,1,0,0.0,0.0,0.0,0.02631578947368421,0,0,0,0,0
5451,0,1,0,0.0,0.0,0.0,0.05263157894736842,0,0,0,0,0
5453,0,0,1,0.0,0.0,0.0,0.10526315789473684,0,1,0,1,1
5454,0,1,0,0.0,0.0,0.0,0.0,0,1,0,1,0
5455,0,1,0,0.0,0.0,0.058823529411764705,0.10526315789473684,0,0,0,0,0
5456,1,0,0,0.0,0.0,0.0,0.5263157894736842,0,1,0,1,1
5458,1,0,1,0.0,0.0,0.0,0.02631578947368421,0,1,0,1,0
5459,1,0,0,0.0,0.0,0.0,0.0,1,0,0,0,0
5460,1,0,0,0.05,0.15384615384615385,0.0,0.23684210526315788,0,1,1,1,1
5461,1,0,0,0.0,0.0,0.0,0.02631578947368421,0,0,0,0,0
5463,1,0,1,0.0,0.0,0.0,0.02631578947368421,0,1,0,1,0
5465,0,0,1,0.0,0.0,0.0,0.0,0,1,0,1,1
5472,0,1,0,0.0,0.0,0.0,0.0,0,1,0,1,0
5473,1,0,1,0.0,0.0,0.0,0.0,0,0,0,0,0
5474,1,0,0,0.0,0.0,0.0,0.10526315789473684,0,0,0,0,0
5475,1,0,0,0.0,0.0,0.0,0.0,1,0,0,0,0
5476,1,0,1,0.0,0.0,0.0,0.0,1,1,0,1,0
5477,1,1,0,0.0,0.0,0.0,0.0,0,0,0,0,0
5479,1,0,1,0.0,0.0,0.0,0.07894736842105263,0,0,0,0,1
5482,1,0,0,0.0,0.0,0.0,0.13157894736842105,0,1,0,1,0
5483,1,1,0,0.0,0.0,0.0,0.13157894736842105,0,0,0,0,0
5484,1,1,0,0.0,0.0,0.0,0.02631578947368421,0,0,0,0,0
5485,1,0,1,0.0,0.0,0.058823529411764705,0.0,0,1,0,1,1
5487,1,0,0,0.0,0.0,0.0,0.0,0,0,0,0,0
5489,1,0,1,0.0,0.0,0.0,0.18421052631578946,0,1,0,1,1
5491,1,1,1,0.0,0.0,0.0,0.0,0,0,0,0,0
5492,1,1,0,0.0,0.0,0.0,0.05263157894736842,0,0,0,0,1
5494,1,0,0,0.0,0.0,0.0,0.02631578947368421,1,1,0,1,0
5495,1,0,0,0.0,0.0,0.0,0.3421052631578947,0,0,0,0,0
5496,0,0,1,0.0,0.0,0.0,0.05263157894736842,0,0,0,0,0
5497,1,0,0,0.0,0.0,0.0,0.0,1,0,0,0,0
5500,1,1,0,0.0,0.0,0.0,0.18421052631578946,0,0,0,0,0
5501,1,0,0,0.0,0.0,0.0,0.07894736842105263,0,1,0,1,0
5502,1,0,1,0.0,0.0,0.0,0.02631578947368421,0,1,0,1,0
5505,1,0,0,0.0,0.0,0.0,0.0,0,0,0,0,0
5506,1,1,1,0.0,0.0,0.0,0.07894736842105263,0,1,0,1,0
5507,1,0,0,0.0,0.0,0.0,0.05263157894736842,1,0,0,0,0
5508,1,0,0,0.0,0.0,0.0,0.02631578947368421,1,0,0,0,0
5511,0,1,0,0.0,0.0,0.0,0.0,1,0,0,0,0
5512,1,0,0,0.0,0.0,0.0,0.02631578947368421,1,0,0,0,0
5514,1,0,0,0.0,0.0,0.0,0.0,1,0,0,0,0
5515,1,0,0,0.0,0.0,0.0,0.02631578947368421,1,0,0,0,0
5517,1,0,0,0.0,0.0,0.0,0.0,0,0,0,0,0
5518,1,1,0,0.0,0.0,0.0,0.02631578947368421,1,1,0,0,0
5519,1,0,0,0.0,0.0,0.0,0.0,1,0,0,0,0
5520,1,1,0,0.0,0.0,0.0,0.02631578947368421,0,0,0,0,0
5522,0,0,0,0.0,0.0,0.0,0.02631578947368421,1,0,0,0,0
5524,1,0,0,0.0,0.0,0.0,0.18421052631578946,0,0,0,0,0
5525,1,1,0,0.0,0.0,0.058823529411764705,0.13157894736842105,0,1,0,1,0
5528,0,1,0,0.0,0.0,0.0,0.0,0,0,0,0,0
5530,1,0,0,0.0,0.0,0.0,0.02631578947368421,0,0,0,0,0
5531,1,1,1,0.0,0.0,0.11764705882352941,0.05263157894736842,0,1,0,1,1
5532,0,0,0,0.0,0.0,0.0,0.0,1,1,0,1,0
5534,1,0,0,0.0,0.0,0.0,0.13157894736842105,1,0,0,0,0
5535,1,1,1,0.0,0.0,0.058823529411764705,0.02631578947368421,0,1,0,1,0
5536,1,0,0,0.0,0.0,0.0,0.02631578947368421,0,0,0,0,1
5537,0,0,1,0.0,0.07692307692307693,0.0,0.05263157894736842,1,1,0,1,1
5539,1,0,0,0.0,0.0,0.0,0.15789473684210525,0,1,0,1,1
5542,0,0,0,0.0,0.0,0.0,0.0,1,0,0,0,0
5543,1,1,0,0.0,0.0,0.0,0.07894736842105263,1,1,1,1,0
5544,0,0,1,0.0,0.0,0.0,0.05263157894736842,0,0,0,0,0
5545,1,1,0,0.0,0.0,0.0,0.10526315789473684,0,1,0,1,1
5546,1,1,0,0.0,0.0,0.0,0.0,1,0,0,0,0
5548,0,0,0,0.0,0.0,0.0,0.10526315789473684,0,1,0,1,0
5550,1,0,1,0.0,0.3076923076923077,0.0,0.3684210526315789,0,1,1,1,1
5551,1,0,0,0.0,0.0,0.0,0.2894736842105263,0,0,0,0,0
5552,1,0,0,0.0,0.0,0.0,0.5789473684210527,0,1,0,1,1
5553,1,1,1,0.0,0.0,0.0,0.0,0,0,0,0,0
5554,1,0,0,0.0,0.0,0.0,0.13157894736842105,1,0,0,0,1
5556,1,0,0,0.0,0.0,0.058823529411764705,0.5,0,1,0,1,1
5557,1,0,0,0.0,0.0,0.0,0.0,1,1,0,1,0
5558,1,1,0,0.0,0.0,0.0,0.02631578947368421,1,0,0,0,0
5560,1,0,0,0.0,0.0,0.0,0.02631578947368421,0,0,0,0,0
5561,1,0,0,0.0,0.0,0.0,0.0,0,0,0,0,0
5563,1,1,0,0.0,0.0,0.0,0.0,0,1,1,1,0
5564,1,0,0,0.0,0.0,0.0,0.13157894736842105,0,1,1,1,0
5567,0,0,0,0.0,0.0,0.0,0.0,0,0,0,0,0
5568,1,0,0,0.0,0.0,0.0,0.2894736842105263,0,0,0,0,1
5569,1,0,0,0.0,0.0,0.0,0.02631578947368421,1,0,0,0,0
5572,0,0,0,0.0,0.0,0.0,0.10526315789473684,1,0,0,0,0
5573,0,1,0,0.0,0.0,0.0,0.02631578947368421,0,0,0,0,1
5574,1,0,0,0.0,0.0,0.0,0.05263157894736842,0,1,0,1,1
5575,0,0,0,0.0,0.0,0.0,0.23684210526315788,0,1,0,1,1
5576,1,0,0,0.0,0.0,0.0,0.2894736842105263,0,1,1,1,1
5578,1,0,1,0.0,0.0,0.1764705882352941,0.07894736842105263,0,1,1,1,1
5579,1,0,0,0.0,0.0,0.0,0.13157894736842105,0,0,0,0,1
5583,1,0,0,0.0,0.0,0.0,0.2894736842105263,1,1,1,1,1
5584,1,0,0,0.0,0.0,0.0,0.3421052631578947,0,0,0,0,1
5585,1,0,0,0.0,0.0,0.0,0.10526315789473684,0,1,0,0,0
5586,1,0,0,0.0,0.0,0.0,0.10526315789473684,0,1,0,1,1
5590,0,1,0,0.0,0.0,0.0,0.02631578947368421,1,0,0,0,0
5591,1,0,0,0.0,0.0,0.0,0.15789473684210525,0,1,0,1,1
5592,1,1,0,0.0,0.0,0.0,0.23684210526315788,0,1,0,1,0
5593,1,1,0,0.0,0.0,0.0,0.10526315789473684,1,1,1,1,0
5594,1,1,1,0.0,0.0,0.0,0.07894736842105263,1,1,0,1,1
5596,1,1,0,0.0,0.0,0.0,0.0,0,0,0,0,0
5598,1,0,0,0.0,0.0,0.0,0.02631578947368421,0,0,0,0,0
5599,0,1,0,0.0,0.0,0.0,0.0,1,0,0,0,0
5600,1,0,0,0.0,0.0,0.0,0.0,1,1,0,1,0
5601,1,1,0,0.0,0.0,0.0,0.02631578947368421,0,0,0,0,0
5603,0,1,0,0.0,0.0,0.0,0.02631578947368421,1,1,0,1,0
5604,1,0,0,0.0,0.0,0.0,0.21052631578947367,0,0,0,0,0
5605,1,0,0,0.0,0.0,0.0,0.0,0,0,0,0,0
5607,1,1,0,0.0,0.0,0.0,0.05263157894736842,0,0,0,0,0
5609,1,0,0,0.0,0.0,0.0,0.5789473684210527,0,1,0,1,0
5611,1,0,0,0.0,0.0,0.0,0.10526315789473684,1,1,0,1,0
5612,1,0,0,0.0,0.0,0.0,0.23684210526315788,0,0,0,0,0
5613,1,1,0,0.0,0.0,0.0,0.0,1,1,0,1,0
5614,1,0,0,0.0,0.0,0.0,0.05263157894736842,0,1,1,1,1
5617,1,1,0,0.0,0.0,0.0,0.02631578947368421,1,0,0,0,0
5618,1,1,0,0.0,0.0,0.0,0.02631578947368421,1,0,0,0,0
5620,1,0,0,0.0,0.0,0.11764705882352941,0.2894736842105263,0,1,0,1,1
5621,1,1,0,0.0,0.0,0.0,0.05263157894736842,0,0,0,0,0
5623,1,1,0,0.0,0.0,0.0,0.0,1,1,0,1,0
5627,1,0,0,0.0,0.0,0.0,0.15789473684210525,0,1,1,1,1
5628,1,1,0,0.0,0.0,0.0,0.02631578947368421,0,0,0,0,0
5631,1,0,0,0.0,0.0,0.0,0.02631578947368421,1,0,0,0,1
5632,0,1,0,0.0,0.0,0.0,0.13157894736842105,1,1,0,1,0
5633,1,0,0,0.0,0.0,0.0,0.0,1,0,0,0,0
5634,1,1,0,0.0,0.0,0.0,0.0,0,0,0,0,0
5635,0,1,0,0.0,0.0,0.0,0.07894736842105263,1,0,0,0,0
5637,1,0,0,0.0,0.0,0.0,0.02631578947368421,1,0,0,0,0
5638,1,0,0,0.0,0.0,0.0,0.05263157894736842,1,1,0,0,0
5639,1,1,0,0.0,0.0,0.0,0.10526315789473684,0,1,0,1,0
5644,1,0,0,0.0,0.0,0.0,0.0,1,1,1,1,0
5646,1,0,1,0.0,0.0,0.0,0.15789473684210525,0,1,1,1,0
5647,0,0,0,0.0,0.0,0.0,0.0,1,1,0,1,0
5649,0,1,0,0.0,0.0,0.0,0.05263157894736842,0,0,0,0,0
5650,1,0,0,0.0,0.0,0.0,0.13157894736842105,0,0,0,0,0
5651,1,1,0,0.0,0.0,0.0,0.3157894736842105,0,0,0,0,0
5652,0,0,0,0.0,0.0,0.0,0.05263157894736842,0,1,0,1,0
5654,1,0,0,0.0,0.0,0.0,0.0,0,0,0,0,0
5655,0,1,0,0.0,0.0,0.0,0.0,1,0,0,0,0
5657,1,0,0,0.0,0.0,0.0,0.18421052631578946,0,1,1,1,1
5658,1,0,1,0.0,0.0,0.0,0.0,0,1,0,1,0
5659,0,1,0,0.0,0.0,0.0,0.02631578947368421,1,0,0,0,0
5660,1,1,0,0.0,0.0,0.0,0.0,0,0,0,0,0
5664,0,0,0,0.0,0.0,0.0,0.05263157894736842,0,0,0,0,0
5665,0,1,0,0.0,0.0,0.0,0.10526315789473684,0,0,0,0,0
5666,1,1,0,0.0,0.0,0.0,0.07894736842105263,0,1,0,0,0
5667,1,0,0,0.0,0.0,0.0,0.13157894736842105,1,1,1,1,0
5668,1,0,0,0.0,0.0,0.0,0.07894736842105263,0,0,0,0,1
5669,1,0,0,0.0,0.0,0.0,0.4473684210526315,0,1,0,1,1
5670,1,1,1,0.25,0.0,0.0,0.10526315789473684,0,1,0,1,1
5671,1,1,0,0.0,0.0,0.0,0.07894736842105263,0,1,0,1,0
5672,1,0,0,0.0,0.0,0.0,0.0,1,0,0,0,0
5673,1,0,0,0.0,0.0,0.0,0.2631578947368421,0,1,0,1,0
5675,1,1,0,0.0,0.0,0.0,0.13157894736842105,1,1,1,1,0
5676,0,1,1,0.0,0.0,0.0,0.0,1,0,0,0,1
5677,1,1,0,0.0,0.0,0.0,0.2631578947368421,0,1,1,1,0
5678,1,0,0,0.0,0.07692307692307693,0.0,0.42105263157894735,0,1,1,1,1
5680,1,0,0,0.0,0.0,0.0,0.15789473684210525,1,1,0,1,0
5681,1,0,0,0.0,0.0,0.0,0.10526315789473684,0,1,1,1,1
5684,1,0,1,0.0,0.0,0.0,0.0,0,0,0,0,0
5685,1,0,0,0.0,0.0,0.0,0.02631578947368421,1,0,0,0,0
5686,0,1,0,0.0,0.0,0.0,0.0,1,0,0,0,0
5687,1,1,0,0.0,0.0,0.0,0.02631578947368421,0,1,0,1,1
5689,1,1,1,0.0,0.0,0.0,0.02631578947368421,0,1,0,0,0
5691,1,1,0,0.0,0.0,0.0,0.02631578947368421,1,0,0,0,0
5692,1,1,0,0.0,0.0,0.0,0.0,1,1,0,1,0
5693,1,0,0,0.5,0.0,0.0,0.3684210526315789,0,1,0,1,1
5695,0,1,0,0.0,0.0,0.0,0.0,1,0,0,0,0
5696,1,1,0,0.0,0.0,0.0,0.10526315789473684,1,1,0,1,0
5697,0,0,1,0.0,0.0,0.0,0.0,1,0,0,0,0
5698,1,0,0,0.0,0.0,0.0,0.0,1,0,0,0,0
5699,0,0,0,0.0,0.0,0.0,0.0,0,0,0,0,0
5700,0,1,0,0.0,0.0,0.0,0.10526315789473684,0,1,0,1,0
5701,1,0,1,0.0,0.0,0.0,0.0,1,1,0,1,0
5703,1,0,0,0.0,0.0,0.0,0.0,0,0,0,0,0
5707,1,0,0,0.0,0.0,0.0,0.18421052631578946,0,0,0,0,0
5711,1,1,0,0.0,0.0,0.0,0.05263157894736842,0,1,0,1,1
5713,1,0,0,0.0,0.0,0.0,0.05263157894736842,1,1,0,1,0
5716,1,0,0,0.0,0.0,0.0,0.13157894736842105,0,0,0,0,0
5717,1,0,0,0.0,0.0,0.0,0.02631578947368421,1,1,0,1,0
5719,1,0,1,0.0,0.07692307692307693,0.11764705882352941,0.02631578947368421,0,0,0,0,1
5722,1,0,0,0.0,0.0,0.0,0.23684210526315788,0,0,0,0,0
5723,1,0,1,0.0,0.0,0.0,0.05263157894736842,1,1,1,1,0
5724,1,1,0,0.0,0.0,0.0,0.02631578947368421,1,0,0,0,0
5725,1,0,1,0.0,0.0,0.058823529411764705,0.05263157894736842,0,1,0,1,0
5726,0,1,0,0.0,0.0,0.0,0.02631578947368421,1,1,0,1,0
5727,1,0,0,0.0,0.0,0.0,0.5526315789473684,0,0,0,0,0
5728,0,0,0,0.0,0.0,0.0,0.02631578947368421,0,0,0,0,0
5729,1,1,1,0.0,0.07692307692307693,0.0,0.10526315789473684,1,1,1,1,1
5730,0,0,0,0.0,0.15384615384615385,0.0,0.5789473684210527,0,1,1,1,1
5731,1,1,0,0.0,0.0,0.0,0.3421052631578947,0,1,0,1,0
5732,0,1,0,0.0,0.0,0.0,0.0,1,1,0,1,0
5733,1,0,1,0.0,0.0,0.0,0.0,0,0,0,0,0
5735,1,0,0,0.0,0.0,0.0,0.0,0,1,0,1,0
5736,0,1,0,0.0,0.0,0.0,0.0,1,0,0,0,0
5738,1,0,0,0.0,0.0,0.0,0.07894736842105263,0,0,0,0,0
5739,0,0,0,0.0,0.0,0.0,0.05263157894736842,0,1,0,1,0
5740,1,0,0,0.0,0.0,0.0,0.23684210526315788,1,1,0,1,1
5741,1,1,0,0.0,0.0,0.0,0.0,1,0,0,0,0
5742,1,0,0,0.0,0.0,0.0,0.02631578947368421,0,0,0,0,0
5743,1,1,0,0.0,0.0,0.0,0.0,1,0,0,0,0
5745,1,0,0,0.0,0.0,0.0,0.05263157894736842,0,0,0,0,0
5748,1,0,1,0.0,0.07692307692307693,0.0,0.05263157894736842,0,1,0,1,0
5749,1,0,0,0.0,0.0,0.0,0.15789473684210525,1,1,0,0,0
5750,1,0,0,0.0,0.0,0.0,0.3157894736842105,0,1,1,1,0
5753,1,1,0,0.0,0.0,0.0,0.0,1,0,0,0,0
5754,1,0,0,0.0,0.0,0.0,0.3421052631578947,0,1,0,1,0
5755,1,1,0,0.0,0.0,0.0,0.05263157894736842,0,0,0,0,0
5756,1,0,0,0.0,0.0,0.0,0.10526315789473684,0,0,0,0,0
5757,1,0,0,0.0,0.0,0.0,0.02631578947368421,1,0,0,0,0
5759,1,0,0,0.0,0.0,0.0,0.02631578947368421,0,0,0,0,1
5760,1,1,0,0.0,0.0,0.0,0.0,1,0,0,0,0
5761,1,1,0,0.0,0.0,0.0,0.0,0,0,0,0,0
5762,0,1,0,0.0,0.0,0.0,0.0,1,1,0,1,0
5763,1,0,0,0.0,0.0,0.0,0.0,0,0,0,0,0
5765,1,0,0,0.05,0.0,0.058823529411764705,0.5,0,0,0,0,1
5768,1,0,0,0.0,0.0,0.0,0.18421052631578946,1,0,0,0,0
5769,0,0,0,0.0,0.0,0.0,0.02631578947368421,1,0,0,0,0
5772,1,1,0,0.0,0.0,0.0,0.13157894736842105,0,1,0,1,1
5773,1,0,0,0.0,0.0,0.0,0.02631578947368421,0,0,0,0,0
5774,1,1,0,0.0,0.0,0.0,0.02631578947368421,0,0,0,0,0
5776,1,1,0,0.0,0.0,0.0,0.02631578947368421,0,0,0,0,0
5778,0,0,1,0.0,0.23076923076923078,0.058823529411764705,0.18421052631578946,1,1,1,1,1
5779,0,0,0,0.1,0.0,0.0,0.10526315789473684,1,1,1,1,0
5782,0,0,0,0.0,0.0,0.0,0.05263157894736842,0,1,0,1,0
5784,1,1,0,0.0,0.0,0.0,0.07894736842105263,0,1,1,1,0
5785,1,0,0,0.0,0.0,0.0,0.0,0,0,0,0,0
5787,1,1,0,0.0,0.0,0.0,0.0,1,0,0,0,0
5789,0,0,0,0.0,0.0,0.0,0.0,1,0,0,0,0
5790,1,0,0,0.0,0.0,0.0,0.15789473684210525,0,0,0,0,0
5792,1,1,0,0.0,0.0,0.0,0.02631578947368421,1,1,0,1,0
5793,0,0,0,0.0,0.0,0.0,0.02631578947368421,0,1,1,1,0
5795,0,1,0,0.0,0.0,0.0,0.0,1,0,0,0,0
5797,1,0,0,0.0,0.0,0.0,0.2631578947368421,0,0,0,0,0
5799,1,0,1,0.0,0.0,0.0,0.07894736842105263,1,1,1,1,1
5800,1,0,0,0.0,0.0,0.0,0.18421052631578946,1,0,0,0,0
5801,1,1,0,0.0,0.0,0.0,0.15789473684210525,0,1,0,1,0
5804,1,0,1,0.0,0.0,0.23529411764705882,0.21052631578947367,0,1,0,1,1
5806,1,1,0,0.0,0.0,0.0,0.0,0,1,0,1,0
5808,1,0,0,0.0,0.0,0.0,0.21052631578947367,0,1,0,1,1
5809,1,0,0,0.05,0.0,0.058823529411764705,0.5263157894736842,1,1,0,0,1
5810,1,0,0,0.0,0.0,0.0,0.2631578947368421,1,1,1,1,0
5811,1,0,1,0.0,0.0,0.0,0.02631578947368421,0,1,0,1,1
5812,1,0,0,0.0,0.0,0.0,0.10526315789473684,0,0,0,0,0
5813,1,0,0,0.0,0.0,0.0,0.0,0,1,0,1,0
5814,1,1,0,0.0,0.0,0.0,0.0,1,1,1,1,1
5816,1,0,0,0.0,0.07692307692307693,0.0,0.05263157894736842,0,1,0,1,1
5817,1,1,0,0.0,0.0,0.0,0.0,1,1,0,1,0
5818,1,0,1,0.0,0.0,0.0,0.0,0,0,0,0,0
5820,1,1,1,0.0,0.0,0.0,0.05263157894736842,0,1,0,1,1
5821,1,1,0,0.0,0.0,0.0,0.07894736842105263,1,0,0,0,0
5824,0,0,0,0.0,0.0,0.0,0.0,1,0,0,0,0
5825,1,0,1,0.0,0.0,0.0,0.2894736842105263,0,1,0,1,1
5826,1,1,0,0.0,0.0,0.0,0.0,0,0,0,0,0
5827,1,0,1,0.0,0.0,0.0,0.05263157894736842,1,1,0,1,0
5828,1,0,0,0.0,0.0,0.0,0.18421052631578946,0,1,1,1,1
5830,1,1,0,0.0,0.0,0.0,0.05263157894736842,0,0,0,0,0
5831,1,0,1,0.0,0.07692307692307693,0.0,0.02631578947368421,0,0,0,0,0
5832,1,1,0,0.0,0.0,0.0,0.02631578947368421,0,0,0,0,0
5833,1,1,0,0.0,0.0,0.0,0.07894736842105263,0,0,0,0,0
5835,1,1,0,0.0,0.0,0.0,0.05263157894736842,1,1,1,1,0
5836,1,0,1,0.0,0.0,0.058823529411764705,0.02631578947368421,1,1,0,1,0
5837,0,1,0,0.0,0.0,0.0,0.0,1,0,0,0,0
5838,1,1,0,0.0,0.0,0.0,0.0,1,1,0,1,0
5841,1,1,0,0.0,0.0,0.0,0.02631578947368421,1,0,0,0,0
5842,1,0,0,0.0,0.0,0.058823529411764705,0.42105263157894735,0,1,0,1,1
5846,1,0,0,0.0,0.0,0.0,0.07894736842105263,1,0,0,0,0
5847,1,0,0,0.0,0.0,0.0,0.02631578947368421,0,0,0,0,0
5849,1,0,0,0.0,0.0,0.0,0.0,1,0,0,0,0
5850,0,1,0,0.0,0.0,0.0,0.05263157894736842,1,1,0,1,0
5851,1,1,0,0.0,0.0,0.0,0.42105263157894735,0,1,0,1,0
5852,0,0,0,0.0,0.0,0.0,0.02631578947368421,0,0,0,0,0
5853,1,0,0,0.0,0.0,0.0,0.0,0,1,0,1,0
5854,1,0,0,0.0,0.0,0.0,0.0,1,0,0,0,0
5856,1,0,0,0.1,0.15384615384615385,0.058823529411764705,0.5,0,1,0,1,1
5857,1,0,1,0.0,0.0,0.0,0.02631578947368421,0,0,0,0,1
5858,1,1,0,0.0,0.0,0.0,0.0,1,0,0,0,0
5861,0,1,0,0.0,0.0,0.0,0.07894736842105263,0,1,0,1,1
5863,1,0,0,0.0,0.0,0.0,0.3421052631578947,0,1,0,1,0
5864,1,0,0,0.0,0.0,0.0,0.05263157894736842,0,1,0,1,0
5865,1,0,0,0.0,0.0,0.0,0.10526315789473684,0,1,0,1,0
5867,1,0,0,0.0,0.0,0.0,0.0,1,0,0,0,0
5869,1,1,0,0.05,0.0,0.0,0.05263157894736842,0,1,0,0,0
5871,1,1,0,0.0,0.0,0.0,0.05263157894736842,0,0,0,0,0
5873,1,0,0,0.0,0.0,0.0,0.3684210526315789,0,1,1,1,1
5875,1,0,1,0.0,0.0,0.0,0.0,1,1,0,1,0
5877,1,0,0,0.0,0.07692307692307693,0.0,0.21052631578947367,0,1,0,0,1
5878,0,0,0,0.0,0.0,0.0,0.10526315789473684,0,1,0,1,1
5880,1,0,0,0.0,0.0,0.0,0.0,0,0,0,0,0
5881,1,0,0,0.0,0.0,0.0,0.0,0,0,0,0,0
5882,1,0,0,0.0,0.0,0.0,0.0,0,1,0,1,0
5883,0,1,0,0.0,0.0,0.0,0.05263157894736842,0,1,0,1,1
5885,1,1,0,0.0,0.0,0.0,0.05263157894736842,0,1,0,1,0
5886,1,1,0,0.0,0.0,0.0,0.0,1,0,0,0,0
5887,1,0,1,0.0,0.0,0.0,0.05263157894736842,0,1,0,1,1
5889,0,0,0,0.0,0.0,0.0,0.05263157894736842,0,1,0,1,0
5890,1,0,0,0.0,0.0,0.0,0.0,1,1,0,1,0
5891,1,1,0,0.0,0.0,0.0,0.0,0,0,0,0,0
5892,0,0,1,0.0,0.0,0.0,0.0,0,1,0,1,0
5895,1,1,1,0.0,0.0,0.0,0.02631578947368421,0,0,0,0,0
5896,1,1,0,0.0,0.0,0.0,0.21052631578947367,0,0,0,0,0
5898,1,1,1,0.0,0.0,0.0,0.0,1,0,0,0,0
5899,1,0,0,0.0,0.0,0.0,0.0,0,0,0,0,0
5900,1,1,0,0.0,0.0,0.0,0.10526315789473684,0,0,0,0,0
5901,1,0,1,0.0,0.0,0.0,0.07894736842105263,1,1,1,1,1
5902,1,0,1,0.25,0.0,0.0,0.13157894736842105,0,1,0,1,1
5904,1,0,0,0.0,0.0,0.0,0.10526315789473684,0,1,0,1,1
5905,1,1,0,0.0,0.0,0.0,0.23684210526315788,0,1,0,1,0
5906,0,0,0,0.0,0.0,0.0,0.07894736842105263,1,0,0,0,0
5907,1,0,0,0.0,0.0,0.0,0.3421052631578947,0,0,0,0,1
5908,1,1,0,0.0,0.0,0.0,0.02631578947368421,1,1,0,1,0
5912,1,0,0,0.0,0.0,0.0,0.02631578947368421,0,0,0,0,0
5914,1,0,0,0.0,0.0,0.0,0.05263157894736842,0,0,0,0,0
5915,1,1,1,0.0,0.0,0.0,0.0,0,1,0,1,1
5916,1,0,0,0.0,0.0,0.0,0.5789473684210527,1,1,0,1,1
5917,1,0,0,0.0,0.0,0.0,0.02631578947368421,1,1,1,1,0
5918,1,0,0,0.0,0.0,0.0,0.05263157894736842,1,1,1,1,1
5921,1,1,0,0.0,0.0,0.0,0.10526315789473684,1,1,0,1,0
5923,1,1,0,0.0,0.0,0.0,0.05263157894736842,0,0,0,0,0
5924,1,0,0,0.0,0.0,0.0,0.18421052631578946,1,1,1,1,0
5926,1,0,0,0.0,0.0,0.0,0.0,1,0,0,0,0
5928,1,1,0,0.0,0.0,0.0,0.0,0,0,0,0,0
5929,1,1,0,0.0,0.0,0.0,0.05263157894736842,0,1,0,1,0
5930,0,1,0,0.0,0.0,0.0,0.0,0,1,0,1,1
5931,0,1,0,0.0,0.0,0.0,0.02631578947368421,0,1,0,0,1
5932,1,1,0,0.0,0.0,0.0,0.10526315789473684,0,1,0,1,1
5933,1,0,0,0.0,0.0,0.0,0.02631578947368421,0,1,0,1,0
5934,1,0,0,0.0,0.0,0.0,0.0,0,1,0,1,0
5935,1,0,1,0.0,0.0,0.0,0.07894736842105263,0,1,0,1,0
5937,1,0,0,0.0,0.0,0.0,0.0,1,1,1,1,0
5938,1,0,0,0.0,0.0,0.0,0.10526315789473684,1,1,1,1,0
5939,1,1,0,0.0,0.0,0.0,0.05263157894736842,0,0,0,0,0
5942,1,1,0,0.0,0.0,0.0,0.02631578947368421,0,1,0,1,1
5943,1,0,0,0.0,0.0,0.0,0.05263157894736842,0,0,0,0,0
5946,1,0,1,0.0,0.0,0.0,0.0,1,0,0,0,0
5947,1,1,0,0.0,0.0,0.0,0.05263157894736842,1,0,0,0,0
5948,1,1,0,0.0,0.0,0.0,0.02631578947368421,1,0,0,0,0
5951,0,0,0,0.0,0.0,0.0,0.0,0,0,0,0,0
5952,1,0,0,0.0,0.0,0.058823529411764705,0.15789473684210525,0,0,0,0,1
5953,1,0,0,0.0,0.0,0.0,0.47368421052631576,0,0,0,0,0
5954,1,0,0,0.0,0.0,0.0,0.0,1,0,0,0,0
5955,1,1,0,0.0,0.0,0.0,0.10526315789473684,1,0,0,0,0
5957,1,0,0,0.0,0.0,0.0,0.15789473684210525,0,1,1,1,1
5958,1,0,1,0.0,0.0,0.0,0.02631578947368421,0,1,0,1,1
5960,1,1,0,0.0,0.0,0.0,0.0,1,0,0,0,0
5963,1,1,1,0.0,0.0,0.0,0.02631578947368421,0,1,0,1,0
5964,0,0,1,0.0,0.0,0.0,0.02631578947368421,0,0,0,0,0
5965,0,1,1,0.0,0.0,0.058823529411764705,0.18421052631578946,1,1,0,1,1
5967,0,0,0,0.0,0.0,0.0,0.3421052631578947,0,1,1,1,1
5968,1,1,0,0.0,0.0,0.0,0.23684210526315788,0,1,0,1,0
5969,1,1,0,0.0,0.0,0.0,0.0,1,1,0,1,0
5970,1,1,0,0.0,0.0,0.0,0.05263157894736842,0,0,0,0,0
5971,1,1,0,0.0,0.0,0.0,0.07894736842105263,0,0,0,0,0
5973,1,1,0,0.0,0.0,0.0,0.15789473684210525,1,1,0,1,0
5974,1,0,1,0.0,0.07692307692307693,0.0,0.02631578947368421,0,0,0,0,0
5975,1,1,0,0.0,0.0,0.0,0.05263157894736842,0,0,0,0,0
5976,1,1,0,0.0,0.0,0.0,0.02631578947368421,0,1,0,1,0
5977,1,0,1,0.0,0.0,0.058823529411764705,0.02631578947368421,0,1,0,1,1
5978,1,0,0,0.0,0.0,0.0,0.13157894736842105,0,0,0,0,1
5981,0,1,0,0.0,0.0,0.0,0.02631578947368421,1,1,0,1,0
5982,1,0,0,0.0,0.0,0.0,0.0,0,1,0,1,0
5984,1,0,0,0.0,0.0,0.0,0.10526315789473684,1,0,0,0,0
5985,1,1,0,0.0,0.0,0.0,0.0,1,0,0,0,0
5987,1,1,0,0.0,0.0,0.0,0.13157894736842105,0,1,0,1,0
5988,0,1,1,0.0,0.0,0.0,0.0,1,0,0,0,0
5989,0,1,0,0.0,0.0,0.0,0.0,1,0,0,0,0
5990,1,0,1,0.05,0.0,0.0,0.02631578947368421,0,1,1,1,1
5992,1,0,1,0.0,0.0,0.0,0.02631578947368421,1,0,0,0,0
5993,1,1,0,0.0,0.0,0.0,0.02631578947368421,1,0,0,0,0
5994,0,0,1,0.0,0.0,0.0,0.0,0,1,0,1,1
5995,1,1,0,0.0,0.0,0.0,0.15789473684210525,0,0,0,0,0
5996,1,0,0,0.0,0.0,0.0,0.763157894736842,0,1,0,1,1
5997,1,1,1,0.0,0.0,0.0,0.02631578947368421,0,0,0,0,0
6000,0,0,1,0.0,0.0,0.0,0.0,0,1,0,1,0
6001,1,0,0,0.0,0.0,0.11764705882352941,0.2894736842105263,0,1,1,1,1
6002,0,0,0,0.0,0.0,0.0,0.0,1,0,0,0,0
6004,1,0,0,0.0,0.0,0.0,0.0,0,0,0,0,0
6005,1,1,0,0.0,0.0,0.0,0.21052631578947367,0,0,0,0,1
6006,0,0,0,0.0,0.0,0.0,0.10526315789473684,0,0,0,0,0
6009,1,0,0,0.0,0.0,0.0,0.15789473684210525,1,0,0,0,0
6010,1,1,0,0.0,0.0,0.0,0.0,1,0,0,0,0
6011,1,1,1,0.0,0.0,0.058823529411764705,0.02631578947368421,0,0,0,0,1
6013,1,1,0,0.0,0.0,0.0,0.05263157894736842,0,0,0,0,0
6014,1,1,0,0.0,0.0,0.0,0.21052631578947367,0,1,0,1,1
6019,1,1,0,0.0,0.0,0.0,0.15789473684210525,0,1,0,1,0
6021,1,1,0,0.0,0.0,0.0,0.07894736842105263,1,1,1,1,0
6022,1,1,0,0.0,0.0,0.0,0.13157894736842105,0,1,0,1,0
6023,1,0,0,0.0,0.0,0.0,0.0,0,0,0,0,0
6024,1,0,0,0.0,0.0,0.0,0.07894736842105263,0,0,0,0,0
6027,1,0,0,0.0,0.0,0.0,0.05263157894736842,0,1,0,1,1
6029,1,0,1,0.0,0.0,0.0,0.0,0,1,0,1,0
6030,1,0,0,0.0,0.0,0.0,0.2631578947368421,0,0,0,0,0
6032,1,0,1,0.0,0.0,0.0,0.0,1,0,0,0,1
6034,1,1,1,0.0,0.0,0.0,0.05263157894736842,0,1,1,1,1
6035,1,0,0,0.0,0.0,0.0,0.02631578947368421,1,0,0,0,0
6036,1,0,1,0.0,0.0,0.0,0.0,0,0,0,0,0
6040,1,0,0,0.0,0.0,0.0,0.0,1,1,0,1,1
6041,1,1,0,0.0,0.0,0.0,0.05263157894736842,0,0,0,0,0
6042,1,1,0,0.0,0.0,0.0,0.10526315789473684,1,1,0,1,0
6043,1,1,0,0.0,0.0,0.0,0.07894736842105263,0,0,0,0,0
6044,1,0,1,0.0,0.0,0.0,0.07894736842105263,0,1,0,1,1
6045,1,1,0,0.0,0.0,0.0,0.05263157894736842,1,0,0,0,0
6046,1,0,0,0.1,0.0,0.0,0.3421052631578947,0,0,0,0,0
6047,1,1,0,0.0,0.0,0.0,0.05263157894736842,0,0,0,0,0
6048,1,0,0,0.0,0.0,0.0,0.15789473684210525,0,0,0,0,1
6051,1,0,1,0.0,0.0,0.11764705882352941,0.02631578947368421,1,0,0,0,1
6055,0,0,1,0.0,0.0,0.0,0.0,0,1,0,1,0
6056,1,1,0,0.0,0.0,0.0,0.4473684210526315,0,1,0,1,1
6058,1,0,0,0.0,0.0,0.0,0.0,0,1,1,1,0
6062,1,1,0,0.0,0.0,0.0,0.15789473684210525,0,0,0,0,0
6064,0,1,0,0.0,0.0,0.0,0.0,1,0,0,0,0
6065,1,0,0,0.0,0.0,0.0,0.5,0,0,0,0,0
6066,1,1,0,0.0,0.0,0.0,0.3157894736842105,1,0,0,0,0
6067,1,0,0,0.0,0.0,0.0,0.15789473684210525,1,1,0,1,1
6070,1,0,0,0.0,0.0,0.0,0.0,1,1,0,1,0
6071,1,0,0,0.0,0.0,0.0,0.2894736842105263,0,0,0,0,0
6073,1,1,0,0.0,0.0,0.0,0.0,0,0,0,0,0
6074,1,0,0,0.0,0.0,0.0,0.18421052631578946,0,0,0,0,0
6075,1,0,0,0.0,0.15384615384615385,0.0,0.3157894736842105,0,1,0,1,1
6077,1,1,1,0.0,0.0,0.0,0.0,0,0,0,0,0
6078,0,1,0,0.0,0.0,0.0,0.0,0,0,0,0,0
6079,1,0,0,0.0,0.0,0.0,0.07894736842105263,0,0,0,0,1
6080,1,0,0,0.0,0.0,0.0,0.02631578947368421,1,1,1,1,0
6081,0,1,0,0.0,0.0,0.0,0.07894736842105263,1,0,0,0,0
6082,1,0,0,0.0,0.0,0.0,0.6842105263157894,0,1,0,1,0
6083,0,0,0,0.0,0.0,0.0,0.02631578947368421,0,1,0,1,0
6084,1,0,0,0.0,0.0,0.0,0.0,0,0,0,0,0
6085,1,0,0,0.0,0.0,0.0,0.10526315789473684,0,0,0,0,0
6087,0,1,0,0.0,0.0,0.0,0.15789473684210525,0,0,0,0,0
6089,1,0,0,0.0,0.0,0.0,0.10526315789473684,0,1,1,1,0
6094,1,1,0,0.0,0.0,0.058823529411764705,0.18421052631578946,0,1,0,1,1
6095,1,0,0,0.15000000000000002,0.0,0.058823529411764705,0.39473684210526316,1,1,0,1,1
6096,1,0,1,0.0,0.0,0.058823529411764705,0.02631578947368421,1,1,0,1,1
6097,1,1,0,0.0,0.0,0.0,0.05263157894736842,0,1,1,1,1
6098,1,0,0,0.0,0.0,0.0,0.18421052631578946,0,1,0,1,0
6099,1,0,0,0.0,0.0,0.0,0.4473684210526315,0,1,1,1,1
6100,1,1,0,0.0,0.0,0.0,0.0,0,1,0,1,0
6101,1,1,0,0.0,0.0,0.0,0.0,1,0,0,0,0
6103,1,0,1,0.0,0.0,0.058823529411764705,0.02631578947368421,0,1,0,1,1
6105,1,0,0,0.0,0.0,0.0,0.10526315789473684,0,1,0,0,0
6106,1,0,0,0.0,0.0,0.0,0.18421052631578946,0,0,0,0,0
6107,0,1,1,0.0,0.0,0.0,0.0,0,0,0,0,1
6108,1,0,0,0.0,0.0,0.0,0.0,0,1,0,1,0
6109,1,1,1,0.0,0.0,0.0,0.0,0,0,0,0,0
6110,0,1,1,0.0,0.0,0.0,0.0,0,0,0,0,0
6111,0,0,0,0.0,0.0,0.0,0.0,1,0,0,0,0
6112,1,0,0,0.0,0.0,0.0,0.0,1,1,0,1,0
6113,1,0,0,0.0,0.0,0.0,0.02631578947368421,1,1,0,1,0
6114,0,1,0,0.0,0.0,0.0,0.07894736842105263,0,0,0,0,0
6116,1,0,0,0.0,0.0,0.0,0.07894736842105263,0,1,0,1,0
6117,1,0,0,0.0,0.0,0.0,0.2894736842105263,0,1,0,1,1
6118,0,1,0,0.0,0.0,0.0,0.18421052631578946,0,0,0,0,0
6119,0,0,0,0.0,0.0,0.0,0.13157894736842105,1,0,0,0,1
6123,0,1,1,0.0,0.0,0.0,0.05263157894736842,0,0,0,0,0
6125,1,0,0,0.0,0.0,0.0,0.18421052631578946,0,0,0,0,0
6127,1,0,0,0.0,0.0,0.0,0.0,1,0,0,0,0
6129,1,0,0,0.0,0.0,0.0,0.02631578947368421,0,0,0,0,0
6131,1,0,0,0.0,0.0,0.0,0.07894736842105263,1,0,0,0,0
6133,1,1,0,0.0,0.0,0.0,0.0,0,0,0,0,0
6134,1,0,0,0.0,0.0,0.0,0.23684210526315788,0,0,0,0,0
6135,1,0,0,0.0,0.0,0.0,0.2631578947368421,1,1,1,1,0
6137,1,1,0,0.0,0.0,0.0,0.0,0,0,0,0,0
6139,0,0,0,0.0,0.0,0.0,0.02631578947368421,1,0,0,0,1
6140,1,0,0,0.0,0.0,0.0,0.0,0,0,0,0,1
6143,1,0,0,0.0,0.0,0.0,0.13157894736842105,0,1,1,1,0
6145,1,0,0,0.0,0.0,0.0,0.15789473684210525,1,0,0,0,0
6146,1,0,0,0.0,0.0,0.0,0.0,1,0,0,0,1
6147,1,0,1,0.0,0.0,0.0,0.0,0,1,0,1,0
6148,0,0,0,0.0,0.0,0.0,0.0,1,0,0,0,0
6149,1,0,1,0.0,0.0,0.11764705882352941,0.0,0,1,0,1,0
6150,1,1,0,0.0,0.0,0.0,0.0,0,0,0,0,0
6152,1,0,0,0.0,0.0,0.0,0.0,1,0,0,0,0
6153,1,0,0,0.0,0.0,0.0,0.0,1,0,0,0,0
6154,1,0,0,0.0,0.0,0.0,0.02631578947368421,1,0,0,0,0
6156,1,1,0,0.0,0.0,0.0,0.10526315789473684,1,0,0,0,0
6159,1,0,0,0.0,0.0,0.0,0.39473684210526316,0,0,0,0,1
6160,1,0,0,0.0,0.0,0.0,0.15789473684210525,0,1,0,1,1
6161,1,0,0,0.0,0.0,0.0,0.15789473684210525,0,0,0,0,0
6162,0,1,0,0.0,0.0,0.0,0.05263157894736842,0,0,0,0,0
6163,1,0,0,0.0,0.0,0.0,0.10526315789473684,1,0,0,0,0
6164,0,0,0,0.0,0.0,0.0,0.02631578947368421,0,0,0,0,0
6165,1,1,0,0.0,0.0,0.0,0.13157894736842105,1,1,1,1,0
6166,1,1,1,0.0,0.0,0.0,0.02631578947368421,1,1,0,1,0
6167,0,0,0,0.0,0.0,0.0,0.3157894736842105,1,1,1,1,0
6169,1,1,1,0.0,0.0,0.11764705882352941,0.21052631578947367,0,1,0,1,1
6170,1,0,0,0.0,0.07692307692307693,0.0,0.21052631578947367,1,1,0,1,1
6171,0,0,0,0.0,0.0,0.0,0.02631578947368421,0,0,0,0,0
6172,1,1,0,0.0,0.0,0.0,0.05263157894736842,0,1,0,1,1
6173,1,0,0,0.0,0.0,0.0,0.0,1,0,0,0,0
6175,1,0,0,0.0,0.0,0.0,0.05263157894736842,0,0,0,0,0
6177,1,0,1,0.05,0.0,0.0,0.10526315789473684,0,0,0,0,1
6178,1,1,0,0.0,0.0,0.0,0.13157894736842105,1,0,0,0,0
6179,1,1,0,0.0,0.0,0.0,0.15789473684210525,0,1,0,1,0
6180,1,0,1,0.0,0.0,0.0,0.05263157894736842,1,1,1,1,0
6182,1,0,0,0.0,0.0,0.0,0.0,1,0,0,0,0
6183,0,1,1,0.0,0.0,0.0,0.05263157894736842,1,0,0,0,0
6185,1,0,0,0.0,0.0,0.0,0.07894736842105263,0,1,0,1,1
6189,0,1,0,0.0,0.0,0.0,0.02631578947368421,0,1,1,0,0
6191,0,0,0,0.05,0.0,0.0,0.02631578947368421,0,0,0,0,0
6192,1,1,0,0.0,0.0,0.0,0.18421052631578946,0,0,0,0,0
6193,1,0,0,0.0,0.0,0.0,0.02631578947368421,1,0,0,0,0
6195,0,1,1,0.0,0.07692307692307693,0.0,0.07894736842105263,1,1,0,1,0
6196,1,0,1,0.05,0.07692307692307693,0.058823529411764705,0.05263157894736842,0,1,0,1,1
6198,1,1,0,0.0,0.0,0.0,0.07894736842105263,0,0,0,0,0
6199,1,1,0,0.0,0.0,0.0,0.21052631578947367,1,1,0,1,1
6200,1,0,0,0.0,0.0,0.0,0.0,0,0,0,0,0
6201,0,1,0,0.0,0.0,0.0,0.02631578947368421,0,0,0,0,0
6202,1,0,0,0.0,0.0,0.0,0.10526315789473684,1,1,1,1,0
6203,1,0,0,0.0,0.0,0.0,0.02631578947368421,1,1,0,0,0
6205,1,0,0,0.0,0.0,0.0,0.39473684210526316,0,1,0,1,0
6206,1,0,0,0.0,0.0,0.0,0.02631578947368421,0,0,0,0,0
6207,1,0,0,0.0,0.0,0.0,0.0,1,1,0,1,1
6208,1,0,0,0.0,0.0,0.0,0.02631578947368421,0,0,0,0,0
6210,1,0,1,0.05,0.0,0.0,0.02631578947368421,0,1,1,1,1
6212,1,0,0,0.0,0.0,0.0,0.0,1,0,0,0,0
6213,0,1,0,0.0,0.0,0.0,0.02631578947368421,0,0,0,0,0
6215,0,0,1,0.0,0.0,0.0,0.0,0,0,0,0,0
6216,1,0,1,0.0,0.0,0.0,0.0,0,1,1,1,0
6219,1,0,0,0.0,0.0,0.0,0.10526315789473684,1,0,0,0,1
6221,1,1,0,0.0,0.0,0.0,0.05263157894736842,1,0,0,0,0
6222,1,0,1,0.0,0.0,0.0,0.0,0,1,0,1,0
6223,1,0,0,0.0,0.0,0.0,0.05263157894736842,1,0,0,0,0
6224,1,0,1,0.0,0.0,0.0,0.02631578947368421,0,0,0,0,0
6226,0,1,0,0.0,0.0,0.0,0.0,1,1,1,1,0
6227,0,0,1,0.0,0.0,0.0,0.05263157894736842,0,1,0,1,1
6228,1,1,0,0.0,0.0,0.0,0.0,1,0,0,0,0
6229,1,1,0,0.0,0.0,0.0,0.13157894736842105,1,1,0,1,0
6230,0,0,0,0.0,0.0,0.0,0.0,1,0,0,0,0
6231,1,0,0,0.0,0.0,0.0,0.02631578947368421,0,0,0,0,0
6234,0,0,0,0.0,0.0,0.0,0.07894736842105263,0,0,0,0,1
6236,1,0,0,0.0,0.0,0.0,0.0,1,0,0,0,0
6238,1,0,0,0.0,0.0,0.0,0.05263157894736842,0,0,0,0,0
6239,1,0,0,0.0,0.0,0.0,0.07894736842105263,0,0,0,0,0
6240,1,0,0,0.0,0.0,0.0,0.0,0,0,0,0,0
6241,1,1,0,0.0,0.15384615384615385,0.0,0.05263157894736842,1,0,0,0,0
6242,0,1,0,0.0,0.0,0.0,0.0,1,0,0,0,0
6244,1,0,0,0.0,0.0,0.0,0.07894736842105263,0,1,0,1,0
6245,1,1,0,0.0,0.0,0.058823529411764705,0.3684210526315789,0,0,0,0,1
6247,1,0,0,0.0,0.0,0.0,0.4473684210526315,1,1,0,1,1
6248,1,1,0,0.0,0.0,0.0,0.07894736842105263,0,0,0,0,0
6249,1,1,0,0.0,0.0,0.0,0.05263157894736842,0,1,0,1,0
6250,1,0,1,0.0,0.0,0.0,0.02631578947368421,0,1,1,1,1
6251,1,0,0,0.0,0.0,0.0,0.13157894736842105,0,0,0,0,0
6256,1,0,0,0.0,0.0,0.058823529411764705,0.23684210526315788,1,1,1,1,1
6259,1,1,0,0.0,0.0,0.0,0.02631578947368421,1,0,0,0,0
6260,1,1,0,0.0,0.0,0.0,0.02631578947368421,0,1,0,1,1
6264,0,0,0,0.0,0.0,0.0,0.0,0,0,0,0,1
6266,1,0,0,0.0,0.0,0.0,0.07894736842105263,1,0,0,0,0
6267,0,1,0,0.0,0.0,0.0,0.0,1,1,0,1,0
6268,0,0,0,0.0,0.0,0.0,0.0,0,0,0,0,0
6271,1,1,0,0.0,0.0,0.0,0.02631578947368421,0,0,0,0,0
6274,1,0,0,0.0,0.0,0.0,0.42105263157894735,0,1,0,1,1
6278,0,0,0,0.0,0.0,0.0,0.0,0,0,0,0,0
6280,1,0,0,0.0,0.0,0.0,0.0,1,0,0,0,1
6281,1,1,0,0.0,0.0,0.0,0.13157894736842105,0,0,0,0,0
6282,1,0,1,0.0,0.0,0.0,0.02631578947368421,0,1,0,1,0
6284,1,0,1,0.0,0.0,0.0,0.0,0,0,0,0,0
6285,0,1,0,0.0,0.0,0.0,0.0,0,1,0,1,0
6286,1,0,1,0.0,0.0,0.0,0.18421052631578946,0,1,0,1,1
6287,1,1,0,0.0,0.0,0.0,0.0,1,0,0,0,0
6289,0,1,0,0.0,0.0,0.0,0.13157894736842105,0,1,0,1,0
6292,1,0,0,0.0,0.0,0.0,0.07894736842105263,1,0,0,0,0
6293,0,0,0,0.0,0.0,0.0,0.0,1,0,0,0,0
6296,1,0,0,0.0,0.0,0.0,0.02631578947368421,1,1,0,1,0
6297,0,1,0,0.0,0.0,0.0,0.15789473684210525,0,0,0,0,1
6299,0,0,1,0.0,0.0,0.0,0.0,1,0,0,0,0
6300,1,0,0,0.0,0.0,0.0,0.02631578947368421,1,0,0,0,0
6301,1,0,0,0.0,0.0,0.0,0.02631578947368421,0,1,0,1,0
6302,1,0,1,0.0,0.0,0.0,0.0,1,0,0,0,0
6303,0,0,0,0.0,0.0,0.0,0.05263157894736842,1,0,0,0,0
6304,1,0,0,0.0,0.0,0.0,0.23684210526315788,0,1,0,1,1
6305,0,0,1,0.0,0.0,0.0,0.05263157894736842,1,0,0,0,0
6312,1,0,0,0.0,0.0,0.0,0.23684210526315788,0,1,1,1,0
6314,1,1,1,0.0,0.0,0.058823529411764705,0.0,0,1,0,1,0
6315,1,0,0,0.0,0.0,0.0,0.23684210526315788,0,1,0,1,0
6317,1,1,0,0.0,0.0,0.0,0.23684210526315788,0,1,1,1,0
6319,1,0,1,0.0,0.0,0.0,0.05263157894736842,1,1,0,1,1
6320,1,0,0,0.0,0.0,0.0,0.5526315789473684,0,1,0,1,1
6321,1,0,0,0.0,0.0,0.0,0.07894736842105263,1,0,0,0,0
6322,1,1,0,0.0,0.0,0.0,0.07894736842105263,0,1,0,1,0
6323,1,1,0,0.0,0.0,0.0,0.05263157894736842,1,1,0,1,0
6324,1,0,1,0.0,0.0,0.058823529411764705,0.05263157894736842,0,0,0,0,1
6326,1,1,1,0.0,0.0,0.0,0.07894736842105263,1,1,1,1,1
6328,0,0,0,0.0,0.0,0.0,0.13157894736842105,0,0,0,0,0
6330,0,1,0,0.0,0.0,0.0,0.05263157894736842,1,0,0,0,0
6332,1,0,0,0.0,0.0,0.0,0.0,0,1,1,1,0
6335,1,0,0,0.0,0.0,0.0,0.0,1,0,0,0,0
6336,1,0,0,0.0,0.0,0.0,0.13157894736842105,0,1,0,1,1
6337,1,0,0,0.0,0.0,0.0,0.3684210526315789,0,0,0,0,0
6338,1,0,0,0.0,0.0,0.0,0.05263157894736842,1,1,0,1,0
6339,1,0,0,0.0,0.0,0.0,0.2894736842105263,1,1,0,1,0
6341,1,0,0,0.0,0.0,0.0,0.0,1,0,0,0,0
6344,1,1,0,0.0,0.0,0.0,0.13157894736842105,1,0,0,0,1
6345,1,0,1,0.0,0.0,0.0,0.0,0,0,0,0,0
6347,1,0,1,0.0,0.0,0.0,0.05263157894736842,0,1,0,1,1
6349,0,0,0,0.0,0.0,0.0,0.0,0,0,0,0,0
6353,1,0,0,0.0,0.0,0.0,0.0,1,0,0,0,0
6354,0,1,0,0.0,0.0,0.0,0.21052631578947367,0,1,0,1,0
6356,1,0,0,0.0,0.0,0.0,0.07894736842105263,0,1,1,1,0
6359,1,0,0,0.0,0.0,0.0,0.07894736842105263,0,1,0,1,0
6360,1,1,0,0.0,0.0,0.0,0.0,0,0,0,0,0
6361,1,0,1,0.0,0.07692307692307693,0.0,0.02631578947368421,0,0,0,0,1
6362,0,0,0,0.0,0.0,0.0,0.0,0,1,1,1,0
6365,1,0,0,0.0,0.0,0.058823529411764705,0.21052631578947367,0,1,0,1,1
6367,1,0,0,0.0,0.0,0.058823529411764705,0.15789473684210525,1,1,0,1,1
6368,1,0,0,0.0,0.07692307692307693,0.0,0.2631578947368421,0,1,0,1,1
6369,1,1,0,0.0,0.0,0.0,0.05263157894736842,0,0,0,0,0
6371,1,0,0,0.0,0.0,0.0,0.3157894736842105,0,1,0,1,1
6372,1,0,0,0.0,0.0,0.0,0.10526315789473684,0,1,1,1,0
6373,1,0,0,0.0,0.0,0.0,0.18421052631578946,1,1,0,1,1
6375,1,0,0,0.0,0.0,0.0,0.02631578947368421,1,1,0,1,0
6376,1,0,0,0.0,0.0,0.0,0.05263157894736842,0,0,0,0,0
6377,1,1,0,0.0,0.0,0.0,0.05263157894736842,0,1,0,1,1
6378,1,0,0,0.1,0.0,0.0,0.42105263157894735,0,1,0,1,1
6379,1,1,1,0.0,0.0,0.058823529411764705,0.02631578947368421,0,0,0,0,0
6380,1,0,0,0.0,0.0,0.0,0.07894736842105263,0,0,0,0,1
6381,1,0,0,0.0,0.0,0.0,0.3421052631578947,0,1,0,1,0
6382,1,0,0,0.0,0.0,0.0,0.05263157894736842,0,1,0,0,0
6383,1,1,0,0.0,0.0,0.0,0.0,1,1,1,1,0
6384,1,0,1,0.0,0.07692307692307693,0.0,0.15789473684210525,0,1,0,1,1
6386,1,0,0,0.0,0.0,0.0,0.05263157894736842,0,1,1,1,0
6387,0,0,1,0.0,0.0,0.0,0.0,1,0,0,0,0
6389,0,1,0,0.0,0.0,0.0,0.15789473684210525,0,1,0,1,1
6390,1,0,0,0.0,0.0,0.0,0.13157894736842105,0,0,0,0,0
6391,1,0,1,0.0,0.0,0.0,0.05263157894736842,1,1,0,1,1
6392,1,0,0,0.0,0.0,0.0,0.3157894736842105,0,1,0,1,0
6393,1,0,1,0.0,0.0,0.0,0.02631578947368421,1,1,1,1,0
6394,1,0,0,0.0,0.0,0.0,0.02631578947368421,0,0,0,0,0
6395,1,1,0,0.0,0.0,0.0,0.02631578947368421,1,0,0,0,0
6396,1,1,0,0.0,0.0,0.0,0.15789473684210525,0,0,0,0,0
6398,0,1,0,0.0,0.0,0.0,0.0,1,0,0,0,0
6399,1,1,0,0.0,0.0,0.0,0.13157894736842105,0,0,0,0,0
6400,1,0,0,0.0,0.0,0.0,0.0,0,1,0,1,0
6401,1,1,0,0.0,0.0,0.0,0.02631578947368421,0,0,0,0,0
6402,0,0,0,0.0,0.0,0.0,0.05263157894736842,1,0,0,0,0
6405,1,1,0,0.0,0.0,0.0,0.10526315789473684,0,0,0,0,0
6406,1,0,0,0.0,0.0,0.0,0.39473684210526316,0,0,0,0,0
6409,1,0,0,0.0,0.0,0.0,0.0,0,1,0,1,0
6412,1,0,1,0.0,0.0,0.0,0.10526315789473684,0,0,0,0,1
6413,1,0,0,0.0,0.0,0.0,0.23684210526315788,0,1,0,0,0
6414,1,0,0,0.0,0.0,0.0,0.10526315789473684,0,0,0,0,0
6415,1,0,0,0.0,0.0,0.0,0.0,1,0,0,0,1
6420,1,0,1,0.0,0.07692307692307693,0.0,0.23684210526315788,1,1,0,1,1
6422,0,0,1,0.0,0.07692307692307693,0.0,0.05263157894736842,0,0,0,0,1
6424,1,0,0,0.0,0.0,0.0,0.02631578947368421,1,0,0,0,0
6425,0,0,0,0.0,0.0,0.0,0.05263157894736842,0,0,0,0,0
6426,1,0,0,0.0,0.0,0.0,0.13157894736842105,1,1,0,1,1
6427,1,0,0,0.0,0.0,0.0,0.10526315789473684,1,0,0,0,0
6428,0,1,0,0.0,0.0,0.0,0.5789473684210527,1,1,0,1,1
6430,1,0,0,0.0,0.0,0.0,0.0,1,0,0,0,0
6431,0,0,1,0.0,0.0,0.0,0.05263157894736842,0,1,1,1,0
6432,0,1,0,0.0,0.0,0.0,0.07894736842105263,0,0,0,0,0
6433,0,1,0,0.0,0.0,0.0,0.02631578947368421,0,1,0,1,1
6434,0,0,0,0.0,0.0,0.0,0.05263157894736842,0,0,0,0,0
6436,1,0,0,0.0,0.0,0.0,0.0,1,0,0,0,0
6439,1,0,0,0.0,0.0,0.0,0.13157894736842105,0,1,1,1,1
6441,1,0,0,0.0,0.0,0.0,0.10526315789473684,0,0,0,0,0
6442,1,0,1,0.0,0.0,0.0,0.02631578947368421,1,1,0,1,0
6443,1,1,0,0.0,0.0,0.0,0.13157894736842105,0,0,0,0,0
6446,1,1,0,0.0,0.0,0.0,0.0,1,1,1,1,0
6447,1,0,1,0.0,0.0,0.0,0.0,0,0,0,0,0
6448,1,1,0,0.0,0.0,0.0,0.10526315789473684,1,1,1,1,0
6449,1,0,0,0.0,0.0,0.0,0.2894736842105263,1,1,0,1,0
6450,1,0,0,0.0,0.0,0.0,0.02631578947368421,0,0,0,0,0
6451,1,0,0,0.0,0.0,0.0,0.3157894736842105,0,1,0,1,0
6453,1,0,0,0.0,0.07692307692307693,0.0,0.3421052631578947,0,1,0,1,1
6458,0,0,0,0.0,0.0,0.0,0.0,1,0,0,0,0
6459,1,0,0,0.0,0.0,0.0,0.39473684210526316,1,1,0,1,0
6462,1,0,1,0.0,0.0,0.11764705882352941,0.07894736842105263,0,1,1,1,1
6463,1,0,0,0.0,0.0,0.0,0.39473684210526316,0,0,0,0,1
6466,1,1,0,0.0,0.0,0.0,0.0,1,0,0,0,0
6467,1,0,0,0.0,0.0,0.0,0.3157894736842105,0,0,0,0,1
6468,0,0,0,0.0,0.0,0.0,0.02631578947368421,0,0,0,0,0
6469,1,0,1,0.0,0.0,0.0,0.0,0,1,0,1,0
6470,0,0,1,0.0,0.0,0.0,0.0,0,1,1,1,1
6471,1,1,0,0.0,0.0,0.0,0.7368421052631579,0,1,0,1,1
6473,1,0,0,0.0,0.0,0.0,0.18421052631578946,0,1,0,1,0
6475,1,0,0,0.0,0.0,0.0,0.02631578947368421,1,0,0,0,0
6477,1,1,0,0.0,0.0,0.0,0.10526315789473684,0,1,1,1,0
6478,0,0,0,0.0,0.0,0.0,0.10526315789473684,0,1,0,1,0
6480,1,0,0,0.15000000000000002,0.0,0.0,0.42105263157894735,0,1,0,1,1
6481,0,0,1,0.0,0.0,0.0,0.0,1,1,1,0,0
6482,1,0,0,0.0,0.0,0.0,0.13157894736842105,0,1,0,1,0
6483,1,1,0,0.0,0.0,0.0,0.3421052631578947,0,0,0,0,0
6484,0,1,0,0.0,0.0,0.0,0.0,0,0,0,0,0
6485,1,0,0,0.0,0.0,0.0,0.0,0,0,0,0,0
6487,0,0,0,0.0,0.0,0.0,0.0,1,0,0,0,0
6488,0,1,0,0.0,0.0,0.0,0.0,1,0,0,0,0
6489,1,0,0,0.0,0.0,0.0,0.02631578947368421,0,1,0,1,0
6490,1,0,1,0.0,0.0,0.0,0.0,0,1,1,1,0
6491,0,1,0,0.0,0.0,0.0,0.0,1,1,1,1,0
6492,1,1,0,0.0,0.0,0.0,0.02631578947368421,1,0,0,0,0
6495,1,0,0,0.0,0.0,0.0,0.0,0,0,0,0,0
6496,1,1,1,0.0,0.0,0.0,0.0,0,0,0,0,0
6497,1,0,0,0.0,0.0,0.0,0.18421052631578946,1,1,1,1,1
6498,0,1,0,0.0,0.0,0.0,0.07894736842105263,0,0,0,0,0
6500,0,1,1,0.0,0.0,0.0,0.0,0,0,0,0,0
6501,0,0,0,0.0,0.0,0.0,0.0,0,0,0,0,0
6502,1,0,0,0.0,0.0,0.058823529411764705,0.21052631578947367,1,1,1,1,1
6503,1,0,0,0.0,0.0,0.0,0.02631578947368421,0,1,0,1,0
6504,1,0,0,0.0,0.07692307692307693,0.058823529411764705,0.21052631578947367,0,1,0,1,1
6505,1,1,0,0.0,0.0,0.0,0.13157894736842105,0,0,0,0,0
6507,1,0,0,0.0,0.0,0.0,0.0,1,1,0,1,0
6508,0,0,0,0.0,0.0,0.0,0.13157894736842105,0,0,0,0,0
6511,1,0,0,0.0,0.0,0.0,0.02631578947368421,1,1,0,1,0
6512,1,1,0,0.0,0.0,0.0,0.02631578947368421,0,0,0,0,0
6513,1,0,0,0.0,0.0,0.0,0.3421052631578947,0,1,0,1,0
6514,1,1,0,0.0,0.0,0.0,0.05263157894736842,0,0,0,0,0
6518,1,0,0,0.0,0.0,0.0,0.02631578947368421,1,0,0,0,0
6520,0,0,0,0.0,0.0,0.0,0.02631578947368421,0,0,0,0,0
6521,0,1,0,0.0,0.07692307692307693,0.0,0.2894736842105263,0,1,0,1,0
6522,1,0,1,0.0,0.07692307692307693,0.0,0.07894736842105263,0,1,0,1,0
6524,1,1,0,0.0,0.0,0.0,0.0,0,0,0,0,0
6525,1,1,0,0.0,0.0,0.0,0.02631578947368421,0,1,1,1,0
6526,0,0,0,0.0,0.0,0.0,0.0,1,0,0,0,0
6527,0,0,1,0.0,0.0,0.0,0.0,1,0,0,0,0
6528,1,0,0,0.05,0.15384615384615385,0.0,0.15789473684210525,0,1,0,1,0
6529,1,0,1,0.0,0.0,0.0,0.0,0,1,0,1,0
6531,1,0,1,0.0,0.0,0.11764705882352941,0.02631578947368421,1,1,0,1,1
6533,0,0,1,0.0,0.07692307692307693,0.0,0.05263157894736842,1,0,0,0,0
6534,0,0,0,0.0,0.0,0.0,0.13157894736842105,0,0,0,0,1
6535,1,1,1,0.05,0.0,0.0,0.02631578947368421,0,1,0,1,0
6536,1,1,0,0.0,0.0,0.0,0.07894736842105263,1,0,0,0,0
6537,1,1,0,0.0,0.0,0.0,0.10526315789473684,0,1,1,1,0
6538,1,1,0,0.0,0.0,0.0,0.0,1,1,0,0,0
6539,1,0,0,0.0,0.0,0.0,0.05263157894736842,0,0,0,0,0
6541,1,1,1,0.05,0.23076923076923078,0.11764705882352941,0.13157894736842105,1,1,0,1,1
6546,1,0,0,0.0,0.0,0.0,0.05263157894736842,0,0,0,0,1
6547,1,0,1,0.0,0.0,0.0,0.05263157894736842,0,1,0,1,0
6548,1,0,1,0.0,0.0,0.11764705882352941,0.02631578947368421,0,1,0,1,0
6549,1,0,0,0.0,0.0,0.0,0.0,1,1,0,1,0
6550,1,0,0,0.0,0.0,0.0,0.3157894736842105,0,1,0,1,0
6551,1,1,0,0.0,0.0,0.0,0.02631578947368421,1,0,0,0,0
6552,0,1,0,0.0,0.0,0.0,0.21052631578947367,1,1,0,1,0
6553,1,0,1,0.0,0.07692307692307693,0.11764705882352941,0.05263157894736842,1,0,0,0,0
6554,0,0,0,0.0,0.0,0.0,0.0,0,0,0,0,0
6557,1,0,0,0.0,0.0,0.0,0.13157894736842105,1,0,0,0,0
6558,1,1,0,0.0,0.0,0.0,0.02631578947368421,0,1,0,1,0
6560,0,0,0,0.0,0.0,0.0,0.15789473684210525,0,0,0,0,0
6563,1,1,0,0.0,0.0,0.0,0.10526315789473684,1,1,1,1,1
6564,1,1,0,0.0,0.0,0.0,0.0,0,1,1,0,0
6566,1,0,0,0.0,0.0,0.0,0.23684210526315788,0,1,0,1,1
6570,1,1,0,0.0,0.0,0.0,0.05263157894736842,0,0,0,0,0
6571,1,0,0,0.0,0.0,0.058823529411764705,0.3157894736842105,0,1,1,1,1
6572,1,1,0,0.0,0.0,0.0,0.02631578947368421,0,0,0,0,0
6573,1,0,0,0.0,0.0,0.0,0.0,0,1,1,1,0
6574,0,0,0,0.0,0.0,0.0,0.05263157894736842,0,1,0,1,0
6575,1,0,0,0.0,0.0,0.0,0.05263157894736842,0,1,1,1,0
6577,1,1,0,0.0,0.0,0.0,0.02631578947368421,0,1,1,0,0
6578,1,1,0,0.0,0.0,0.0,0.07894736842105263,0,0,0,0,0
6580,1,1,0,0.0,0.0,0.0,0.0,1,0,0,0,0
6583,1,0,0,0.0,0.0,0.0,0.0,0,0,0,0,1
6584,1,1,0,0.0,0.0,0.058823529411764705,0.02631578947368421,0,0,0,0,0
6585,1,0,0,0.05,0.0,0.0,0.07894736842105263,0,1,0,1,1
6586,0,1,0,0.0,0.0,0.0,0.15789473684210525,0,1,0,1,0
6587,1,0,1,0.0,0.07692307692307693,0.0,0.02631578947368421,0,1,1,1,1
6588,1,0,1,0.0,0.0,0.0,0.0,0,0,0,0,0
6589,0,0,0,0.0,0.0,0.0,0.02631578947368421,0,1,0,1,0
6591,0,0,0,0.0,0.0,0.0,0.0,0,0,0,0,0
6592,0,1,0,0.0,0.0,0.0,0.0,1,0,0,0,0
6593,1,0,0,0.0,0.0,0.0,0.0,1,0,0,0,0
6594,1,0,1,0.0,0.0,0.0,0.0,1,0,0,0,1
6595,1,0,0,0.0,0.0,0.0,0.0,0,0,0,0,0
6596,1,0,0,0.0,0.0,0.0,0.0,0,1,0,1,0
6597,1,0,0,0.05,0.0,0.0,0.2631578947368421,0,1,1,1,1
6600,1,0,0,0.0,0.0,0.0,0.02631578947368421,0,1,0,1,0
6601,1,0,0,0.0,0.0,0.0,0.02631578947368421,0,0,0,0,0
6602,1,1,0,0.0,0.0,0.0,0.02631578947368421,0,1,0,1,0
6603,1,0,1,0.0,0.0,0.0,0.39473684210526316,0,1,1,1,1
6604,1,0,0,0.0,0.0,0.0,0.05263157894736842,0,1,1,1,0
6605,0,0,1,0.0,0.0,0.0,0.0,0,0,0,0,1
6606,1,0,0,0.0,0.0,0.0,0.0,0,0,0,0,0
6608,1,1,0,0.0,0.0,0.0,0.13157894736842105,0,1,0,1,1
6611,1,0,0,0.0,0.0,0.0,0.0,0,0,0,0,0
6613,1,0,0,0.0,0.0,0.0,0.05263157894736842,0,1,0,0,0
6614,1,1,1,0.0,0.0,0.058823529411764705,0.02631578947368421,1,0,0,0,0
6615,0,0,0,0.0,0.0,0.0,0.0,0,0,0,0,0
6616,1,1,0,0.0,0.0,0.0,0.02631578947368421,1,1,0,1,0
6621,1,0,0,0.0,0.0,0.0,0.0,0,1,0,1,0
6624,1,0,0,0.0,0.0,0.0,0.05263157894736842,0,1,0,1,0
6626,1,0,0,0.0,0.0,0.0,0.0,0,0,0,0,0
6627,1,0,0,0.0,0.0,0.0,0.02631578947368421,1,0,0,0,0
6629,0,1,0,0.0,0.0,0.0,0.02631578947368421,1,1,0,1,0
6631,1,0,0,0.0,0.0,0.0,0.0,0,1,0,1,0
6633,1,1,0,0.0,0.0,0.0,0.07894736842105263,0,0,0,0,0
6634,1,0,0,0.0,0.0,0.0,0.5526315789473684,1,1,0,1,1
6636,1,1,1,0.0,0.0,0.058823529411764705,0.0,1,0,0,0,0
6637,0,1,0,0.0,0.0,0.058823529411764705,0.0,1,0,0,0,0
6638,1,0,1,0.0,0.0,0.0,0.02631578947368421,0,1,0,1,0
6639,1,0,0,0.0,0.0,0.0,0.07894736842105263,0,0,0,0,0
6641,1,0,1,0.0,0.0,0.058823529411764705,0.05263157894736842,0,1,0,1,1
6642,1,1,0,0.0,0.0,0.0,0.05263157894736842,0,0,0,0,0
6645,0,0,0,0.0,0.0,0.0,0.07894736842105263,0,0,0,0,0
6646,1,0,0,0.0,0.0,0.0,0.0,1,1,0,1,1
6649,1,1,0,0.0,0.0,0.0,0.07894736842105263,1,1,0,1,0
6650,1,0,1,0.0,0.0,0.0,0.0,1,1,1,1,1
6651,0,0,0,0.0,0.0,0.0,0.07894736842105263,1,0,0,0,0
6652,1,0,0,0.0,0.0,0.0,0.10526315789473684,0,1,0,1,1
6653,0,1,0,0.0,0.0,0.0,0.10526315789473684,0,0,0,0,0
6654,1,0,1,0.0,0.0,0.0,0.02631578947368421,0,1,0,1,1
6655,0,0,0,0.0,0.0,0.0,0.02631578947368421,0,0,0,0,0
6657,0,0,0,0.0,0.0,0.0,0.39473684210526316,0,1,1,1,1
6658,1,0,0,0.0,0.0,0.0,0.0,0,1,0,1,0
6659,1,0,1,0.0,0.0,0.0,0.0,0,0,0,0,1
6660,1,1,0,0.0,0.0,0.0,0.05263157894736842,0,1,0,1,0
6661,1,1,1,0.0,0.0,0.0,0.0,0,0,0,0,0
6662,1,0,0,0.0,0.0,0.0,0.0,0,0,0,0,0
6663,1,0,0,0.0,0.0,0.0,0.02631578947368421,0,0,0,0,0
6665,0,0,1,0.0,0.0,0.0,0.07894736842105263,0,0,0,0,1
6667,0,0,1,0.0,0.0,0.0,0.02631578947368421,0,0,0,0,0
6668,1,0,0,0.0,0.0,0.0,0.0,1,1,0,1,0
6669,1,0,0,0.0,0.0,0.0,0.9210526315789473,0,0,0,0,1
6670,1,1,0,0.0,0.0,0.0,0.05263157894736842,1,1,0,1,0
6671,0,1,1,0.0,0.0,0.0,0.0,0,1,0,1,0
6672,1,0,1,0.0,0.0,0.058823529411764705,0.02631578947368421,0,1,0,1,1
6679,0,0,0,0.0,0.0,0.0,0.10526315789473684,1,1,1,1,1
6681,1,0,0,0.0,0.23076923076923078,0.0,0.07894736842105263,1,1,0,1,1
6683,0,0,1,0.0,0.0,0.0,0.07894736842105263,1,1,0,1,0
6685,1,0,0,0.0,0.0,0.0,0.0,1,0,0,0,0
6686,1,1,0,0.0,0.0,0.0,0.02631578947368421,0,1,0,1,0
6687,1,1,0,0.0,0.0,0.0,0.2631578947368421,0,1,0,1,1
6688,1,1,0,0.0,0.0,0.0,0.0,0,0,0,0,0
6689,1,1,0,0.0,0.0,0.0,0.02631578947368421,1,0,0,0,0
6690,1,0,0,0.0,0.07692307692307693,0.0,0.18421052631578946,0,1,1,1,1
6691,0,1,0,0.0,0.0,0.0,0.18421052631578946,0,0,0,0,1
6692,1,1,0,0.0,0.0,0.0,0.0,0,0,0,0,0
6693,1,1,0,0.0,0.0,0.0,0.0,1,0,0,0,0
6695,1,0,0,0.0,0.07692307692307693,0.0,0.13157894736842105,0,0,0,0,0
6696,1,0,1,0.0,0.0,0.0,0.0,0,0,0,0,1
6697,1,1,0,0.0,0.0,0.0,0.0,1,0,0,0,0
6698,1,0,0,0.0,0.0,0.0,0.3157894736842105,0,1,1,1,1
6699,0,1,0,0.0,0.0,0.0,0.10526315789473684,1,0,0,0,1
6701,1,0,1,0.0,0.0,0.0,0.02631578947368421,0,0,0,0,0
6702,0,0,0,0.0,0.0,0.0,0.0,1,0,0,0,0
6703,1,0,0,0.0,0.0,0.0,0.10526315789473684,0,0,0,0,0
6704,1,1,0,0.0,0.0,0.0,0.02631578947368421,0,0,0,0,0
6705,0,1,0,0.0,0.0,0.0,0.0,1,0,0,0,1
6706,1,0,0,0.05,0.07692307692307693,0.0,0.47368421052631576,0,1,0,1,1
6708,1,0,0,0.0,0.0,0.0,0.05263157894736842,0,1,0,0,0
6712,0,1,0,0.0,0.0,0.0,0.02631578947368421,1,0,0,0,0
6713,1,0,0,0.0,0.0,0.0,0.0,0,0,0,0,0
6715,0,0,0,0.0,0.0,0.0,0.0,1,0,0,0,0
6717,0,1,0,0.0,0.0,0.0,0.02631578947368421,0,0,0,0,0
6719,1,0,0,0.0,0.0,0.0,0.05263157894736842,0,1,0,1,1
6721,0,0,0,0.0,0.0,0.0,0.0,1,0,0,0,0
6722,1,1,0,0.0,0.0,0.058823529411764705,0.07894736842105263,1,0,0,0,0
6726,1,0,0,0.0,0.0,0.0,0.18421052631578946,0,1,0,1,0
6729,0,0,0,0.0,0.0,0.0,0.0,0,0,0,0,0
6730,0,0,0,0.0,0.0,0.0,0.0,1,0,0,0,0
6731,0,1,0,0.0,0.0,0.0,0.0,1,0,0,0,0
6732,1,1,1,0.05,0.0,0.0,0.02631578947368421,0,1,0,1,1
6733,1,0,1,0.0,0.0,0.0,0.0,0,0,0,0,0
6735,0,0,0,0.0,0.0,0.0,0.0,1,0,0,0,0
6737,1,0,1,0.0,0.0,0.0,0.05263157894736842,1,1,0,1,0
6739,1,0,0,0.0,0.0,0.0,0.0,0,1,1,1,1
6740,0,0,0,0.0,0.0,0.0,0.02631578947368421,0,1,0,1,0
6741,1,0,1,0.0,0.0,0.0,0.02631578947368421,1,0,0,0,0
6744,1,0,0,0.0,0.07692307692307693,0.0,0.07894736842105263,1,1,0,1,1
6747,1,0,1,0.0,0.0,0.058823529411764705,0.13157894736842105,0,1,1,1,1
6748,1,0,1,0.0,0.0,0.0,0.0,1,0,0,0,0
6749,0,1,1,0.0,0.0,0.0,0.0,1,0,0,0,1
6751,1,1,0,0.0,0.0,0.0,0.05263157894736842,0,1,0,1,0
6754,0,0,1,0.0,0.0,0.0,0.0,1,0,0,0,0
6755,0,0,1,0.0,0.0,0.0,0.0,1,1,1,1,0
6756,1,1,0,0.0,0.0,0.0,0.0,0,1,1,1,0
6758,0,1,0,0.0,0.0,0.0,0.0,1,1,1,1,0
6759,1,0,0,0.2,0.0,0.0,0.3157894736842105,0,1,0,1,1
6760,1,0,0,0.0,0.0,0.0,0.05263157894736842,0,0,0,0,1
6762,1,1,1,0.0,0.0,0.0,0.0,1,1,0,1,0
6763,0,1,0,0.0,0.0,0.0,0.0,1,0,0,0,0
6765,1,0,0,0.0,0.0,0.0,0.02631578947368421,0,0,0,0,0
6766,1,0,0,0.0,0.07692307692307693,0.058823529411764705,0.21052631578947367,0,1,0,1,1
6769,0,1,0,0.0,0.0,0.0,0.0,0,0,0,0,0
6771,1,0,0,0.0,0.0,0.0,0.10526315789473684,0,0,0,0,1
6773,0,1,0,0.0,0.0,0.0,0.0,1,0,0,0,0
6774,1,0,0,0.0,0.0,0.0,0.05263157894736842,1,0,0,0,0
6775,1,0,0,0.0,0.07692307692307693,0.0,0.23684210526315788,0,1,0,1,1
6776,1,1,0,0.0,0.0,0.0,0.0,0,0,0,0,0
6778,1,0,1,0.05,0.0,0.0,0.02631578947368421,1,0,0,0,1
6780,0,0,0,0.0,0.0,0.0,0.02631578947368421,0,0,0,0,0
6781,1,1,0,0.0,0.0,0.0,0.02631578947368421,1,0,0,0,0
6782,1,0,1,0.0,0.0,0.0,0.05263157894736842,0,1,1,0,1
6783,0,0,0,0.0,0.07692307692307693,0.058823529411764705,0.5526315789473684,1,1,0,1,1
6784,1,0,0,0.0,0.0,0.0,0.0,1,0,0,0,0
6786,1,0,0,0.0,0.0,0.0,0.0,0,0,0,0,0
6788,1,0,0,0.0,0.0,0.0,0.3157894736842105,0,0,0,0,0
6791,1,0,0,0.0,0.0,0.0,0.07894736842105263,0,0,0,0,0
6793,0,1,0,0.0,0.0,0.0,0.05263157894736842,1,0,0,0,0
6794,1,1,0,0.2,0.0,0.058823529411764705,0.3421052631578947,0,1,0,1,0
6796,1,0,1,0.0,0.0,0.0,0.0,0,1,1,1,0
6798,1,1,1,0.0,0.0,0.0,0.07894736842105263,0,0,0,0,0
6800,1,0,1,0.0,0.0,0.0,0.0,0,0,0,0,0
6801,1,1,0,0.0,0.0,0.0,0.02631578947368421,0,0,0,0,1
6802,0,1,0,0.0,0.0,0.0,0.02631578947368421,1,0,0,0,0
6803,1,0,0,0.0,0.0,0.0,0.13157894736842105,0,1,0,1,0
6804,1,1,0,0.0,0.0,0.0,0.05263157894736842,0,1,0,1,0
6805,1,0,1,0.0,0.0,0.0,0.0,0,1,0,1,0
6807,1,0,0,0.0,0.0,0.0,0.15789473684210525,0,1,0,1,1
6808,1,0,0,0.0,0.0,0.0,0.0,0,0,0,0,0
6809,1,0,0,0.0,0.0,0.0,0.0,0,0,0,0,0
6810,1,0,1,0.0,0.0,0.0,0.02631578947368421,0,1,0,1,1
6811,1,0,1,0.0,0.0,0.0,0.07894736842105263,0,1,1,1,1
6812,1,1,1,0.0,0.0,0.058823529411764705,0.02631578947368421,0,0,0,0,0
6813,1,0,0,0.0,0.0,0.0,0.0,1,0,0,0,0
6815,1,0,1,0.0,0.07692307692307693,0.0,0.05263157894736842,0,0,0,0,1
6816,0,0,0,0.0,0.0,0.0,0.0,1,0,0,0,0
6818,0,1,0,0.0,0.0,0.0,0.0,1,1,0,1,0
6819,1,0,0,0.05,0.0,0.0,0.05263157894736842,1,1,0,1,0
6820,1,0,0,0.0,0.0,0.0,0.02631578947368421,0,0,0,0,0
6824,1,0,0,0.0,0.0,0.0,0.3421052631578947,0,0,0,0,0
6825,1,0,0,0.0,0.0,0.0,0.5789473684210527,0,1,0,1,1
6827,1,0,0,0.0,0.0,0.0,0.0,0,1,0,1,0
6828,1,1,0,0.0,0.0,0.0,0.05263157894736842,0,0,0,0,0
6829,1,0,0,0.0,0.0,0.0,0.0,1,1,0,0,0
6830,0,1,1,0.0,0.0,0.0,0.07894736842105263,0,1,0,1,1
6831,0,1,0,0.0,0.0,0.0,0.23684210526315788,1,1,0,1,1
6834,1,0,0,0.0,0.0,0.0,0.02631578947368421,0,0,0,0,0
6836,1,1,1,0.0,0.0,0.0,0.0,0,1,1,1,0
6837,1,1,0,0.0,0.0,0.0,0.07894736842105263,1,1,0,1,0
6838,0,1,0,0.0,0.0,0.0,0.05263157894736842,0,1,0,1,0
6840,1,0,0,0.0,0.0,0.0,0.21052631578947367,0,1,0,1,0
6846,1,0,1,0.0,0.0,0.0,0.0,1,1,0,1,0
6847,0,0,0,0.0,0.0,0.0,0.10526315789473684,0,0,0,0,1
6850,1,1,0,0.0,0.0,0.0,0.0,0,1,0,1,1
6851,1,1,0,0.0,0.0,0.0,0.18421052631578946,0,1,0,1,1
6852,1,0,0,0.0,0.0,0.0,0.0,0,1,0,1,0
6855,1,1,0,0.0,0.0,0.0,0.02631578947368421,0,1,0,1,0
6857,0,0,0,0.0,0.0,0.0,0.0,1,0,0,0,0
6858,1,1,0,0.0,0.0,0.0,0.07894736842105263,1,0,0,0,0
6859,1,1,1,0.0,0.0,0.0,0.0,0,1,1,1,0
6860,1,0,1,0.0,0.0,0.0,0.0,1,1,0,1,1
6862,1,0,0,0.0,0.0,0.0,0.13157894736842105,0,1,0,0,0
6863,1,0,0,0.0,0.0,0.0,0.0,0,0,0,0,0
6864,1,0,0,0.0,0.0,0.0,0.15789473684210525,1,1,0,1,1
6866,0,0,1,0.0,0.07692307692307693,0.0,0.02631578947368421,1,0,0,0,0
6870,1,1,0,0.0,0.0,0.0,0.2894736842105263,0,0,0,0,1
6872,1,0,0,0.0,0.0,0.0,0.05263157894736842,0,0,0,0,0
6875,1,1,1,0.0,0.0,0.0,0.0,0,0,0,0,1
6877,0,0,0,0.0,0.0,0.0,0.05263157894736842,0,0,0,0,0
6878,1,1,0,0.0,0.0,0.0,0.02631578947368421,0,1,0,1,0
6881,1,0,0,0.0,0.0,0.0,0.05263157894736842,0,0,0,0,0
6882,1,0,0,0.0,0.0,0.058823529411764705,0.4473684210526315,0,1,0,1,1
6883,0,1,0,0.0,0.0,0.0,0.02631578947368421,1,0,0,0,0
6884,1,1,0,0.0,0.0,0.0,0.0,0,0,0,0,1
6885,0,0,0,0.0,0.0,0.0,0.0,1,1,0,1,0
6886,1,0,0,0.0,0.0,0.0,0.4473684210526315,0,1,0,1,1
6888,0,0,0,0.0,0.0,0.0,0.0,1,0,0,0,0
6889,1,1,0,0.0,0.0,0.0,0.07894736842105263,1,1,0,1,0
6892,1,0,1,0.0,0.0,0.058823529411764705,0.02631578947368421,0,1,0,1,0
6893,1,0,0,0.0,0.0,0.0,0.0,0,0,0,0,0
6894,1,0,0,0.0,0.0,0.0,0.05263157894736842,1,0,0,0,0
6896,1,0,0,0.0,0.0,0.0,0.0,0,1,1,1,1
6898,1,0,0,0.0,0.0,0.0,0.10526315789473684,0,0,0,0,0
6899,1,1,0,0.0,0.0,0.0,0.0,1,0,0,0,0
6900,1,0,0,0.0,0.0,0.0,0.02631578947368421,0,1,0,1,0
6901,0,0,1,0.0,0.0,0.0,0.0,0,0,0,0,1
6904,0,0,1,0.0,0.0,0.0,0.02631578947368421,0,0,0,0,0
6906,0,0,0,0.0,0.0,0.0,0.0,1,0,0,0,0
6908,1,0,0,0.0,0.0,0.0,0.5526315789473684,0,1,0,1,1
6910,1,0,0,0.0,0.0,0.1764705882352941,0.47368421052631576,0,1,0,1,1
6911,1,0,1,0.0,0.0,0.0,0.0,1,1,0,1,0
6912,0,0,0,0.0,0.0,0.0,0.02631578947368421,0,0,0,0,0
6915,1,0,0,0.0,0.07692307692307693,0.0,0.23684210526315788,0,1,1,1,1
6916,1,0,1,0.0,0.0,0.0,0.02631578947368421,0,0,0,0,0
6919,0,0,0,0.0,0.0,0.0,0.0,0,1,1,1,0
6920,1,0,0,0.0,0.07692307692307693,0.0,0.2631578947368421,1,0,0,0,0
6921,1,0,0,0.0,0.0,0.0,0.02631578947368421,0,0,0,0,0
6923,1,0,0,0.0,0.0,0.0,0.0,0,0,0,0,0
6924,1,0,1,0.0,0.0,0.0,0.05263157894736842,0,1,0,1,1
6926,1,1,0,0.0,0.0,0.0,0.02631578947368421,0,1,0,1,0
6927,1,0,0,0.0,0.0,0.0,0.02631578947368421,1,1,1,1,0
6929,1,1,0,0.0,0.0,0.0,0.0,0,0,0,0,0
6931,1,0,0,0.0,0.0,0.0,0.0,1,0,0,0,0
6932,1,1,1,0.0,0.0,0.0,0.07894736842105263,0,1,0,1,1
6934,0,0,0,0.0,0.0,0.0,0.0,0,0,0,0,0
6935,1,1,1,0.0,0.07692307692307693,0.0,0.02631578947368421,0,1,1,1,0
6936,1,0,1,0.0,0.0,0.0,0.02631578947368421,0,1,1,1,0
6937,0,1,0,0.0,0.0,0.0,0.0,0,0,0,0,0
6939,1,1,0,0.0,0.0,0.0,0.05263157894736842,0,0,0,0,0
6941,0,0,0,0.0,0.0,0.0,0.02631578947368421,0,1,0,1,0
6943,0,0,1,0.0,0.0,0.0,0.10526315789473684,0,1,0,1,0
6944,0,1,0,0.0,0.0,0.0,0.0,1,0,0,0,0
6946,1,0,1,0.0,0.07692307692307693,0.0,0.05263157894736842,0,1,0,1,1
6947,0,0,0,0.0,0.0,0.0,0.10526315789473684,0,1,0,1,0
6948,1,0,0,0.0,0.0,0.0,0.0,0,0,0,0,0
6949,1,1,0,0.0,0.0,0.0,0.02631578947368421,1,1,0,1,0
6950,1,1,0,0.0,0.0,0.0,0.07894736842105263,0,0,0,0,0
6952,1,0,1,0.0,0.0,0.0,0.0,0,0,0,0,0
6955,1,0,1,0.0,0.0,0.0,0.05263157894736842,0,1,0,1,1
6957,1,0,0,0.0,0.0,0.0,0.07894736842105263,0,1,1,1,1
6959,1,0,0,0.0,0.0,0.0,0.0,0,0,0,0,0
6960,0,0,0,0.0,0.0,0.0,0.0,0,0,0,0,0
6961,1,0,0,0.0,0.0,0.0,0.0,1,1,0,1,1
6963,0,1,0,0.0,0.0,0.0,0.05263157894736842,0,0,0,0,0
6965,0,0,0,0.0,0.0,0.0,0.05263157894736842,0,0,0,0,0
6967,1,1,1,0.0,0.0,0.29411764705882354,0.0,1,0,0,0,0
6968,1,0,0,0.0,0.0,0.058823529411764705,0.2631578947368421,0,1,0,1,0
6971,1,0,0,0.0,0.0,0.0,0.13157894736842105,0,1,0,1,0
6975,1,0,1,0.0,0.07692307692307693,0.0,0.10526315789473684,0,1,1,1,1
6976,1,1,0,0.0,0.0,0.0,0.0,1,0,0,0,0
6977,0,0,0,0.0,0.0,0.0,0.15789473684210525,0,1,0,1,0
6979,1,1,0,0.0,0.0,0.0,0.02631578947368421,1,0,0,0,0
6980,0,0,0,0.0,0.0,0.0,0.3421052631578947,0,1,0,1,1
6981,1,1,0,0.0,0.0,0.0,0.0,0,1,0,1,0
6982,1,0,0,0.0,0.0,0.0,0.02631578947368421,0,1,0,1,0
6983,1,0,0,0.0,0.0,0.0,0.10526315789473684,1,0,0,0,0
6986,1,0,0,0.0,0.0,0.0,0.02631578947368421,1,0,0,0,0
6988,1,0,0,0.0,0.0,0.0,0.13157894736842105,0,0,0,0,0
6989,1,1,0,0.0,0.0,0.0,0.0,0,1,0,1,0
6990,1,0,0,0.0,0.0,0.0,0.07894736842105263,1,0,0,0,0
6991,1,0,0,0.0,0.0,0.0,0.05263157894736842,0,1,0,1,0
6996,0,0,1,0.0,0.0,0.0,0.0,1,1,0,1,0
6997,1,0,0,0.0,0.0,0.0,0.05263157894736842,1,1,0,1,0
6998,1,0,0,0.05,0.0,0.0,0.02631578947368421,0,1,0,1,0
6999,1,0,1,0.0,0.0,0.0,0.0,0,0,0,0,0
7003,1,0,0,0.0,0.0,0.0,0.5263157894736842,1,1,0,1,0
7004,1,1,1,0.0,0.0,0.11764705882352941,0.05263157894736842,0,0,0,0,0
7005,1,0,0,0.0,0.0,0.0,0.05263157894736842,0,0,0,0,1
7006,0,1,0,0.0,0.0,0.0,0.05263157894736842,0,1,0,1,1
7007,0,0,0,0.0,0.0,0.0,0.15789473684210525,0,0,0,0,0
7008,1,0,0,0.05,0.0,0.0,0.3157894736842105,1,1,0,1,1
7009,1,0,1,0.0,0.0,0.0,0.02631578947368421,0,1,0,1,0
7010,1,0,0,0.0,0.0,0.0,0.10526315789473684,0,1,0,1,0
7011,1,0,0,0.0,0.0,0.0,0.21052631578947367,1,0,0,0,0
7012,1,0,0,0.0,0.0,0.0,0.0,0,0,0,0,0
7015,1,1,1,0.0,0.0,0.0,0.0,0,0,0,0,0
7020,1,1,0,0.0,0.0,0.0,0.0,0,1,0,1,0
7022,1,0,0,0.0,0.0,0.0,0.0,1,1,0,1,0
7023,1,1,0,0.0,0.0,0.0,0.05263157894736842,0,0,0,0,0
7024,1,1,0,0.0,0.0,0.0,0.05263157894736842,0,0,0,0,1
7025,0,0,0,0.0,0.0,0.0,0.0,1,1,1,1,0
7026,1,0,0,0.0,0.0,0.0,0.18421052631578946,0,0,0,0,0
7027,1,0,0,0.0,0.0,0.0,0.0,1,1,0,1,0
7028,1,1,0,0.0,0.0,0.0,0.13157894736842105,0,1,0,1,0
7029,1,0,0,0.0,0.0,0.0,0.42105263157894735,1,1,1,1,1
7030,1,0,0,0.0,0.0,0.0,0.02631578947368421,0,0,0,0,0
7032,0,1,0,0.0,0.0,0.0,0.02631578947368421,1,0,0,0,0
7033,1,0,1,0.0,0.0,0.0,0.05263157894736842,0,1,0,0,1
7034,1,1,0,0.0,0.0,0.0,0.05263157894736842,0,1,1,1,0
7036,1,0,0,0.0,0.0,0.0,0.0,1,1,0,1,0
7037,1,0,0,0.0,0.07692307692307693,0.0,0.15789473684210525,0,1,1,1,1
7039,0,1,0,0.0,0.0,0.0,0.07894736842105263,0,1,0,1,0
7040,1,1,1,0.0,0.0,0.0,0.0,0,0,0,0,1
7041,1,0,1,0.0,0.0,0.0,0.0,0,1,0,1,0
7042,1,0,0,0.0,0.07692307692307693,0.0,0.2631578947368421,0,1,0,1,1
7043,1,0,0,0.0,0.0,0.0,0.0,0,0,0,0,0
7044,1,0,0,0.0,0.0,0.0,0.02631578947368421,0,0,0,0,0
7045,1,1,0,0.0,0.0,0.0,0.18421052631578946,0,1,0,1,1
7047,1,0,0,0.0,0.0,0.0,0.05263157894736842,1,0,0,0,0
7048,1,0,0,0.0,0.0,0.0,0.0,1,1,0,1,0
7050,1,0,0,0.0,0.0,0.0,0.02631578947368421,1,0,0,0,0
7051,1,0,0,0.0,0.0,0.0,0.02631578947368421,0,0,0,0,0
7052,1,1,0,0.0,0.0,0.0,0.07894736842105263,0,0,0,0,0
7053,1,0,0,0.0,0.0,0.0,0.0,0,0,0,0,0
7054,1,1,0,0.0,0.0,0.0,0.0,1,0,0,0,0
7055,1,1,0,0.0,0.0,0.0,0.05263157894736842,0,0,0,0,0
7058,1,0,1,0.0,0.07692307692307693,0.0,0.02631578947368421,1,0,0,0,0
7060,0,0,0,0.1,0.0,0.0,0.23684210526315788,0,0,0,0,1
7061,1,1,1,0.0,0.0,0.0,0.0,1,1,0,1,0
7063,1,0,0,0.0,0.0,0.0,0.13157894736842105,1,1,0,1,0
7064,1,0,0,0.0,0.0,0.0,0.15789473684210525,1,1,0,1,0
7067,1,1,1,0.0,0.07692307692307693,0.0,0.05263157894736842,0,1,1,1,1
7068,1,1,0,0.0,0.0,0.0,0.05263157894736842,0,0,0,0,0
7070,1,0,1,0.0,0.0,0.0,0.05263157894736842,0,0,0,0,0
7073,1,0,0,0.0,0.0,0.0,0.10526315789473684,1,1,1,1,1
7074,0,1,1,0.0,0.0,0.0,0.10526315789473684,1,1,0,1,1
7076,0,1,0,0.0,0.0,0.0,0.0,1,1,0,1,0
7077,1,0,0,0.0,0.0,0.0,0.21052631578947367,0,1,0,1,1
7078,1,0,0,0.0,0.0,0.0,0.763157894736842,0,1,0,1,1
7079,1,1,0,0.0,0.0,0.058823529411764705,0.07894736842105263,0,0,0,0,1
7080,0,1,0,0.0,0.0,0.0,0.0,1,0,0,0,0
7082,1,0,0,0.0,0.0,0.0,0.0,0,0,0,0,1
7084,0,1,1,0.0,0.0,0.0,0.0,0,0,0,0,0
7086,1,0,0,0.05,0.0,0.0,0.3421052631578947,1,1,0,1,1
7087,1,0,0,0.0,0.0,0.0,0.0,0,0,0,0,0
7092,1,1,0,0.0,0.0,0.0,0.05263157894736842,0,0,0,0,0
7093,1,0,1,0.0,0.0,0.0,0.02631578947368421,0,0,0,0,0
7095,1,0,0,0.0,0.0,0.0,0.02631578947368421,1,0,0,0,0
7097,1,0,0,0.1,0.23076923076923078,0.0,0.21052631578947367,0,0,0,0,1
7098,1,0,1,0.0,0.0,0.0,0.07894736842105263,0,1,0,1,1
7099,1,0,0,0.0,0.0,0.0,0.05263157894736842,0,0,0,0,0
7100,1,0,0,0.0,0.0,0.0,0.2894736842105263,1,1,0,1,1
7101,0,1,1,0.0,0.0,0.0,0.0,0,0,0,0,0
7103,1,0,1,0.0,0.0,0.0,0.10526315789473684,0,1,0,0,0
7104,1,1,0,0.0,0.0,0.0,0.10526315789473684,1,1,1,1,0
7105,1,0,0,0.0,0.0,0.0,0.39473684210526316,0,1,0,1,1
7107,1,0,0,0.0,0.0,0.0,0.2631578947368421,0,1,0,1,0
7108,1,0,0,0.0,0.0,0.0,0.39473684210526316,1,1,0,1,0
7109,1,1,0,0.0,0.0,0.0,0.0,0,0,0,0,0
7110,1,1,0,0.0,0.0,0.058823529411764705,0.02631578947368421,0,0,0,0,0
7111,1,1,0,0.0,0.0,0.0,0.07894736842105263,1,1,0,1,0
7112,1,0,0,0.0,0.0,0.0,0.2631578947368421,1,1,1,1,1
7114,1,0,1,0.0,0.0,0.0,0.0,0,1,0,1,0
7116,1,0,0,0.0,0.0,0.0,0.23684210526315788,0,1,0,0,1
7117,1,1,0,0.0,0.0,0.0,0.0,0,1,0,0,0
7119,1,0,1,0.0,0.0,0.0,0.07894736842105263,1,0,0,0,0
7120,1,1,0,0.0,0.0,0.0,0.05263157894736842,0,1,1,1,0
7121,1,0,0,0.0,0.0,0.0,0.0,0,0,0,0,0
7123,1,0,0,0.0,0.0,0.0,0.0,1,1,1,1,0
7124,1,1,0,0.0,0.0,0.0,0.10526315789473684,1,1,1,1,0
7125,0,0,0,0.0,0.0,0.0,0.13157894736842105,0,1,0,0,1
7126,0,1,0,0.0,0.0,0.0,0.0,1,0,0,0,0
7127,1,0,0,0.0,0.0,0.0,0.05263157894736842,1,0,0,0,0
7130,1,1,0,0.0,0.0,0.0,0.10526315789473684,0,1,1,1,0
7131,1,0,0,0.0,0.0,0.0,0.18421052631578946,0,1,1,1,0
7135,1,1,0,0.0,0.0,0.0,0.07894736842105263,0,0,0,0,0
7136,1,0,0,0.0,0.0,0.0,0.07894736842105263,0,1,1,1,1
7139,0,0,0,0.0,0.0,0.0,0.0,0,0,0,0,0
7140,0,0,0,0.0,0.0,0.0,0.0,1,1,0,1,0
7141,1,1,0,0.0,0.0,0.0,0.02631578947368421,0,0,0,0,0
7142,0,0,0,0.0,0.0,0.0,0.0,0,0,0,0,0
7143,1,0,0,0.0,0.0,0.0,0.02631578947368421,0,0,0,0,0
7144,1,0,0,0.0,0.0,0.0,0.07894736842105263,1,0,0,0,1
7145,1,0,0,0.0,0.0,0.0,0.02631578947368421,0,1,1,1,0
7148,1,0,0,0.0,0.0,0.0,0.21052631578947367,0,0,0,0,1
7149,1,1,1,0.0,0.0,0.0,0.02631578947368421,0,1,0,0,0
7150,0,0,1,0.0,0.0,0.0,0.0,1,1,0,1,1
7151,1,0,0,0.0,0.07692307692307693,0.0,0.13157894736842105,0,1,0,1,1
7153,1,0,1,0.0,0.0,0.0,0.0,1,0,0,0,0
7154,1,1,0,0.0,0.0,0.0,0.02631578947368421,1,0,0,0,0
7156,1,0,0,0.0,0.0,0.0,0.10526315789473684,0,0,0,0,0
7157,1,0,0,0.0,0.0,0.0,0.02631578947368421,1,0,0,0,0
7158,1,1,0,0.0,0.0,0.0,0.05263157894736842,0,1,0,1,0
7159,1,0,0,0.0,0.0,0.0,0.02631578947368421,0,0,0,0,0
7160,1,0,1,0.0,0.0,0.058823529411764705,0.13157894736842105,0,1,0,1,0
7162,1,0,0,0.0,0.0,0.0,0.07894736842105263,0,1,0,1,0
7163,1,0,0,0.0,0.07692307692307693,0.0,0.15789473684210525,1,1,1,1,0
7164,1,1,0,0.0,0.0,0.0,0.02631578947368421,0,0,0,0,0
7166,0,0,0,0.0,0.0,0.0,0.02631578947368421,0,0,0,0,0
7167,0,0,0,0.0,0.0,0.0,0.05263157894736842,1,0,0,0,0
7170,1,1,1,0.0,0.0,0.0,0.0,0,1,1,0,0
7171,1,1,0,0.0,0.0,0.0,0.05263157894736842,0,0,0,0,0
7173,1,0,0,0.0,0.0,0.0,0.05263157894736842,0,0,0,0,1
7175,0,0,1,0.0,0.0,0.0,0.07894736842105263,0,1,0,0,1
7176,1,1,0,0.0,0.0,0.058823529411764705,0.02631578947368421,0,0,0,0,0
7177,1,0,1,0.0,0.0,0.0,0.0,1,0,0,0,0
7178,1,0,0,0.0,0.0,0.0,0.18421052631578946,0,1,0,1,0
7180,1,0,0,0.0,0.0,0.0,0.10526315789473684,1,0,0,0,0
7183,1,0,0,0.05,0.0,0.23529411764705882,0.3684210526315789,0,0,0,0,1
7184,1,0,0,0.0,0.0,0.0,0.05263157894736842,0,1,0,1,1
7185,1,0,0,0.0,0.0,0.0,0.0,0,0,0,0,0
7186,0,1,0,0.0,0.0,0.0,0.02631578947368421,0,0,0,0,0
7187,1,0,0,0.0,0.0,0.058823529411764705,0.42105263157894735,1,1,0,1,1
7188,1,0,0,0.0,0.0,0.0,0.02631578947368421,1,0,0,0,0
7189,1,1,1,0.0,0.0,0.0,0.0,1,1,0,1,0
7190,0,0,0,0.0,0.0,0.0,0.02631578947368421,0,1,0,1,0
7192,0,0,0,0.0,0.0,0.0,0.0,0,0,0,0,0
7194,1,0,0,0.0,0.0,0.0,0.07894736842105263,1,1,0,1,1
7196,1,0,0,0.0,0.0,0.0,0.15789473684210525,0,1,0,0,0
7197,1,1,0,0.0,0.0,0.0,0.0,0,0,0,0,0
7198,1,0,1,0.0,0.0,0.0,0.02631578947368421,0,1,0,1,0
7199,1,0,0,0.0,0.0,0.0,0.02631578947368421,0,0,0,0,0
7200,1,0,1,0.0,0.0,0.0,0.02631578947368421,0,0,0,0,0
7202,1,0,0,0.0,0.0,0.0,0.05263157894736842,0,0,0,0,1
7203,1,0,0,0.0,0.0,0.0,0.0,0,0,0,0,0
7204,1,1,0,0.0,0.0,0.0,0.07894736842105263,1,0,0,0,0
7205,1,1,0,0.0,0.0,0.0,0.0,0,1,0,1,1
7206,1,0,0,0.0,0.0,0.0,0.15789473684210525,0,1,0,1,0
7210,1,0,0,0.0,0.0,0.0,0.02631578947368421,0,0,0,0,1
7211,1,0,0,0.0,0.0,0.058823529411764705,0.18421052631578946,1,1,1,1,1
7214,0,0,0,0.0,0.0,0.0,0.18421052631578946,1,1,0,1,0
7216,1,0,0,0.0,0.07692307692307693,0.1764705882352941,0.18421052631578946,0,1,1,1,1
7217,1,1,0,0.0,0.0,0.0,0.18421052631578946,0,0,0,0,0
7218,1,0,0,0.0,0.0,0.0,0.0,1,0,0,0,0
7219,1,0,0,0.0,0.0,0.0,0.07894736842105263,0,0,0,0,0
7222,0,1,0,0.0,0.0,0.0,0.13157894736842105,0,1,0,1,0
7223,1,0,0,0.0,0.0,0.0,0.07894736842105263,0,0,0,0,0
7224,1,0,1,0.0,0.0,0.0,0.02631578947368421,0,1,1,1,0
7225,1,0,0,0.0,0.0,0.058823529411764705,0.18421052631578946,0,1,0,1,0
7226,1,1,0,0.0,0.0,0.0,0.15789473684210525,0,1,0,1,0
7227,1,1,0,0.0,0.0,0.0,0.07894736842105263,0,0,0,0,0
7228,1,1,0,0.15000000000000002,0.0,0.0,0.10526315789473684,0,1,0,1,0
7231,1,0,0,0.0,0.0,0.0,0.07894736842105263,1,0,0,0,1
7233,1,0,0,0.05,0.07692307692307693,0.058823529411764705,0.3157894736842105,0,1,0,1,1
7234,1,0,0,0.0,0.0,0.0,0.02631578947368421,0,0,0,0,0
7235,1,1,1,0.0,0.0,0.0,0.02631578947368421,0,0,0,0,0
7236,1,0,0,0.0,0.0,0.0,0.02631578947368421,0,0,0,0,0
7237,1,1,0,0.0,0.0,0.0,0.07894736842105263,1,0,0,0,0
7238,0,1,0,0.0,0.0,0.0,0.0,1,0,0,0,0
7239,1,0,0,0.0,0.0,0.0,0.15789473684210525,1,1,0,1,0
7240,1,0,0,0.0,0.0,0.0,0.10526315789473684,1,0,0,0,0
7241,1,0,1,0.05,0.0,0.0,0.05263157894736842,0,1,0,1,0
7242,0,0,1,0.0,0.0,0.0,0.0,1,0,0,0,0
7243,1,0,0,0.0,0.0,0.0,0.05263157894736842,1,1,0,1,0
7245,1,0,0,0.0,0.0,0.0,0.13157894736842105,1,1,1,1,1
7246,1,1,1,0.0,0.0,0.0,0.05263157894736842,0,0,0,0,0
7247,0,0,1,0.0,0.0,0.0,0.05263157894736842,0,1,0,1,0
7249,0,0,0,0.0,0.0,0.0,0.02631578947368421,0,0,0,0,1
7250,1,0,0,0.0,0.0,0.0,0.23684210526315788,0,0,0,0,0
7252,0,0,0,0.0,0.0,0.0,0.07894736842105263,0,1,0,1,1
7253,1,0,0,0.0,0.0,0.058823529411764705,0.18421052631578946,1,1,0,1,1
7254,1,1,1,0.0,0.0,0.0,0.0,0,1,0,1,0
7255,1,0,0,0.0,0.0,0.0,0.10526315789473684,1,1,0,1,0
7257,1,1,1,0.0,0.0,0.0,0.02631578947368421,0,1,1,1,0
7258,1,0,0,0.0,0.0,0.0,0.21052631578947367,0,1,0,1,1
7259,1,1,0,0.0,0.0,0.0,0.13157894736842105,1,0,0,0,0
7260,1,0,0,0.0,0.0,0.0,0.0,0,1,0,1,0
7263,1,1,0,0.0,0.0,0.0,0.07894736842105263,0,0,0,0,0
7264,0,1,0,0.0,0.0,0.0,0.13157894736842105,1,1,0,1,0
7265,1,0,0,0.0,0.0,0.0,0.3421052631578947,1,0,0,0,0
7266,1,1,1,0.0,0.0,0.0,0.0,0,0,0,0,0
7268,1,0,0,0.0,0.0,0.0,0.763157894736842,0,0,0,0,0
7269,0,1,0,0.0,0.0,0.0,0.0,1,0,0,0,0
7271,0,1,0,0.0,0.0,0.0,0.0,1,0,0,0,0
7272,1,0,0,0.0,0.0,0.0,0.42105263157894735,0,0,0,0,0
7275,0,1,0,0.0,0.0,0.0,0.0,1,0,0,0,0
7276,1,1,0,0.0,0.0,0.0,0.10526315789473684,1,0,0,0,0
7278,0,0,1,0.0,0.0,0.0,0.13157894736842105,0,1,0,1,1
7279,1,0,0,0.0,0.0,0.0,0.02631578947368421,1,1,1,1,0
7280,1,0,0,0.0,0.0,0.0,0.5,1,1,0,1,0
7281,1,1,0,0.0,0.0,0.0,0.0,1,0,0,0,0
7283,0,0,0,0.0,0.0,0.0,0.07894736842105263,1,0,0,0,1
7284,1,1,0,0.0,0.0,0.058823529411764705,0.05263157894736842,0,0,0,0,0
7285,1,0,1,0.0,0.0,0.0,0.07894736842105263,0,1,0,1,1
7286,1,1,0,0.0,0.0,0.0,0.05263157894736842,0,0,0,0,0
7288,1,0,0,0.0,0.0,0.0,0.07894736842105263,0,1,0,1,0
7289,1,0,0,0.0,0.0,0.0,0.5263157894736842,0,1,0,1,1
7291,1,0,0,0.0,0.0,0.0,0.05263157894736842,0,0,0,0,1
7292,0,0,0,0.0,0.0,0.0,0.3421052631578947,0,0,0,0,1
7293,1,0,0,0.0,0.46153846153846156,0.058823529411764705,0.5,1,0,0,0,1
7294,1,0,0,0.0,0.0,0.0,0.8157894736842105,0,1,0,1,1
7296,1,0,0,0.0,0.0,0.0,0.0,1,0,0,0,0
7298,0,0,0,0.0,0.0,0.0,0.02631578947368421,0,0,0,0,0
7299,1,0,0,0.05,0.15384615384615385,0.0,0.23684210526315788,0,1,0,1,1
7300,1,1,1,0.0,0.0,0.0,0.02631578947368421,0,0,0,0,1
7301,1,0,0,0.0,0.0,0.0,0.05263157894736842,0,1,0,1,0
7302,1,0,0,0.05,0.07692307692307693,0.0,0.631578947368421,0,1,1,1,1
7304,1,1,0,0.0,0.0,0.0,0.0,0,0,0,0,0
7305,0,0,0,0.0,0.0,0.0,0.0,0,1,0,1,0
7308,1,1,0,0.0,0.0,0.0,0.07894736842105263,0,1,0,1,0
7310,1,1,0,0.0,0.0,0.0,0.13157894736842105,0,1,0,0,0
7311,1,0,0,0.0,0.0,0.0,0.0,1,0,0,0,0
7312,1,1,0,0.0,0.07692307692307693,0.0,0.15789473684210525,0,1,1,1,1
7315,1,0,1,0.0,0.0,0.0,0.05263157894736842,1,1,0,1,0
7316,1,0,0,0.0,0.0,0.0,0.05263157894736842,1,0,0,0,0
7317,1,0,0,0.0,0.0,0.0,0.05263157894736842,0,0,0,0,1
7318,1,0,0,0.0,0.0,0.0,0.07894736842105263,0,0,0,0,0
7319,1,1,0,0.0,0.0,0.058823529411764705,0.05263157894736842,1,1,0,1,0
7320,1,1,1,0.0,0.15384615384615385,0.0,0.07894736842105263,0,1,0,1,1
7321,1,0,0,0.0,0.0,0.0,0.0,0,0,0,0,0
7322,1,0,1,0.0,0.0,0.0,0.0,0,1,0,1,0
7323,1,0,0,0.0,0.0,0.0,0.5,0,1,0,1,0
7324,1,1,0,0.0,0.0,0.0,0.0,0,0,0,0,0
7326,1,0,1,0.0,0.0,0.0,0.07894736842105263,0,1,0,0,1
7327,1,0,0,0.0,0.0,0.0,0.0,1,1,1,0,0
7328,1,0,0,0.0,0.0,0.0,0.15789473684210525,0,1,1,1,0
7330,0,0,0,0.0,0.0,0.0,0.07894736842105263,0,1,0,1,0
7331,0,1,0,0.0,0.0,0.0,0.0,0,1,0,1,0
7332,1,0,0,0.0,0.0,0.0,0.0,0,1,0,1,0
7334,1,0,0,0.0,0.07692307692307693,0.0,0.631578947368421,0,1,1,1,1
7335,1,0,1,0.0,0.0,0.0,0.05263157894736842,0,1,0,1,0
7337,1,0,0,0.0,0.0,0.0,0.05263157894736842,0,0,0,0,0
7338,1,0,1,0.05,0.07692307692307693,0.058823529411764705,0.10526315789473684,0,1,1,1,1
7339,1,0,0,0.0,0.0,0.058823529411764705,0.02631578947368421,1,1,0,1,0
7340,0,1,0,0.0,0.0,0.0,0.0,0,1,0,1,0
7341,1,0,0,0.0,0.0,0.0,0.0,1,1,0,1,0
7342,1,1,0,0.0,0.0,0.0,0.0,0,1,0,1,0
7343,1,1,0,0.0,0.0,0.0,0.0,0,0,0,0,0
7344,1,0,0,0.0,0.0,0.0,0.05263157894736842,0,1,1,1,0
7345,1,0,1,0.0,0.0,0.0,0.02631578947368421,0,1,0,1,0
7347,0,0,0,0.0,0.0,0.0,0.0,0,0,0,0,1
7348,1,0,0,0.0,0.0,0.0,0.0,1,0,0,0,0
7351,1,0,0,0.0,0.0,0.0,0.0,0,0,0,0,0
7354,0,1,0,0.0,0.0,0.0,0.10526315789473684,1,0,0,0,0
7355,0,1,0,0.0,0.0,0.0,0.05263157894736842,1,0,0,0,0
7356,1,0,1,0.0,0.0,0.058823529411764705,0.0,1,1,0,1,0
7358,1,0,0,0.0,0.0,0.0,0.0,0,0,0,0,0
7359,1,1,1,0.0,0.0,0.0,0.02631578947368421,0,0,0,0,0
7360,0,1,1,0.0,0.0,0.0,0.05263157894736842,0,0,0,0,0
7361,1,0,0,0.0,0.0,0.0,0.02631578947368421,0,0,0,0,0
7362,0,0,1,0.0,0.0,0.058823529411764705,0.2894736842105263,1,1,0,1,1
7365,1,1,0,0.0,0.0,0.0,0.07894736842105263,0,0,0,0,0
7368,0,0,0,0.0,0.0,0.0,0.02631578947368421,1,0,0,0,1
7369,1,0,0,0.0,0.0,0.0,0.10526315789473684,0,1,0,1,0
7370,1,0,0,0.0,0.0,0.0,0.21052631578947367,1,1,1,0,1
7373,1,0,0,0.0,0.0,0.0,0.39473684210526316,0,1,1,1,1
7375,1,0,1,0.0,0.0,0.0,0.05263157894736842,1,1,0,1,0
7380,1,0,0,0.0,0.0,0.0,0.07894736842105263,1,1,0,1,0
7381,0,0,0,0.0,0.0,0.0,0.0,0,0,0,0,0
7382,1,0,0,0.0,0.0,0.0,0.13157894736842105,0,1,0,1,1
7383,1,1,1,0.0,0.0,0.0,0.05263157894736842,0,1,0,1,0
7384,1,0,1,0.0,0.0,0.0,0.02631578947368421,0,0,0,0,1
7385,1,1,0,0.0,0.0,0.0,0.02631578947368421,0,1,0,1,0
7386,1,0,1,0.0,0.0,0.058823529411764705,0.05263157894736842,0,1,0,1,1
7387,1,1,0,0.0,0.0,0.0,0.3157894736842105,0,0,0,0,0
7388,1,0,0,0.0,0.0,0.0,0.0,1,0,0,0,0
7391,1,0,1,0.0,0.0,0.0,0.0,0,1,1,1,1
7392,1,0,0,0.0,0.0,0.0,0.05263157894736842,0,0,0,0,0
7393,1,0,1,0.0,0.0,0.0,0.0,1,1,1,1,1
7394,1,1,0,0.0,0.0,0.0,0.02631578947368421,0,0,0,0,0
7395,1,0,0,0.0,0.0,0.0,0.4473684210526315,0,1,0,1,1
7396,1,0,0,0.0,0.0,0.0,0.02631578947368421,1,0,0,0,0
7399,0,0,0,0.0,0.0,0.058823529411764705,0.02631578947368421,0,0,0,0,0
7400,0,0,0,0.0,0.0,0.0,0.05263157894736842,1,0,0,0,0
7402,1,1,0,0.05,0.07692307692307693,0.058823529411764705,0.10526315789473684,1,1,0,1,0
7403,1,0,0,0.0,0.0,0.0,0.15789473684210525,0,1,0,1,0
7405,0,1,1,0.0,0.0,0.0,0.23684210526315788,1,1,0,1,1
7406,1,0,1,0.0,0.0,0.0,0.02631578947368421,0,1,1,1,1
7409,0,0,0,0.0,0.0,0.0,0.07894736842105263,0,1,0,1,0
7410,1,1,0,0.0,0.0,0.0,0.02631578947368421,0,0,0,0,0
7411,1,0,0,0.0,0.0,0.0,0.13157894736842105,1,1,0,0,1
7412,1,1,0,0.0,0.0,0.0,0.0,0,1,1,1,0
7413,1,0,1,0.0,0.0,0.0,0.07894736842105263,0,1,0,1,1
7416,1,0,0,0.0,0.0,0.058823529411764705,0.05263157894736842,1,0,0,0,0
7417,0,1,0,0.0,0.0,0.0,0.0,0,0,0,0,0
7419,1,0,1,0.0,0.0,0.0,0.02631578947368421,0,0,0,0,1
7420,1,1,0,0.0,0.0,0.0,0.0,0,1,1,1,0
7421,1,1,0,0.0,0.0,0.0,0.0,1,0,0,0,0
7422,1,0,1,0.0,0.0,0.0,0.02631578947368421,0,0,0,0,0
7423,1,0,0,0.0,0.0,0.0,0.0,0,1,0,1,1
7424,1,0,0,0.0,0.0,0.0,0.0,0,0,0,0,0
7425,1,0,1,0.0,0.0,0.0,0.0,0,0,0,0,0
7426,1,0,0,0.0,0.07692307692307693,0.0,0.13157894736842105,0,0,0,0,0
7427,1,0,0,0.0,0.0,0.0,0.21052631578947367,1,1,0,0,1
7429,1,1,1,0.0,0.0,0.0,0.0,1,1,0,1,1
7432,1,1,0,0.0,0.0,0.0,0.05263157894736842,0,0,0,0,0
7434,1,0,1,0.0,0.0,0.0,0.02631578947368421,0,0,0,0,0
7435,0,0,0,0.0,0.0,0.0,0.0,0,0,0,0,0
7437,0,1,0,0.0,0.0,0.0,0.5263157894736842,0,1,0,1,1
7439,1,0,0,0.0,0.0,0.0,0.02631578947368421,0,1,0,1,0
7440,1,0,0,0.05,0.0,0.0,0.13157894736842105,0,0,0,0,0
7441,1,0,1,0.0,0.0,0.0,0.05263157894736842,0,1,0,0,0
7442,1,0,0,0.0,0.0,0.0,0.0,0,1,0,1,0
7443,0,0,0,0.0,0.0,0.0,0.02631578947368421,1,0,0,0,0
7444,1,0,1,0.0,0.0,0.0,0.02631578947368421,0,1,0,0,0
7445,1,0,0,0.0,0.0,0.0,0.02631578947368421,0,1,0,1,1
7446,1,1,0,0.0,0.0,0.0,0.0,0,0,0,0,0
7447,0,0,1,0.0,0.0,0.0,0.0,1,1,0,0,1
7448,0,0,0,0.0,0.0,0.0,0.0,0,0,0,0,0
7449,1,0,0,0.0,0.0,0.0,0.3421052631578947,0,1,0,1,1
7450,1,0,0,0.0,0.0,0.0,0.3421052631578947,1,1,0,1,1
7451,1,1,0,0.0,0.0,0.0,0.02631578947368421,1,0,0,0,0
7454,1,0,0,0.0,0.0,0.0,0.02631578947368421,1,1,0,1,0
7455,1,0,1,0.0,0.0,0.0,0.0,0,0,0,0,1
7457,1,0,0,0.0,0.0,0.0,0.13157894736842105,0,1,0,1,1
7459,1,0,0,0.0,0.0,0.0,0.2631578947368421,0,1,0,1,1
7460,1,0,0,0.0,0.0,0.0,0.07894736842105263,1,1,0,1,0
7462,1,1,0,0.0,0.0,0.0,0.07894736842105263,1,1,0,1,0
7464,1,0,1,0.0,0.07692307692307693,0.11764705882352941,0.05263157894736842,0,1,0,1,0
7465,1,1,1,0.0,0.0,0.0,0.0,0,0,0,0,0
7466,1,1,0,0.0,0.0,0.0,0.0,1,0,0,0,0
7467,0,0,1,0.0,0.0,0.0,0.0,1,0,0,0,0
7468,1,1,0,0.0,0.0,0.0,0.05263157894736842,0,1,0,1,1
7469,1,0,0,0.0,0.0,0.0,0.10526315789473684,0,1,0,1,0
7472,1,1,0,0.0,0.0,0.0,0.0,1,0,0,0,0
7475,1,1,0,0.0,0.0,0.0,0.02631578947368421,1,0,0,0,0
7476,1,0,0,0.0,0.0,0.0,0.15789473684210525,1,0,0,0,0
7477,1,0,1,0.0,0.0,0.0,0.02631578947368421,0,0,0,0,1
7478,1,0,0,0.0,0.0,0.0,0.10526315789473684,0,1,0,1,0
7479,1,1,1,0.0,0.0,0.0,0.0,0,0,0,0,1
7480,1,1,0,0.0,0.0,0.0,0.05263157894736842,0,0,0,0,0
7481,1,1,1,0.0,0.0,0.058823529411764705,0.0,0,1,1,1,1
7482,1,0,0,0.0,0.0,0.0,0.07894736842105263,1,1,1,1,0
7484,0,0,0,0.0,0.0,0.0,0.21052631578947367,0,1,0,1,1
7485,1,0,0,0.0,0.0,0.0,0.0,1,1,1,1,0
7487,1,1,0,0.0,0.0,0.0,0.02631578947368421,0,0,0,0,0
7488,1,0,1,0.0,0.0,0.0,0.0,0,1,1,1,1
7490,0,0,0,0.0,0.0,0.0,0.02631578947368421,1,0,0,0,0
7493,0,0,1,0.0,0.0,0.0,0.0,0,1,0,1,0
7495,1,1,0,0.0,0.0,0.0,0.10526315789473684,1,1,1,0,1
7496,1,1,1,0.0,0.0,0.0,0.0,0,0,0,0,1
7497,1,0,1,0.0,0.0,0.0,0.0,0,1,0,1,1
7499,1,1,0,0.0,0.0,0.0,0.02631578947368421,1,1,0,0,0
7500,0,0,0,0.0,0.0,0.0,0.02631578947368421,0,0,0,0,0
7502,1,1,0,0.0,0.0,0.0,0.2894736842105263,0,1,0,1,0
7503,1,0,0,0.0,0.0,0.0,0.02631578947368421,0,0,0,0,0
7508,1,0,0,0.0,0.0,0.0,0.0,1,0,0,0,0
7510,1,0,0,0.0,0.0,0.0,0.0,0,0,0,0,0
7511,1,0,1,0.0,0.0,0.0,0.0,0,1,1,1,1
7513,1,0,1,0.0,0.0,0.0,0.02631578947368421,0,1,0,1,0
7514,1,1,0,0.0,0.0,0.0,0.07894736842105263,0,0,0,0,0
7515,1,0,1,0.0,0.0,0.058823529411764705,0.02631578947368421,0,1,0,1,1
7516,1,0,0,0.0,0.0,0.0,0.0,1,1,0,1,1
7517,0,0,0,0.0,0.0,0.0,0.0,1,0,0,0,0
7519,1,0,0,0.0,0.0,0.0,0.02631578947368421,0,0,0,0,0
7520,0,1,1,0.0,0.0,0.0,0.0,1,0,0,0,0
7522,1,0,0,0.0,0.0,0.0,0.18421052631578946,0,1,0,1,0
7523,1,0,0,0.0,0.0,0.0,0.02631578947368421,0,1,1,1,0
7524,0,0,0,0.0,0.0,0.0,0.0,0,0,0,0,0
7525,1,1,0,0.0,0.0,0.0,0.05263157894736842,0,0,0,0,0
7526,1,1,1,0.0,0.0,0.0,0.0,1,1,0,1,0
7530,0,0,0,0.0,0.0,0.058823529411764705,0.23684210526315788,1,0,0,0,1
7531,1,0,0,0.0,0.0,0.0,0.07894736842105263,0,1,0,1,0
7534,1,1,0,0.0,0.0,0.0,0.02631578947368421,0,1,0,1,0
7535,1,0,0,0.0,0.0,0.0,0.02631578947368421,0,1,0,1,0
7536,1,1,0,0.0,0.0,0.0,0.02631578947368421,0,0,0,0,0
7537,1,0,0,0.0,0.0,0.0,0.05263157894736842,0,1,0,1,0
7538,0,0,0,0.0,0.0,0.0,0.02631578947368421,0,0,0,0,0
7540,1,0,0,0.0,0.0,0.0,0.15789473684210525,0,1,0,1,1
7541,1,1,0,0.0,0.0,0.0,0.13157894736842105,1,0,0,0,0
7542,0,0,0,0.0,0.0,0.0,0.2894736842105263,0,1,0,1,1
7543,1,0,1,0.1,0.0,0.0,0.05263157894736842,0,1,0,1,1
7545,1,1,1,0.0,0.0,0.11764705882352941,0.07894736842105263,0,0,0,0,0
7546,1,1,1,0.05,0.0,0.1764705882352941,0.05263157894736842,1,1,0,0,1
7547,0,1,0,0.0,0.0,0.0,0.0,0,0,0,0,0
7548,1,0,0,0.0,0.0,0.0,0.0,0,0,0,0,0
7551,1,0,1,0.0,0.0,0.0,0.0,1,1,0,1,0
7552,1,0,0,0.0,0.0,0.0,0.02631578947368421,0,1,0,1,0
7553,0,0,1,0.0,0.0,0.0,0.0,1,0,0,0,0
7555,0,1,0,0.0,0.0,0.0,0.0,1,0,0,0,0
7556,1,1,1,0.0,0.0,0.0,0.0,1,0,0,0,0
7559,1,1,0,0.0,0.0,0.0,0.21052631578947367,0,0,0,0,0
7560,1,1,0,0.0,0.0,0.0,0.07894736842105263,0,1,0,1,1
7561,1,1,0,0.0,0.0,0.0,0.2631578947368421,0,0,0,0,1
7562,1,0,0,0.0,0.0,0.0,0.02631578947368421,0,0,0,0,0
7563,0,1,0,0.0,0.0,0.0,0.02631578947368421,1,0,0,0,0
7564,1,1,0,0.0,0.0,0.0,0.07894736842105263,0,0,0,0,0
7567,0,0,0,0.0,0.0,0.0,0.07894736842105263,1,0,0,0,0
7568,0,0,1,0.0,0.23076923076923078,0.0,0.07894736842105263,1,1,0,0,0
7570,1,0,0,0.0,0.0,0.0,0.0,0,0,0,0,0
7571,1,0,0,0.0,0.0,0.0,0.0,0,0,0,0,0
7572,1,1,0,0.0,0.0,0.0,0.23684210526315788,1,1,0,1,0
7573,1,0,0,0.0,0.15384615384615385,0.11764705882352941,0.42105263157894735,0,1,0,1,1
7574,0,1,0,0.0,0.0,0.0,0.02631578947368421,1,0,0,0,0
7576,1,0,0,0.0,0.0,0.0,0.02631578947368421,0,1,0,1,1
7577,0,0,0,0.0,0.0,0.0,0.0,1,0,0,0,0
7578,0,0,0,0.0,0.0,0.0,0.05263157894736842,1,0,0,0,0
7580,0,1,0,0.0,0.0,0.0,0.05263157894736842,0,1,0,1,1
7581,1,0,0,0.0,0.0,0.0,0.0,1,1,0,1,0
7585,1,0,0,0.0,0.0,0.0,0.05263157894736842,1,0,0,0,0
7586,1,0,0,0.0,0.0,0.0,0.0,0,0,0,0,0
7587,1,0,0,0.0,0.0,0.0,0.15789473684210525,1,1,0,1,1
7588,1,0,0,0.0,0.07692307692307693,0.0,0.3684210526315789,0,1,1,1,0
7589,1,0,0,0.0,0.0,0.0,0.05263157894736842,0,1,0,1,0
7591,1,0,1,0.1,0.15384615384615385,0.0,0.10526315789473684,0,1,0,1,1
7593,1,0,0,0.0,0.0,0.0,0.02631578947368421,0,1,0,1,0
7595,0,0,0,0.0,0.0,0.0,0.0,1,0,0,0,0
7596,1,0,0,0.15000000000000002,0.0,0.0,0.15789473684210525,0,0,0,0,0
7597,1,0,0,0.0,0.0,0.0,0.0,1,0,0,0,0
7602,1,0,0,0.0,0.0,0.058823529411764705,0.2894736842105263,0,1,0,1,1
7603,1,0,0,0.0,0.0,0.0,0.0,0,0,0,0,0
7604,1,1,0,0.0,0.0,0.0,0.0,1,0,0,0,0
7605,1,0,0,0.0,0.0,0.0,0.02631578947368421,1,1,1,1,0
7606,1,1,0,0.0,0.0,0.0,0.2894736842105263,1,1,1,1,0
7607,0,0,1,0.0,0.0,0.0,0.02631578947368421,0,0,0,0,0
7611,1,1,0,0.0,0.0,0.0,0.6842105263157894,0,1,0,1,1
7612,1,1,0,0.0,0.0,0.0,0.05263157894736842,1,1,0,1,0
7613,1,0,0,0.0,0.0,0.0,0.02631578947368421,0,0,0,0,0
7615,1,0,0,0.0,0.0,0.0,0.0,0,0,0,0,0
7618,1,0,0,0.0,0.0,0.0,0.0,0,0,0,0,0
7620,1,0,0,0.0,0.0,0.0,0.02631578947368421,0,0,0,0,0
7622,1,0,1,0.0,0.07692307692307693,0.0,0.07894736842105263,0,1,0,1,1
7624,1,1,0,0.0,0.07692307692307693,0.0,0.42105263157894735,0,1,0,1,0
7625,1,0,0,0.0,0.0,0.0,0.0,1,1,0,1,0
7631,1,1,1,0.0,0.0,0.0,0.0,0,1,0,1,0
7634,1,0,0,0.0,0.0,0.0,0.0,0,0,0,0,0
7635,1,1,0,0.0,0.0,0.0,0.0,1,0,0,0,0
7636,0,0,0,0.0,0.0,0.0,0.0,1,0,0,0,0
7637,1,0,0,0.0,0.0,0.0,0.23684210526315788,0,0,0,0,0
7638,1,0,0,0.0,0.0,0.0,0.05263157894736842,1,1,0,1,0
7639,1,0,0,0.0,0.0,0.0,0.0,0,0,0,0,0
7640,1,1,0,0.0,0.0,0.0,0.02631578947368421,0,1,0,1,1
7642,1,0,0,0.0,0.0,0.0,0.47368421052631576,0,1,0,0,1
7644,1,0,1,0.0,0.0,0.0,0.10526315789473684,0,0,0,0,1
7645,1,0,0,0.0,0.0,0.0,0.0,0,1,0,1,0
7647,1,0,0,0.0,0.0,0.0,0.05263157894736842,0,0,0,0,0
7648,1,0,1,0.0,0.0,0.0,0.0,1,0,0,0,0
7649,1,0,0,0.0,0.0,0.0,0.07894736842105263,0,1,0,1,0
7650,1,1,0,0.0,0.0,0.0,0.02631578947368421,0,1,1,1,0
7651,1,0,0,0.0,0.0,0.0,0.0,0,0,0,0,0
7652,1,0,0,0.0,0.0,0.11764705882352941,0.21052631578947367,0,1,0,1,1
7653,1,0,1,0.0,0.0,0.0,0.18421052631578946,0,1,0,1,1
7654,1,0,0,0.0,0.0,0.0,0.02631578947368421,0,0,0,0,0
7655,1,0,0,0.0,0.0,0.0,0.10526315789473684,0,0,0,0,0
7656,1,0,0,0.0,0.0,0.0,0.02631578947368421,0,0,0,0,0
7657,1,0,0,0.0,0.0,0.0,0.05263157894736842,0,0,0,0,0
7659,1,1,0,0.0,0.0,0.0,0.02631578947368421,0,0,0,0,0
7660,1,0,1,0.0,0.0,0.0,0.0,0,0,0,0,0
7661,0,1,0,0.0,0.0,0.0,0.7368421052631579,0,1,0,1,1
7663,0,1,0,0.0,0.0,0.0,0.0,0,0,0,0,0
7667,1,1,0,0.0,0.0,0.0,0.02631578947368421,1,0,0,0,0
7668,1,0,0,0.0,0.0,0.0,0.0,1,0,0,0,0
7669,1,0,0,0.0,0.0,0.0,0.0,1,0,0,0,0
7670,1,0,0,0.0,0.0,0.0,0.10526315789473684,0,1,0,1,1
7672,1,0,0,0.0,0.0,0.0,0.0,1,0,0,0,0
7673,1,0,0,0.0,0.0,0.0,0.02631578947368421,0,0,0,0,0
7674,1,0,1,0.0,0.0,0.0,0.0,1,1,1,1,0
7675,1,1,1,0.0,0.0,0.0,0.0,0,1,0,1,1
7676,1,1,0,0.0,0.07692307692307693,0.0,0.07894736842105263,1,1,0,1,0
7677,0,1,0,0.0,0.0,0.0,0.0,1,0,0,0,0
7678,1,0,0,0.0,0.15384615384615385,0.0,0.18421052631578946,0,1,0,1,1
7679,1,1,0,0.0,0.0,0.0,0.05263157894736842,1,1,0,1,0
7680,1,1,0,0.0,0.0,0.0,0.05263157894736842,0,0,0,0,0
7681,1,0,0,0.0,0.0,0.0,0.02631578947368421,0,0,0,0,0
7682,0,0,0,0.0,0.0,0.0,0.02631578947368421,0,0,0,0,1
7683,0,0,1,0.0,0.0,0.0,0.05263157894736842,0,1,0,1,1
7685,0,0,0,0.0,0.0,0.0,0.0,1,0,0,0,0
7686,1,0,0,0.0,0.0,0.0,0.02631578947368421,0,0,0,0,0
7688,1,0,0,0.0,0.0,0.0,0.0,0,0,0,0,1
7689,1,0,0,0.0,0.0,0.0,0.21052631578947367,0,1,1,1,1
7690,1,1,0,0.0,0.0,0.0,0.3684210526315789,0,1,0,1,0
7692,1,1,0,0.0,0.0,0.0,0.05263157894736842,1,0,0,0,0
7693,1,0,1,0.0,0.0,0.058823529411764705,0.05263157894736842,0,1,1,1,1
7694,1,0,0,0.0,0.0,0.0,0.0,1,0,0,0,0
7697,1,0,0,0.0,0.0,0.0,0.0,1,0,0,0,0
7698,1,0,0,0.0,0.0,0.23529411764705882,0.2894736842105263,0,1,1,1,1
7699,1,0,1,0.0,0.0,0.0,0.0,0,1,0,1,0
7700,1,0,0,0.0,0.0,0.0,0.15789473684210525,0,1,1,1,1
7703,1,0,0,0.0,0.0,0.0,0.05263157894736842,0,1,0,1,0
7704,1,0,0,0.0,0.0,0.0,0.0,0,0,0,0,1
7705,0,1,0,0.0,0.0,0.0,0.05263157894736842,0,0,0,0,0
7706,1,0,0,0.0,0.0,0.0,0.0,1,0,0,0,0
7707,1,0,1,0.0,0.0,0.0,0.0,0,1,0,1,0
7710,1,1,1,0.0,0.0,0.0,0.07894736842105263,0,1,0,1,1
7711,1,0,1,0.0,0.0,0.0,0.0,0,0,0,0,0
7712,1,0,1,0.0,0.0,0.0,0.0,1,0,0,0,0
7714,1,0,0,0.0,0.0,0.0,0.15789473684210525,0,1,0,1,0
7717,1,0,0,0.1,0.0,0.058823529411764705,0.21052631578947367,0,1,0,1,1
7720,1,0,0,0.0,0.0,0.0,0.0,1,1,1,1,0
7721,0,0,1,0.0,0.0,0.0,0.0,0,1,0,1,0
7722,0,0,1,0.0,0.0,0.0,0.07894736842105263,0,1,0,1,1
7723,1,0,1,0.0,0.0,0.0,0.0,0,0,0,0,0
7725,1,0,0,0.0,0.0,0.0,0.0,1,0,0,0,0
7726,1,1,0,0.0,0.0,0.0,0.07894736842105263,1,0,0,0,0
7728,1,0,0,0.1,0.0,0.0,0.21052631578947367,0,1,0,1,1
7729,1,0,0,0.0,0.0,0.0,0.0,0,0,0,0,0
7730,1,1,0,0.0,0.0,0.0,0.05263157894736842,1,1,0,1,0
7732,1,0,0,0.0,0.0,0.0,0.13157894736842105,1,1,0,1,0
7733,1,0,0,0.0,0.0,0.0,0.07894736842105263,1,1,0,1,0
7734,1,0,0,0.0,0.0,0.0,0.0,0,1,0,1,0
7735,0,1,0,0.0,0.0,0.0,0.02631578947368421,1,0,0,0,0
7736,1,0,0,0.0,0.0,0.0,0.05263157894736842,0,1,0,0,0
7737,1,1,1,0.0,0.0,0.0,0.0,0,0,0,0,0
7738,1,1,0,0.0,0.0,0.0,0.05263157894736842,0,0,0,0,0
7740,1,0,0,0.05,0.38461538461538464,0.0,0.21052631578947367,1,0,0,0,0
7741,1,0,1,0.0,0.0,0.0,0.0,0,1,0,1,1
7742,1,0,0,0.0,0.0,0.0,0.13157894736842105,0,1,0,1,0
7744,1,1,0,0.0,0.0,0.0,0.21052631578947367,1,1,0,1,0
7745,1,1,0,0.0,0.0,0.0,0.02631578947368421,0,0,0,0,1
7747,1,0,0,0.0,0.0,0.0,0.02631578947368421,1,0,0,0,1
7752,1,1,0,0.0,0.0,0.0,0.13157894736842105,0,1,0,1,1
7753,1,0,0,0.0,0.0,0.0,0.02631578947368421,1,0,0,0,0
7754,1,1,0,0.0,0.0,0.0,0.05263157894736842,1,1,1,1,0
7756,1,0,0,0.0,0.0,0.0,0.07894736842105263,0,1,0,1,1
7757,1,0,0,0.0,0.0,0.0,0.02631578947368421,1,0,0,0,0
7758,1,0,0,0.0,0.0,0.0,0.0,0,1,0,1,0
7759,1,0,1,0.0,0.0,0.058823529411764705,0.0,0,1,0,1,1
7760,0,0,1,0.0,0.0,0.0,0.05263157894736842,0,1,0,1,1
7762,1,1,0,0.0,0.0,0.0,0.02631578947368421,1,1,0,1,1
7763,1,0,0,0.0,0.0,0.0,0.18421052631578946,0,0,0,0,0
7765,1,0,0,0.0,0.0,0.0,0.3157894736842105,0,1,0,1,0
7766,0,1,0,0.0,0.0,0.0,0.23684210526315788,0,1,0,1,1
7768,1,1,0,0.0,0.0,0.0,0.02631578947368421,1,0,0,0,0
7770,1,0,0,0.05,0.0,0.0,0.3157894736842105,0,0,0,0,0
7772,1,0,1,0.0,0.0,0.058823529411764705,0.02631578947368421,0,1,0,1,0
7774,0,1,0,0.0,0.0,0.0,0.15789473684210525,1,1,0,1,1
7775,1,0,0,0.0,0.0,0.0,0.05263157894736842,0,0,0,0,0
7780,1,0,0,0.0,0.0,0.11764705882352941,0.07894736842105263,1,1,0,1,0
7781,1,0,1,0.05,0.0,0.0,0.02631578947368421,0,1,0,1,1
7785,1,0,0,0.0,0.23076923076923078,0.0,0.5,0,1,0,1,1
7786,1,0,0,0.0,0.0,0.0,0.05263157894736842,0,0,0,0,0
7788,1,0,0,0.0,0.0,0.0,0.18421052631578946,0,1,0,1,0
7790,1,0,0,0.0,0.07692307692307693,0.058823529411764705,0.21052631578947367,0,1,0,1,1
7791,1,0,1,0.0,0.0,0.0,0.02631578947368421,1,1,0,1,1
7792,0,0,0,0.0,0.0,0.0,0.10526315789473684,0,0,0,0,0
7793,1,0,1,0.0,0.0,0.11764705882352941,0.0,0,1,0,1,1
7794,0,1,1,0.0,0.0,0.11764705882352941,0.02631578947368421,1,0,0,0,0
7796,1,0,0,0.0,0.0,0.0,0.05263157894736842,0,1,1,1,1
7797,1,1,0,0.0,0.0,0.0,0.15789473684210525,1,1,0,1,0
7799,1,0,0,0.0,0.0,0.0,0.2894736842105263,1,1,0,1,1
7800,0,0,0,0.0,0.0,0.0,0.05263157894736842,0,0,0,0,0
7802,1,0,0,0.0,0.0,0.0,0.0,1,1,0,1,0
7804,1,0,0,0.0,0.0,0.0,0.07894736842105263,0,1,0,1,0
7806,1,1,0,0.0,0.0,0.0,0.07894736842105263,1,1,0,0,0
7807,1,1,0,0.0,0.0,0.0,0.3421052631578947,0,1,1,1,1
7808,1,0,0,0.0,0.0,0.0,0.05263157894736842,0,1,0,1,0
7809,0,1,0,0.0,0.0,0.0,0.0,0,1,0,1,1
7811,1,1,0,0.0,0.0,0.0,0.02631578947368421,1,0,0,0,0
7812,1,0,0,0.0,0.38461538461538464,0.058823529411764705,0.7105263157894737,1,1,1,1,1
7813,1,0,0,0.0,0.0,0.0,0.18421052631578946,0,0,0,0,0
7815,0,1,0,0.0,0.0,0.0,0.10526315789473684,1,1,0,1,0
7817,1,0,0,0.0,0.0,0.0,0.0,1,0,0,0,0
7818,1,1,0,0.0,0.0,0.0,0.02631578947368421,0,0,0,0,0
7819,1,0,1,0.0,0.07692307692307693,0.0,0.05263157894736842,1,1,0,1,1
7820,1,0,0,0.0,0.0,0.0,0.10526315789473684,1,1,1,1,0
7821,1,1,0,0.0,0.0,0.0,0.02631578947368421,0,0,0,0,1
7823,0,1,0,0.0,0.0,0.0,0.0,0,1,0,1,1
7825,1,0,1,0.0,0.0,0.0,0.05263157894736842,0,1,0,1,1
7830,0,0,0,0.0,0.0,0.0,0.05263157894736842,0,1,0,1,0
7832,1,0,0,0.0,0.0,0.0,0.21052631578947367,1,1,0,1,0
7834,1,0,0,0.0,0.0,0.0,0.02631578947368421,0,0,0,0,0
7835,1,0,0,0.0,0.0,0.0,0.2894736842105263,1,1,1,1,0
7837,1,1,0,0.0,0.0,0.0,0.02631578947368421,0,0,0,0,0
7838,1,0,1,0.0,0.0,0.0,0.0,1,1,0,1,0
7840,1,1,1,0.0,0.0,0.0,0.02631578947368421,0,0,0,0,0
7842,1,0,0,0.0,0.0,0.0,0.10526315789473684,0,0,0,0,0
7843,1,1,0,0.0,0.0,0.0,0.0,1,0,0,0,0
7846,1,0,0,0.0,0.0,0.0,0.07894736842105263,0,1,1,1,0
7847,1,1,0,0.0,0.0,0.0,0.0,1,0,0,0,0
7848,0,1,1,0.0,0.0,0.0,0.0,0,0,0,0,0
7850,1,0,0,0.0,0.07692307692307693,0.058823529411764705,0.05263157894736842,0,1,0,1,0
7851,1,0,0,0.0,0.0,0.0,0.0,0,0,0,0,0
7852,1,1,0,0.0,0.0,0.0,0.07894736842105263,1,1,0,1,0
7853,1,0,0,0.0,0.0,0.0,0.07894736842105263,1,1,0,1,0
7856,0,1,1,0.0,0.0,0.0,0.0,0,1,0,1,1
7859,1,0,0,0.0,0.0,0.0,0.21052631578947367,0,1,1,1,0
7862,1,0,1,0.0,0.0,0.0,0.0,0,1,0,1,0
7864,0,0,0,0.0,0.0,0.0,0.05263157894736842,0,0,0,0,0
7865,1,0,0,0.0,0.0,0.0,0.3157894736842105,0,1,0,1,0
7867,1,0,0,0.0,0.0,0.0,0.05263157894736842,0,0,0,0,0
7868,0,0,0,0.0,0.0,0.0,0.0,0,0,0,0,0
7869,0,0,1,0.0,0.0,0.0,0.05263157894736842,0,1,1,1,0
7870,1,0,0,0.0,0.0,0.0,0.0,0,0,0,0,0
7871,1,0,1,0.0,0.0,0.0,0.02631578947368421,0,1,1,1,0
7874,1,1,0,0.0,0.0,0.0,0.02631578947368421,0,1,0,1,0
7875,1,0,0,0.0,0.0,0.0,0.10526315789473684,0,1,0,1,1
7881,1,0,0,0.0,0.0,0.0,0.0,1,0,0,0,0
7882,1,1,0,0.0,0.0,0.0,0.07894736842105263,0,1,0,0,0
7884,1,1,0,0.0,0.0,0.0,0.4473684210526315,0,1,0,1,0
7889,1,1,0,0.0,0.0,0.0,0.0,0,1,0,1,0
7890,1,0,0,0.0,0.0,0.0,0.15789473684210525,1,0,0,0,1
7891,1,0,0,0.0,0.0,0.0,0.21052631578947367,1,1,0,1,0
7894,1,0,1,0.0,0.0,0.0,0.0,0,0,0,0,1
7895,0,1,0,0.0,0.0,0.0,0.0,1,0,0,0,0
7896,1,0,1,0.0,0.0,0.0,0.0,0,1,0,1,1
7897,0,1,1,0.0,0.0,0.0,0.0,1,1,0,1,0
7898,1,0,0,0.0,0.0,0.0,0.05263157894736842,0,0,0,0,0
7900,1,0,0,0.0,0.0,0.0,0.3157894736842105,0,1,0,1,1
7901,1,1,0,0.0,0.0,0.0,0.15789473684210525,1,1,1,1,1
7902,1,1,0,0.0,0.0,0.0,0.0,1,0,0,0,0
7903,0,0,0,0.0,0.0,0.0,0.0,1,0,0,0,0
7904,0,0,0,0.0,0.0,0.0,0.0,1,0,0,0,1
7905,1,0,0,0.0,0.0,0.0,0.0,0,0,0,0,0
7906,1,0,0,0.0,0.0,0.0,0.07894736842105263,0,1,0,1,0
7908,1,0,1,0.05,0.15384615384615385,0.0,0.13157894736842105,0,1,0,1,1
7909,1,0,0,0.0,0.0,0.0,0.21052631578947367,0,0,0,0,0
7910,1,0,0,0.0,0.0,0.0,0.18421052631578946,1,0,0,0,0
7912,1,1,1,0.0,0.0,0.0,0.0,0,1,0,1,0
7913,1,0,0,0.0,0.0,0.0,0.10526315789473684,1,0,0,0,1
7914,1,1,0,0.0,0.0,0.0,0.0,1,0,0,0,0
7915,1,0,0,0.0,0.0,0.0,0.0,0,0,0,0,0
7916,1,0,0,0.0,0.0,0.0,0.0,0,0,0,0,1
7917,1,0,0,0.0,0.0,0.0,0.4473684210526315,0,0,0,0,1
7919,1,0,0,0.0,0.0,0.0,0.2631578947368421,0,1,0,1,1
7920,1,0,1,0.0,0.0,0.0,0.0,0,0,0,0,0
7922,1,0,0,0.0,0.0,0.0,0.21052631578947367,0,0,0,0,0
7923,1,1,0,0.0,0.0,0.0,0.18421052631578946,0,1,1,1,1
7928,1,1,0,0.0,0.0,0.0,0.0,0,0,0,0,0
7929,0,0,0,0.0,0.0,0.0,0.02631578947368421,0,0,0,0,0
7930,1,1,1,0.0,0.0,0.0,0.13157894736842105,1,1,0,1,0
7931,1,0,0,0.0,0.0,0.0,0.10526315789473684,1,0,0,0,0
7932,1,0,0,0.0,0.0,0.0,0.02631578947368421,1,0,0,0,0
7935,1,0,0,0.0,0.0,0.0,0.0,1,0,0,0,0
7936,1,1,0,0.0,0.0,0.0,0.10526315789473684,1,1,1,1,0
7942,0,0,0,0.0,0.0,0.0,0.21052631578947367,0,1,0,1,1
7943,1,0,0,0.0,0.0,0.0,0.0,1,0,0,0,0
7944,1,1,0,0.0,0.0,0.0,0.05263157894736842,1,0,0,0,0
7945,1,1,0,0.0,0.0,0.0,0.05263157894736842,0,0,0,0,0
7946,1,1,1,0.0,0.0,0.0,0.0,0,0,0,0,0
7948,1,0,0,0.0,0.0,0.0,0.0,0,0,0,0,0
7949,0,1,0,0.0,0.0,0.0,0.0,1,0,0,0,0
7952,1,0,0,0.0,0.0,0.0,0.02631578947368421,0,0,0,0,0
7953,1,0,0,0.0,0.0,0.0,0.02631578947368421,0,0,0,0,0
7955,1,0,1,0.0,0.0,0.0,0.07894736842105263,0,1,0,1,1
7958,1,1,0,0.0,0.0,0.0,0.13157894736842105,1,0,0,0,0
7960,0,1,0,0.0,0.0,0.0,0.02631578947368421,1,1,0,1,0
7962,0,0,0,0.0,0.0,0.0,0.0,0,0,0,0,0
7963,1,0,0,0.0,0.0,0.0,0.0,1,0,0,0,0
7964,1,0,0,0.0,0.0,0.0,0.0,1,0,0,0,0
7966,1,0,0,0.2,0.0,0.0,0.3157894736842105,0,1,0,1,1
7968,1,0,0,0.0,0.0,0.0,0.3684210526315789,0,1,0,1,0
7969,1,0,1,0.0,0.0,0.0,0.0,0,0,0,0,0
7971,1,1,0,0.0,0.0,0.0,0.07894736842105263,0,1,0,1,0
7972,0,1,0,0.0,0.0,0.0,0.0,0,0,0,0,0
7973,1,0,0,0.0,0.0,0.0,0.0,1,0,0,0,0
7974,1,0,0,0.0,0.0,0.0,0.0,1,1,1,1,0
7975,1,1,1,0.4,0.15384615384615385,0.0,0.2894736842105263,0,1,0,1,1
7976,1,1,0,0.0,0.0,0.0,0.21052631578947367,0,1,0,1,1
7977,1,0,1,0.0,0.0,0.0,0.0,1,0,0,0,1
7979,1,1,0,0.0,0.0,0.0,0.5526315789473684,0,1,0,1,0
7981,1,1,0,0.05,0.46153846153846156,0.0,0.3421052631578947,0,0,0,0,1
7983,1,0,1,0.0,0.0,0.0,0.05263157894736842,1,0,0,0,0
7985,1,0,0,0.0,0.0,0.0,0.0,0,0,0,0,0
7986,0,0,1,0.0,0.0,0.0,0.0,0,1,0,1,0
7987,1,1,0,0.2,0.07692307692307693,0.0,0.2631578947368421,0,1,1,1,1
7988,1,0,0,0.1,0.0,0.0,0.15789473684210525,0,1,1,1,0
7989,1,0,1,0.0,0.0,0.0,0.07894736842105263,0,1,1,1,1
7991,1,0,0,0.1,0.07692307692307693,0.0,0.13157894736842105,1,0,0,0,1
7992,1,1,0,0.0,0.0,0.0,0.47368421052631576,0,1,0,1,1
7993,0,1,0,0.0,0.0,0.0,0.07894736842105263,0,1,0,1,0
7994,1,0,0,0.0,0.0,0.0,0.21052631578947367,0,1,0,1,0
7997,1,0,0,0.05,0.0,0.0,0.5,0,1,0,1,1
8000,0,0,0,0.0,0.0,0.0,0.02631578947368421,0,1,0,1,0
8002,1,0,0,0.0,0.0,0.0,0.05263157894736842,1,0,0,0,1
8003,1,1,0,0.0,0.0,0.0,0.0,0,0,0,0,0
8004,1,1,0,0.0,0.0,0.1764705882352941,0.23684210526315788,0,1,0,1,0
8007,1,0,0,0.0,0.0,0.0,0.05263157894736842,0,0,0,0,1
8008,1,0,0,0.0,0.0,0.0,0.02631578947368421,1,0,0,0,0
8009,1,0,0,0.05,0.07692307692307693,0.058823529411764705,0.3421052631578947,0,1,1,1,1
8010,1,1,1,0.0,0.0,0.0,0.0,1,0,0,0,0
8014,1,0,0,0.0,0.0,0.0,0.18421052631578946,1,1,0,1,0
8016,1,0,0,0.0,0.0,0.0,0.15789473684210525,0,1,0,1,0
8018,1,1,0,0.0,0.0,0.0,0.2631578947368421,0,1,0,1,1
8019,0,1,0,0.0,0.0,0.0,0.0,0,0,0,0,0
8021,1,1,0,0.0,0.0,0.0,0.21052631578947367,0,0,0,0,0
8022,1,0,1,0.0,0.0,0.0,0.07894736842105263,0,1,0,1,0
8023,1,0,0,0.0,0.0,0.0,0.18421052631578946,1,1,0,0,0
8024,0,0,0,0.0,0.0,0.0,0.07894736842105263,1,1,0,1,0
8026,1,0,0,0.0,0.0,0.0,0.02631578947368421,0,1,0,1,0
8027,1,1,0,0.0,0.0,0.0,0.0,1,1,0,1,0
8028,0,1,1,0.0,0.0,0.0,0.0,0,1,1,1,1
8030,1,0,1,0.0,0.0,0.0,0.05263157894736842,1,1,0,1,1
8031,1,0,0,0.0,0.0,0.0,0.21052631578947367,1,1,1,1,1
8032,1,1,0,0.0,0.0,0.0,0.0,1,0,0,0,0
8035,1,0,0,0.0,0.07692307692307693,0.0,0.13157894736842105,1,1,1,1,1
8036,1,0,0,0.0,0.0,0.0,0.02631578947368421,1,0,0,0,0
8038,0,0,0,0.0,0.0,0.0,0.0,0,0,0,0,0
8039,1,1,0,0.0,0.0,0.0,0.02631578947368421,1,0,0,0,0
8040,1,0,0,0.0,0.0,0.0,0.0,0,0,0,0,0
8041,1,0,0,0.0,0.0,0.058823529411764705,0.15789473684210525,0,1,0,1,0
8042,1,0,0,0.0,0.0,0.0,0.05263157894736842,1,0,0,0,0
8045,1,1,1,0.0,0.0,0.0,0.15789473684210525,0,1,1,1,1
8046,1,0,0,0.0,0.0,0.058823529411764705,0.3421052631578947,0,1,0,1,1
8047,1,0,1,0.0,0.07692307692307693,0.0,0.05263157894736842,0,0,0,0,0
8048,1,1,0,0.0,0.0,0.0,0.05263157894736842,0,0,0,0,0
8049,1,1,0,0.0,0.0,0.0,0.0,1,0,0,0,0
8050,0,1,0,0.0,0.0,0.0,0.02631578947368421,0,0,0,0,0
8052,0,0,1,0.0,0.0,0.0,0.05263157894736842,1,1,1,1,1
8053,1,0,1,0.0,0.0,0.0,0.05263157894736842,0,1,0,1,1
8054,1,0,0,0.0,0.0,0.0,0.13157894736842105,0,0,0,0,0
8056,1,0,0,0.0,0.0,0.0,0.02631578947368421,1,0,0,0,0
8059,1,1,0,0.0,0.0,0.0,0.2631578947368421,1,1,0,0,0
8060,1,1,0,0.0,0.0,0.0,0.0,0,0,0,0,0
8061,1,1,0,0.0,0.0,0.0,0.10526315789473684,0,0,0,0,0
8062,1,0,0,0.0,0.0,0.0,0.39473684210526316,0,1,0,1,1
8063,1,1,0,0.0,0.0,0.0,0.05263157894736842,0,0,0,0,0
8065,1,0,0,0.0,0.0,0.0,0.10526315789473684,1,1,0,1,0
8066,1,1,1,0.0,0.0,0.0,0.05263157894736842,0,1,0,1,0
8068,1,1,0,0.0,0.0,0.0,0.15789473684210525,0,0,0,0,1
8071,1,1,0,0.0,0.0,0.0,0.3421052631578947,1,0,0,0,0
8072,1,0,1,0.05,0.0,0.0,0.05263157894736842,0,1,0,1,1
8075,1,0,0,0.0,0.0,0.0,0.02631578947368421,0,0,0,0,0
8077,1,0,0,0.0,0.0,0.0,0.05263157894736842,0,0,0,0,0
8078,0,1,0,0.0,0.0,0.0,0.0,1,0,0,0,0
8081,1,1,0,0.0,0.0,0.0,0.07894736842105263,0,1,0,1,1
8082,1,0,0,0.0,0.0,0.0,0.21052631578947367,0,1,0,1,1
8084,1,1,0,0.0,0.0,0.0,0.13157894736842105,0,0,0,0,0
8085,1,0,1,0.0,0.0,0.0,0.0,0,1,1,1,1
8087,1,1,0,0.0,0.0,0.0,0.0,1,1,0,1,0
8090,1,1,0,0.0,0.0,0.0,0.02631578947368421,0,1,0,1,0
8091,1,0,0,0.0,0.0,0.0,0.0,0,1,0,1,0
8093,0,0,0,0.0,0.0,0.0,0.02631578947368421,1,0,0,0,0
8094,1,1,0,0.0,0.0,0.0,0.0,1,0,0,0,0
8095,1,1,0,0.0,0.0,0.0,0.10526315789473684,0,1,0,1,0
8097,1,0,0,0.0,0.0,0.0,0.13157894736842105,0,1,1,1,0
8098,0,0,1,0.0,0.0,0.0,0.0,1,0,0,0,0
8099,1,1,0,0.0,0.0,0.0,0.0,1,0,0,0,0
8100,1,0,0,0.0,0.0,0.0,0.13157894736842105,1,1,0,1,0
8104,0,0,0,0.0,0.0,0.0,0.42105263157894735,0,0,0,0,0
8105,1,0,1,0.0,0.15384615384615385,0.058823529411764705,0.07894736842105263,0,1,1,1,1
8106,1,0,0,0.0,0.0,0.0,0.02631578947368421,0,1,0,1,0
8107,0,1,0,0.0,0.0,0.0,0.02631578947368421,1,0,0,0,0
8110,0,1,1,0.0,0.0,0.0,0.0,1,0,0,0,0
8111,1,0,0,0.0,0.0,0.0,0.10526315789473684,0,1,0,1,1
8112,0,0,0,0.0,0.0,0.0,0.02631578947368421,1,0,0,0,0
8113,1,0,1,0.05,0.15384615384615385,0.0,0.07894736842105263,0,1,1,1,1
8114,1,0,1,0.1,0.0,0.0,0.18421052631578946,1,1,0,1,1
8115,1,0,0,0.0,0.0,0.0,0.02631578947368421,1,0,0,0,0
8116,1,1,1,0.0,0.0,0.0,0.02631578947368421,0,0,0,0,0
8117,1,1,0,0.0,0.0,0.0,0.0,0,1,0,1,0
8118,1,0,0,0.0,0.0,0.0,0.10526315789473684,1,0,0,0,0
8119,1,0,0,0.0,0.0,0.0,0.05263157894736842,0,1,0,0,0
8120,1,0,0,0.15000000000000002,0.0,0.0,0.3157894736842105,1,0,0,0,1
8121,1,0,0,0.0,0.0,0.0,0.02631578947368421,0,0,0,0,0
8124,0,1,0,0.0,0.0,0.0,0.10526315789473684,0,1,0,1,0
8125,1,1,1,0.0,0.0,0.0,0.0,0,0,0,0,0
8126,1,0,0,0.0,0.0,0.0,0.5,0,1,1,1,1
8129,1,0,0,0.0,0.0,0.058823529411764705,0.13157894736842105,0,1,1,1,1
8130,1,0,0,0.0,0.0,0.0,0.02631578947368421,0,0,0,0,0
8132,1,0,1,0.0,0.07692307692307693,0.11764705882352941,0.02631578947368421,0,0,0,0,0
8133,1,0,0,0.0,0.0,0.0,0.02631578947368421,0,1,0,1,0
8134,1,1,0,0.0,0.0,0.0,0.0,1,1,0,1,1
8135,0,0,0,0.0,0.0,0.0,0.02631578947368421,0,1,0,1,0
8136,1,1,0,0.0,0.0,0.0,0.02631578947368421,0,1,0,1,0
8137,1,0,0,0.0,0.0,0.0,0.02631578947368421,0,0,0,0,0
8138,1,0,0,0.0,0.0,0.0,0.02631578947368421,0,0,0,0,0
8140,1,0,0,0.15000000000000002,0.0,0.0,0.42105263157894735,0,1,0,1,1
8141,1,1,1,0.0,0.0,0.0,0.0,0,0,0,0,0
8142,1,0,1,0.0,0.0,0.058823529411764705,0.02631578947368421,0,1,0,1,0
8143,1,0,0,0.0,0.0,0.0,0.02631578947368421,0,0,0,0,0
8145,1,0,1,0.0,0.0,0.0,0.02631578947368421,1,1,0,1,1
8146,1,0,0,0.0,0.0,0.0,0.02631578947368421,0,0,0,0,1
8147,1,0,0,0.0,0.46153846153846156,0.29411764705882354,0.4473684210526315,0,1,0,1,1
8148,1,1,0,0.0,0.0,0.0,0.0,1,0,0,0,0
8149,1,1,0,0.0,0.0,0.0,0.07894736842105263,1,0,0,0,0
8150,0,0,0,0.0,0.0,0.0,0.05263157894736842,1,0,0,0,0
8151,1,0,0,0.0,0.0,0.0,0.05263157894736842,1,0,0,0,0
8153,1,1,0,0.0,0.0,0.0,0.0,1,0,0,0,0
8154,1,0,1,0.0,0.0,0.0,0.02631578947368421,1,0,0,0,1
8155,1,1,0,0.0,0.0,0.0,0.0,1,0,0,0,0
8157,1,1,0,0.0,0.0,0.0,0.0,0,0,0,0,0
8160,0,1,1,0.0,0.0,0.0,0.02631578947368421,0,0,0,0,0
8161,0,0,1,0.0,0.0,0.0,0.0,0,0,0,0,0
8162,1,0,0,0.0,0.0,0.0,0.0,0,0,0,0,0
8163,1,0,1,0.0,0.0,0.0,0.0,1,1,1,1,0
8164,1,0,0,0.0,0.0,0.0,0.13157894736842105,1,0,0,0,0
8168,0,0,1,0.0,0.0,0.0,0.0,1,1,0,1,0
8169,1,0,0,0.0,0.0,0.0,0.0,1,0,0,0,0
8171,1,1,0,0.0,0.0,0.0,0.0,1,1,0,0,0
8172,1,0,0,0.0,0.0,0.0,0.0,0,1,0,1,0
8173,0,1,0,0.0,0.0,0.0,0.02631578947368421,1,1,0,1,0
8174,1,0,0,0.0,0.0,0.0,0.02631578947368421,0,1,0,0,0
8179,1,1,1,0.0,0.0,0.0,0.0,1,1,0,1,0
8182,1,0,1,0.0,0.0,0.0,0.02631578947368421,0,0,0,0,1
8183,1,1,0,0.0,0.0,0.0,0.07894736842105263,0,1,0,1,0
8184,1,1,0,0.0,0.0,0.0,0.10526315789473684,0,1,0,1,0
8185,1,0,0,0.0,0.0,0.0,0.21052631578947367,1,1,1,1,0
8187,1,0,1,0.0,0.0,0.0,0.0,1,1,0,1,1
8188,1,1,0,0.0,0.0,0.0,0.07894736842105263,1,0,0,0,1
8189,1,1,0,0.0,0.0,0.0,0.0,0,0,0,0,0
8190,1,0,0,0.0,0.0,0.0,0.15789473684210525,0,1,0,1,0
8191,1,0,1,0.0,0.0,0.0,0.0,0,0,0,0,0
8193,1,0,1,0.0,0.0,0.0,0.0,0,1,0,1,0
8195,1,0,0,0.0,0.0,0.0,0.4473684210526315,1,0,0,0,1
8196,1,1,0,0.0,0.0,0.0,0.21052631578947367,0,1,0,1,0
8197,1,1,0,0.0,0.0,0.0,0.05263157894736842,0,1,0,1,0
8201,1,1,0,0.0,0.0,0.0,0.05263157894736842,1,1,0,1,1
8203,1,0,0,0.0,0.0,0.058823529411764705,0.05263157894736842,0,1,0,1,1
8204,1,0,0,0.05,0.0,0.0,0.42105263157894735,0,0,0,0,1
8205,1,1,0,0.0,0.0,0.0,0.0,0,1,0,1,0
8207,1,1,0,0.0,0.0,0.0,0.07894736842105263,1,1,1,1,0
8209,1,0,0,0.0,0.0,0.0,0.23684210526315788,0,1,0,0,1
8210,0,0,0,0.0,0.0,0.0,0.02631578947368421,0,0,0,0,0
8211,1,1,0,0.0,0.0,0.0,0.02631578947368421,0,0,0,0,0
8212,1,1,0,0.0,0.0,0.0,0.0,0,0,0,0,0
8214,0,0,1,0.0,0.07692307692307693,0.0,0.02631578947368421,0,1,0,1,0
8215,1,0,0,0.0,0.0,0.0,0.0,1,0,0,0,0
8216,1,0,0,0.0,0.0,0.0,0.07894736842105263,1,0,0,0,0
8217,1,0,1,0.0,0.0,0.0,0.0,0,0,0,0,0
8218,0,1,1,0.0,0.0,0.0,0.0,1,0,0,0,0
8219,1,0,0,0.0,0.0,0.0,0.07894736842105263,1,1,0,1,0
8220,1,0,0,0.0,0.0,0.0,0.07894736842105263,0,0,0,0,0
8222,1,1,1,0.0,0.0,0.0,0.0,0,1,0,1,0
8223,0,1,0,0.0,0.0,0.11764705882352941,0.3684210526315789,0,0,0,0,1
8224,1,0,0,0.0,0.0,0.0,0.02631578947368421,0,0,0,0,0
8225,1,1,0,0.0,0.0,0.0,0.0,1,0,0,0,0
8226,1,1,0,0.0,0.0,0.0,0.07894736842105263,0,1,0,1,0
8230,1,1,0,0.0,0.0,0.0,0.05263157894736842,1,0,0,0,0
8231,1,0,0,0.0,0.0,0.0,0.15789473684210525,0,0,0,0,0
8232,0,0,0,0.0,0.0,0.0,0.15789473684210525,0,1,1,1,0
8235,1,0,1,0.0,0.0,0.0,0.13157894736842105,0,1,0,1,1
8236,1,0,0,0.0,0.0,0.0,0.0,1,0,0,0,0
8237,1,0,0,0.0,0.0,0.0,0.02631578947368421,0,0,0,0,0
8239,1,0,0,0.0,0.0,0.058823529411764705,0.18421052631578946,0,0,0,0,1
8240,0,0,0,0.0,0.0,0.0,0.02631578947368421,1,0,0,0,0
8242,1,0,0,0.0,0.0,0.0,0.0,0,0,0,0,0
8245,0,1,0,0.0,0.0,0.0,0.0,1,0,0,0,0
8247,1,0,1,0.0,0.0,0.0,0.02631578947368421,0,0,0,0,0
8248,1,1,0,0.0,0.0,0.0,0.13157894736842105,1,1,1,1,1
8249,0,1,0,0.0,0.0,0.0,0.18421052631578946,0,1,0,1,0
8250,1,0,1,0.2,0.15384615384615385,0.058823529411764705,0.15789473684210525,0,1,0,1,1
8251,0,0,0,0.0,0.0,0.0,0.0,0,0,0,0,0
8253,1,0,0,0.0,0.0,0.0,0.0,1,0,0,0,0
8254,0,0,0,0.0,0.0,0.0,0.02631578947368421,0,0,0,0,0
8256,1,0,0,0.0,0.0,0.0,0.2894736842105263,0,1,0,1,0
8257,1,0,0,0.0,0.0,0.0,0.21052631578947367,1,1,0,0,1
8258,1,0,0,0.0,0.0,0.0,0.15789473684210525,0,1,1,1,1
8259,1,0,0,0.0,0.0,0.0,0.0,0,0,0,0,0
8260,1,0,0,0.0,0.0,0.0,0.15789473684210525,0,1,1,1,0
8261,1,0,1,0.0,0.0,0.0,0.02631578947368421,0,0,0,0,1
8262,1,1,0,0.0,0.0,0.0,0.0,1,1,0,1,0
8263,1,0,0,0.0,0.0,0.0,0.23684210526315788,0,0,0,0,0
8264,1,0,0,0.0,0.0,0.0,0.02631578947368421,0,1,0,1,0
8265,1,0,0,0.0,0.0,0.0,0.0,0,0,0,0,0
8266,1,0,0,0.0,0.0,0.0,0.07894736842105263,0,1,0,0,1
8267,1,0,0,0.0,0.0,0.0,0.07894736842105263,0,1,1,1,0
8268,1,1,0,0.0,0.0,0.0,0.13157894736842105,0,0,0,0,0
8269,0,0,0,0.0,0.07692307692307693,0.0,0.2894736842105263,0,1,0,1,1
8277,0,0,1,0.0,0.0,0.0,0.0,1,0,0,0,0
8278,1,0,0,0.0,0.0,0.0,0.07894736842105263,0,1,1,1,0
8279,1,0,0,0.0,0.0,0.0,0.13157894736842105,0,1,0,0,0
8280,1,0,0,0.0,0.0,0.0,0.21052631578947367,1,0,0,0,0
8281,0,1,0,0.0,0.0,0.0,0.07894736842105263,0,0,0,0,0
8282,1,0,1,0.05,0.0,0.0,0.02631578947368421,0,1,1,1,1
8283,0,1,0,0.0,0.0,0.0,0.05263157894736842,0,1,0,1,0
8284,1,0,0,0.05,0.0,0.0,0.2631578947368421,0,1,1,1,1
8285,1,0,0,0.0,0.0,0.0,0.21052631578947367,1,1,0,1,0
8287,0,1,1,0.0,0.23076923076923078,0.058823529411764705,0.07894736842105263,1,1,1,1,1
8288,1,0,0,0.0,0.0,0.0,0.21052631578947367,0,1,0,0,0
8289,1,1,0,0.0,0.0,0.0,0.02631578947368421,0,0,0,0,0
8290,1,0,1,0.05,0.0,0.0,0.3157894736842105,0,1,0,1,1
8291,1,0,0,0.0,0.0,0.0,0.10526315789473684,1,0,0,0,0
8292,1,0,0,0.0,0.6153846153846154,0.11764705882352941,0.3157894736842105,0,1,0,1,1
8294,0,1,0,0.0,0.0,0.0,0.0,1,0,0,0,0
8296,0,1,0,0.0,0.0,0.0,0.05263157894736842,1,0,0,0,0
8298,1,1,0,0.0,0.0,0.0,0.0,0,0,0,0,0
8299,1,0,0,0.0,0.0,0.0,0.05263157894736842,0,0,0,0,0
8301,1,0,0,0.0,0.0,0.0,0.0,0,0,0,0,0
8303,1,0,1,0.0,0.0,0.0,0.02631578947368421,0,0,0,0,0
8304,0,1,0,0.0,0.0,0.0,0.15789473684210525,0,0,0,0,1
8306,1,0,0,0.0,0.0,0.0,0.39473684210526316,1,1,1,1,1
8307,0,0,0,0.0,0.0,0.0,0.13157894736842105,0,0,0,0,0
8308,1,0,0,0.05,0.0,0.0,0.15789473684210525,0,1,0,1,1
8309,1,0,0,0.0,0.07692307692307693,0.0,0.15789473684210525,1,0,0,0,0
8311,0,1,1,0.0,0.0,0.0,0.02631578947368421,0,0,0,0,0
8312,1,0,0,0.0,0.0,0.0,0.0,0,0,0,0,0
8313,1,0,0,0.0,0.0,0.0,0.15789473684210525,0,1,0,1,0
8314,1,0,0,0.0,0.0,0.0,0.10526315789473684,0,1,0,0,1
8315,1,0,1,0.1,0.07692307692307693,0.0,0.07894736842105263,1,1,0,1,0
8316,1,0,0,0.0,0.0,0.0,0.15789473684210525,1,1,0,1,0
8317,1,0,0,0.0,0.0,0.0,0.10526315789473684,0,0,0,0,0
8318,1,0,0,0.0,0.0,0.0,0.10526315789473684,0,0,0,0,0
8319,1,0,1,0.0,0.0,0.0,0.0,0,1,0,1,0
8320,1,0,0,0.0,0.0,0.0,0.02631578947368421,0,1,0,1,0
8321,0,0,0,0.0,0.0,0.1764705882352941,0.47368421052631576,0,1,0,1,0
8322,0,0,0,0.0,0.0,0.0,0.3421052631578947,0,1,0,1,1
8325,1,0,1,0.0,0.0,0.0,0.02631578947368421,0,1,0,1,1
8326,1,1,0,0.0,0.0,0.0,0.2631578947368421,0,1,0,1,0
8328,1,1,0,0.0,0.0,0.1764705882352941,0.2631578947368421,1,1,1,1,1
8340,1,1,0,0.0,0.0,0.0,0.0,0,0,0,0,0
8341,1,1,0,0.0,0.0,0.0,0.02631578947368421,1,0,0,0,0
8343,1,0,0,0.0,0.0,0.0,0.18421052631578946,0,1,1,1,1
8344,1,0,0,0.1,0.0,0.058823529411764705,0.3684210526315789,1,1,0,1,1
8347,1,1,0,0.0,0.0,0.0,0.02631578947368421,0,0,0,0,0
8348,1,1,0,0.0,0.0,0.0,0.07894736842105263,1,0,0,0,0
8349,1,0,0,0.0,0.0,0.0,0.05263157894736842,0,0,0,0,0
8350,1,0,1,0.0,0.0,0.0,0.0,0,1,0,1,1
8353,0,0,0,0.05,0.0,0.0,0.02631578947368421,1,1,0,1,0
8354,1,1,0,0.05,0.0,0.058823529411764705,0.23684210526315788,0,1,0,1,1
8355,1,0,0,0.0,0.0,0.0,0.05263157894736842,0,0,0,0,0
8356,0,1,0,0.0,0.0,0.0,0.02631578947368421,1,1,0,1,0
8357,1,0,1,0.0,0.0,0.0,0.0,0,1,0,1,0
8358,0,0,1,0.0,0.0,0.0,0.0,0,0,0,0,0
8359,1,1,0,0.0,0.0,0.0,0.0,0,1,0,1,1
8360,1,0,0,0.0,0.0,0.058823529411764705,0.10526315789473684,0,1,1,1,1
8361,1,0,0,0.0,0.0,0.0,0.18421052631578946,0,0,0,0,1
8362,1,1,0,0.0,0.0,0.0,0.13157894736842105,0,1,0,1,0
8364,1,0,0,0.0,0.0,0.0,0.0,1,0,0,0,0
8365,1,0,1,0.0,0.0,0.0,0.0,1,0,0,0,0
8367,1,0,0,0.0,0.0,0.0,0.39473684210526316,0,1,0,1,1
8369,1,1,0,0.0,0.0,0.0,0.13157894736842105,1,0,0,0,0
8373,1,1,0,0.0,0.0,0.0,0.05263157894736842,1,0,0,0,0
8375,1,0,0,0.0,0.0,0.0,0.5526315789473684,0,1,0,1,1
8378,1,1,0,0.0,0.0,0.0,0.21052631578947367,0,1,0,1,1
8379,1,0,0,0.0,0.0,0.0,0.0,0,0,0,0,0
8380,0,1,0,0.0,0.0,0.0,0.07894736842105263,0,1,0,1,0
8381,1,0,0,0.0,0.0,0.0,0.02631578947368421,1,0,0,0,0
8382,1,0,0,0.0,0.0,0.0,0.15789473684210525,0,1,0,1,0
8384,0,0,0,0.0,0.0,0.0,0.07894736842105263,0,0,0,0,0
8385,1,0,0,0.05,0.0,0.058823529411764705,0.18421052631578946,0,1,0,1,1
8386,1,0,1,0.0,0.0,0.0,0.0,0,0,0,0,0
8389,1,1,0,0.0,0.0,0.0,0.10526315789473684,0,0,0,0,1
8390,1,1,0,0.0,0.0,0.0,0.0,0,0,0,0,0
8392,1,0,1,0.0,0.0,0.0,0.0,0,1,0,1,0
8394,1,0,1,0.0,0.0,0.058823529411764705,0.0,0,1,0,1,0
8396,1,0,0,0.0,0.0,0.0,0.18421052631578946,0,1,0,1,1
8399,1,0,0,0.0,0.07692307692307693,0.0,0.47368421052631576,0,1,0,1,1
8400,1,0,0,0.0,0.0,0.0,0.0,1,1,0,1,0
8401,1,1,0,0.0,0.0,0.0,0.42105263157894735,0,1,0,1,1
8403,1,0,1,0.0,0.0,0.0,0.0,0,1,1,1,0
8404,1,1,0,0.0,0.0,0.0,0.02631578947368421,0,0,0,0,0
8405,1,0,0,0.0,0.0,0.0,0.05263157894736842,0,0,0,0,0
8406,1,1,0,0.0,0.0,0.0,0.13157894736842105,0,1,0,1,1
8407,1,1,0,0.0,0.0,0.0,0.0,0,1,1,1,0
8408,1,1,0,0.0,0.0,0.0,0.0,1,0,0,0,0
8409,1,0,1,0.0,0.0,0.0,0.07894736842105263,0,1,0,1,1
8410,1,0,0,0.1,0.0,0.0,0.21052631578947367,0,1,0,1,1
8411,1,0,0,0.0,0.0,0.0,0.18421052631578946,0,0,0,0,0
8413,1,0,0,0.0,0.0,0.0,0.07894736842105263,0,1,0,1,0
8415,1,1,0,0.0,0.0,0.0,0.10526315789473684,0,0,0,0,0
8416,0,0,1,0.0,0.0,0.0,0.0,0,0,0,0,0
8418,1,1,0,0.0,0.0,0.0,0.0,0,0,0,0,1
8419,1,0,0,0.0,0.0,0.0,0.0,0,0,0,0,0
8421,0,0,1,0.0,0.0,0.0,0.0,1,0,0,0,1
8422,0,1,0,0.0,0.0,0.058823529411764705,0.05263157894736842,0,1,0,1,1
8423,1,0,0,0.0,0.0,0.058823529411764705,0.0,0,0,0,0,0
8424,0,1,0,0.0,0.0,0.0,0.02631578947368421,0,1,0,1,1
8425,1,0,0,0.0,0.0,0.0,0.42105263157894735,1,1,0,1,0
8426,1,1,0,0.0,0.0,0.0,0.0,0,0,0,0,0
8427,1,0,0,0.0,0.0,0.0,0.0,1,1,1,1,0
8428,0,1,0,0.0,0.0,0.0,0.18421052631578946,0,1,0,1,0
8429,1,0,0,0.0,0.0,0.0,0.15789473684210525,0,0,0,0,0
8432,1,0,0,0.0,0.0,0.0,0.47368421052631576,1,1,0,1,1
8434,1,0,0,0.0,0.0,0.0,0.0,0,1,1,1,1
8435,1,0,1,0.0,0.0,0.0,0.02631578947368421,0,0,0,0,0
8436,1,0,1,0.0,0.0,0.0,0.0,0,1,0,1,0
8437,1,0,0,0.0,0.0,0.0,0.18421052631578946,0,0,0,0,0
8438,0,1,0,0.0,0.0,0.0,0.3157894736842105,0,1,0,1,1
8439,1,0,0,0.0,0.0,0.0,0.07894736842105263,1,0,0,0,0
8440,1,1,0,0.0,0.0,0.0,0.15789473684210525,0,0,0,0,0
8445,1,0,1,0.0,0.0,0.0,0.02631578947368421,0,0,0,0,1
8446,1,0,1,0.0,0.0,0.0,0.10526315789473684,0,1,1,1,0
8447,1,0,0,0.0,0.0,0.0,0.3421052631578947,0,1,1,1,1
8448,1,0,0,0.0,0.0,0.0,0.10526315789473684,0,0,0,0,0
8449,1,1,0,0.0,0.0,0.0,0.07894736842105263,1,1,0,1,0
8450,1,1,0,0.0,0.0,0.0,0.05263157894736842,0,1,0,1,0
8452,1,1,0,0.0,0.0,0.0,0.02631578947368421,1,0,0,0,0
8453,1,0,1,0.0,0.0,0.058823529411764705,0.0,0,1,0,1,0
8456,1,0,0,0.0,0.0,0.0,0.07894736842105263,1,0,0,0,0
8457,1,0,0,0.0,0.0,0.0,0.02631578947368421,0,0,0,0,0
8458,1,1,0,0.0,0.0,0.0,0.05263157894736842,0,0,0,0,0
8461,1,0,1,0.0,0.0,0.0,0.02631578947368421,0,1,0,1,0
8462,1,1,0,0.0,0.0,0.0,0.02631578947368421,0,0,0,0,0
8463,1,0,1,0.0,0.0,0.0,0.0,0,0,0,0,0
8465,1,0,1,0.0,0.0,0.0,0.0,0,0,0,0,0
8467,1,0,0,0.0,0.0,0.0,0.15789473684210525,1,1,0,1,0
8468,1,0,0,0.0,0.0,0.0,0.0,0,0,0,0,0
8469,1,0,0,0.0,0.07692307692307693,0.058823529411764705,0.10526315789473684,0,1,0,1,0
8471,1,0,1,0.0,0.0,0.0,0.05263157894736842,0,1,0,1,0
8472,1,0,0,0.0,0.0,0.0,0.18421052631578946,0,1,0,1,1
8473,0,1,0,0.0,0.0,0.0,0.0,1,1,0,1,1
8475,0,1,0,0.0,0.0,0.0,0.13157894736842105,0,1,0,0,0
8476,1,1,0,0.0,0.0,0.0,0.05263157894736842,1,0,0,0,0
8477,1,0,0,0.0,0.0,0.0,0.05263157894736842,0,0,0,0,0
8478,1,1,0,0.0,0.07692307692307693,0.0,0.39473684210526316,0,0,0,0,1
8479,1,0,0,0.0,0.0,0.0,0.10526315789473684,0,1,0,1,0
8482,1,0,0,0.0,0.0,0.0,0.23684210526315788,0,0,0,0,1
8483,0,0,0,0.0,0.0,0.0,0.10526315789473684,0,0,0,0,0
8484,1,1,1,0.0,0.0,0.0,0.0,1,1,0,1,0
8485,1,1,0,0.0,0.0,0.0,0.02631578947368421,1,1,0,1,0
8486,0,0,0,0.0,0.0,0.0,0.18421052631578946,0,1,0,1,1
8487,1,1,0,0.0,0.0,0.0,0.07894736842105263,0,0,0,0,1
8488,1,0,0,0.0,0.0,0.0,0.21052631578947367,1,0,0,0,0
8492,1,0,0,0.0,0.0,0.0,0.18421052631578946,0,1,0,1,1
8494,0,1,0,0.0,0.0,0.0,0.0,1,0,0,0,0
8496,1,1,1,0.0,0.0,0.1764705882352941,0.0,0,1,0,1,0
8500,1,0,1,0.0,0.0,0.0,0.0,0,1,1,1,1
8501,1,0,0,0.0,0.0,0.058823529411764705,0.3684210526315789,0,1,0,1,1
8503,1,0,0,0.0,0.0,0.0,0.02631578947368421,1,0,0,0,0
8504,1,1,0,0.0,0.0,0.0,0.13157894736842105,0,1,0,1,0
8505,1,0,1,0.0,0.0,0.0,0.05263157894736842,1,1,0,1,1
8507,0,0,1,0.0,0.0,0.0,0.02631578947368421,1,0,0,0,0
8508,1,0,0,0.0,0.0,0.0,0.0,1,0,0,0,0
8511,1,1,1,0.0,0.0,0.0,0.0,0,0,0,0,0
8512,1,0,0,0.0,0.0,0.0,0.763157894736842,0,1,0,1,1
8514,0,1,0,0.0,0.0,0.0,0.02631578947368421,1,1,1,1,0
8515,0,0,0,0.0,0.0,0.0,0.02631578947368421,0,0,0,0,0
8517,1,0,1,0.0,0.0,0.0,0.0,1,1,1,1,0
8518,1,0,1,0.0,0.0,0.058823529411764705,0.02631578947368421,0,1,0,1,1
8520,1,0,0,0.0,0.0,0.0,0.15789473684210525,0,1,1,1,0
8522,1,0,0,0.05,0.3076923076923077,0.0,0.2631578947368421,0,1,0,1,1
8523,0,0,1,0.0,0.0,0.0,0.02631578947368421,0,0,0,0,0
8524,1,0,0,0.0,0.0,0.0,0.10526315789473684,1,1,0,0,0
8526,0,0,0,0.0,0.0,0.0,0.0,1,0,0,0,1
8527,0,1,0,0.0,0.0,0.0,0.18421052631578946,1,1,0,1,0
8528,1,0,0,0.0,0.0,0.0,0.02631578947368421,0,0,0,0,0
8530,1,0,0,0.0,0.0,0.0,0.0,0,0,0,0,0
8532,1,0,0,0.0,0.0,0.0,0.02631578947368421,0,0,0,0,0
8533,1,0,0,0.0,0.0,0.0,0.0,0,0,0,0,0
8534,0,1,0,0.0,0.0,0.0,0.2631578947368421,0,1,0,1,0
8535,1,0,0,0.0,0.0,0.0,0.0,0,1,0,1,0
8539,1,0,1,0.0,0.0,0.0,0.13157894736842105,0,0,0,0,0
8543,1,0,1,0.0,0.07692307692307693,0.0,0.02631578947368421,0,1,0,1,1
8544,1,1,0,0.0,0.0,0.0,0.0,1,1,1,1,0
8546,1,1,1,0.0,0.0,0.0,0.02631578947368421,0,0,0,0,0
8548,1,0,0,0.05,0.15384615384615385,0.11764705882352941,0.5789473684210527,1,1,1,1,1
8550,1,0,0,0.0,0.0,0.0,0.13157894736842105,0,0,0,0,0
8551,0,1,0,0.0,0.0,0.0,0.02631578947368421,0,0,0,0,0
8552,1,0,0,0.0,0.07692307692307693,0.0,0.4473684210526315,0,1,0,1,1
8554,1,0,0,0.0,0.0,0.0,0.0,0,1,0,1,0
8558,1,0,0,0.0,0.0,0.0,0.21052631578947367,0,1,0,1,0
8559,1,0,0,0.0,0.0,0.0,0.2631578947368421,0,1,0,1,1
8560,1,1,0,0.0,0.0,0.0,0.05263157894736842,1,0,0,0,0
8563,1,0,0,0.0,0.0,0.0,0.02631578947368421,1,0,0,0,0
8565,1,0,0,0.0,0.0,0.0,0.3421052631578947,0,1,1,1,1
8568,1,0,1,0.0,0.0,0.1764705882352941,0.10526315789473684,0,1,0,1,0
8569,1,1,0,0.0,0.0,0.0,0.05263157894736842,0,1,1,1,0
8570,1,1,0,0.0,0.0,0.0,0.0,0,1,0,1,0
8572,1,0,0,0.0,0.0,0.0,0.05263157894736842,1,0,0,0,0
8574,0,1,0,0.0,0.0,0.0,0.0,1,0,0,0,0
8575,1,0,0,0.0,0.0,0.0,0.02631578947368421,1,0,0,0,0
8576,1,0,1,0.0,0.0,0.0,0.0,1,1,0,1,0
8577,0,1,0,0.0,0.0,0.0,0.05263157894736842,1,0,0,0,0
8578,1,1,1,0.0,0.0,0.058823529411764705,0.13157894736842105,0,1,1,1,0
8579,1,0,0,0.0,0.0,0.0,0.02631578947368421,1,0,0,0,0
8580,1,0,0,0.0,0.0,0.0,0.07894736842105263,1,0,0,0,1
8583,1,0,0,0.0,0.23076923076923078,0.058823529411764705,0.21052631578947367,1,1,0,1,1
8586,1,0,0,0.0,0.0,0.0,0.05263157894736842,1,0,0,0,0
8589,1,1,0,0.0,0.0,0.0,0.0,0,0,0,0,0
8590,0,0,0,0.0,0.0,0.0,0.0,1,0,0,0,0
8593,1,0,0,0.0,0.0,0.0,0.0,0,1,0,1,0
8594,1,1,0,0.0,0.07692307692307693,0.0,0.13157894736842105,0,1,1,1,1
8595,1,1,0,0.0,0.0,0.0,0.2894736842105263,0,0,0,0,0
8596,1,0,0,0.0,0.0,0.0,0.05263157894736842,1,1,0,1,0
8597,1,0,0,0.0,0.0,0.0,0.05263157894736842,0,0,0,0,1
8598,1,0,1,0.0,0.15384615384615385,0.11764705882352941,0.10526315789473684,0,1,0,1,1
8600,1,0,0,0.0,0.0,0.0,0.0,1,0,0,0,0
8601,1,0,0,0.0,0.0,0.0,0.23684210526315788,0,1,0,1,1
8602,1,1,1,0.0,0.0,0.0,0.13157894736842105,0,1,0,1,1
8604,0,0,1,0.0,0.0,0.0,0.0,0,0,0,0,0
8605,1,0,0,0.0,0.0,0.0,0.15789473684210525,0,0,0,0,0
8606,1,0,1,0.0,0.0,0.0,0.0,0,1,0,1,1
8608,1,0,0,0.0,0.0,0.0,0.02631578947368421,1,1,1,0,0
8609,1,0,0,0.0,0.0,0.0,0.05263157894736842,0,0,0,0,0
8610,1,1,0,0.0,0.0,0.0,0.07894736842105263,1,0,0,0,0
8611,1,0,0,0.0,0.0,0.0,0.18421052631578946,0,1,0,1,0
8612,1,0,1,0.0,0.0,0.058823529411764705,0.15789473684210525,0,1,0,1,1
8613,1,1,0,0.0,0.0,0.0,0.05263157894736842,1,0,0,0,0
8616,1,1,0,0.0,0.0,0.0,0.10526315789473684,0,0,0,0,0
8617,1,0,0,0.0,0.0,0.0,0.07894736842105263,0,0,0,0,0
8618,0,0,0,0.0,0.0,0.0,0.05263157894736842,0,0,0,0,0
8619,1,1,0,0.0,0.0,0.0,0.0,0,0,0,0,0
8621,1,0,0,0.0,0.0,0.0,0.02631578947368421,0,0,0,0,0
8622,1,0,0,0.0,0.0,0.0,0.02631578947368421,0,1,1,1,1
8625,1,0,1,0.0,0.0,0.0,0.0,0,0,0,0,0
8626,1,1,0,0.0,0.0,0.058823529411764705,0.2894736842105263,0,1,0,1,1
8627,1,0,0,0.0,0.0,0.0,0.0,1,0,0,0,0
8629,1,0,0,0.0,0.0,0.0,0.02631578947368421,0,0,0,0,0
8630,1,0,0,0.0,0.0,0.0,0.3684210526315789,0,1,0,1,1
8633,1,1,1,0.0,0.0,0.0,0.05263157894736842,0,1,0,1,0
8634,1,0,0,0.0,0.0,0.0,0.0,0,0,0,0,0
8635,1,0,0,0.0,0.0,0.0,0.0,0,0,0,0,0
8636,1,0,0,0.0,0.0,0.0,0.15789473684210525,0,1,0,1,0
8638,1,0,0,0.0,0.0,0.0,0.23684210526315788,0,1,1,1,1
8639,0,0,1,0.0,0.07692307692307693,0.0,0.05263157894736842,0,1,0,0,0
8641,1,1,0,0.0,0.0,0.0,0.02631578947368421,1,0,0,0,0
8642,1,1,0,0.0,0.0,0.0,0.10526315789473684,0,0,0,0,0
8644,0,0,0,0.0,0.0,0.0,0.0,1,0,0,0,0
8646,0,1,1,0.0,0.0,0.0,0.0,1,0,0,0,0
8647,0,0,0,0.0,0.0,0.0,0.13157894736842105,0,1,0,0,0
8649,1,1,0,0.0,0.0,0.0,0.07894736842105263,0,1,0,1,0
8650,1,0,0,0.0,0.0,0.0,0.02631578947368421,0,0,0,0,0
8651,1,0,0,0.0,0.0,0.11764705882352941,0.15789473684210525,1,1,0,1,1
8652,1,0,0,0.0,0.0,0.0,0.02631578947368421,0,0,0,0,0
8653,1,0,0,0.0,0.0,0.0,0.0,0,0,0,0,0
8655,1,1,0,0.0,0.0,0.0,0.02631578947368421,0,1,1,1,0
8656,0,0,1,0.0,0.07692307692307693,0.0,0.02631578947368421,1,0,0,0,0
8657,1,1,0,0.0,0.0,0.0,0.0,0,1,0,1,0
8659,1,0,0,0.0,0.0,0.0,0.13157894736842105,1,0,0,0,0
8661,1,1,0,0.0,0.0,0.0,0.02631578947368421,1,0,0,0,0
8663,1,0,0,0.0,0.0,0.0,0.02631578947368421,0,1,0,1,0
8664,1,0,1,0.0,0.0,0.058823529411764705,0.05263157894736842,0,1,1,1,0
8665,1,0,0,0.0,0.0,0.0,0.18421052631578946,0,1,0,1,0
8667,1,0,0,0.0,0.0,0.0,0.42105263157894735,0,1,0,1,1
8668,0,1,0,0.0,0.0,0.0,0.0,1,0,0,0,0
8670,0,1,0,0.0,0.0,0.0,0.05263157894736842,1,0,0,0,0
8672,0,0,0,0.0,0.0,0.0,0.02631578947368421,0,0,0,0,0
8673,1,1,0,0.0,0.0,0.0,0.0,1,0,0,0,0
8674,1,0,0,0.0,0.0,0.0,0.0,1,0,0,0,0
8675,1,1,0,0.0,0.0,0.0,0.13157894736842105,0,0,0,0,0
8676,1,0,0,0.0,0.0,0.0,0.0,0,0,0,0,0
8679,1,0,0,0.0,0.0,0.0,0.05263157894736842,0,0,0,0,0
8681,1,0,0,0.0,0.0,0.0,0.3157894736842105,0,1,0,1,1
8682,1,0,0,0.0,0.0,0.0,0.02631578947368421,0,0,0,0,0
8683,1,1,0,0.0,0.0,0.0,0.05263157894736842,0,0,0,0,0
8684,1,0,0,0.0,0.0,0.0,0.0,0,0,0,0,0
8685,1,0,0,0.0,0.0,0.0,0.5,0,1,0,0,1
8686,0,1,1,0.0,0.0,0.0,0.02631578947368421,1,0,0,0,1
8688,0,1,0,0.0,0.0,0.0,0.0,0,0,0,0,1
8691,1,1,0,0.0,0.0,0.0,0.02631578947368421,1,0,0,0,0
8694,1,1,0,0.0,0.0,0.0,0.0,0,0,0,0,0
8695,1,1,0,0.0,0.0,0.0,0.0,0,0,0,0,0
8696,1,1,0,0.0,0.0,0.0,0.10526315789473684,0,0,0,0,0
8700,1,0,0,0.05,0.0,0.0,0.4473684210526315,0,1,0,1,1
8701,1,0,0,0.0,0.0,0.0,0.10526315789473684,0,1,1,1,0
8702,1,1,0,0.0,0.0,0.0,0.3157894736842105,1,1,0,1,0
8703,0,1,0,0.0,0.0,0.0,0.0,0,0,0,0,0
8705,0,0,1,0.0,0.0,0.0,0.10526315789473684,0,1,1,1,1
8706,1,1,0,0.0,0.0,0.0,0.05263157894736842,0,1,0,1,0
8707,1,0,0,0.0,0.0,0.0,0.0,1,1,0,0,1
8708,1,0,0,0.0,0.0,0.0,0.3157894736842105,0,0,0,0,1
8710,0,0,0,0.0,0.0,0.0,0.02631578947368421,1,0,0,0,0
8711,1,0,1,0.0,0.0,0.0,0.0,0,0,0,0,0
8712,0,1,0,0.0,0.0,0.0,0.02631578947368421,0,0,0,0,0
8715,0,0,1,0.0,0.0,0.058823529411764705,0.0,1,1,1,1,1
8716,1,0,0,0.0,0.0,0.0,0.0,1,0,0,0,0
8717,0,0,0,0.0,0.0,0.0,0.0,1,0,0,0,0
8719,1,1,0,0.0,0.0,0.0,0.10526315789473684,0,1,0,1,0
8723,1,0,0,0.0,0.0,0.0,0.23684210526315788,0,0,0,0,0
8724,1,0,0,0.05,0.0,0.0,0.18421052631578946,0,1,0,1,1
8726,0,0,0,0.0,0.0,0.0,0.02631578947368421,0,0,0,0,0
8727,1,1,0,0.0,0.0,0.0,0.10526315789473684,0,0,0,0,0
8728,0,1,1,0.0,0.0,0.0,0.0,1,0,0,0,0
8729,1,1,0,0.0,0.0,0.0,0.3157894736842105,0,0,0,0,0
8731,1,1,0,0.0,0.0,0.0,0.0,0,1,1,1,0
8732,1,0,0,0.0,0.0,0.0,0.05263157894736842,1,0,0,0,0
8733,1,0,0,0.0,0.0,0.0,0.02631578947368421,0,0,0,0,0
8735,1,0,0,0.0,0.0,0.0,0.0,1,0,0,0,0
8737,0,0,0,0.0,0.0,0.0,0.21052631578947367,0,1,0,0,0
8739,1,1,1,0.0,0.0,0.0,0.05263157894736842,1,0,0,0,0
8741,0,1,0,0.0,0.0,0.0,0.0,0,1,0,1,0
8742,0,1,0,0.0,0.0,0.0,0.0,1,1,0,1,0
8743,1,0,0,0.30000000000000004,0.0,0.0,0.21052631578947367,1,1,1,1,1
8744,1,0,1,0.0,0.0,0.0,0.05263157894736842,0,1,0,1,1
8745,0,1,0,0.0,0.0,0.0,0.02631578947368421,1,1,0,0,0
8746,1,1,0,0.0,0.0,0.0,0.07894736842105263,0,0,0,0,0
8747,1,1,0,0.0,0.0,0.0,0.13157894736842105,0,1,0,1,1
8748,1,1,0,0.0,0.0,0.0,0.02631578947368421,0,1,0,1,0
8749,1,0,0,0.0,0.0,0.0,0.0,0,1,0,1,0
8750,1,0,0,0.0,0.0,0.0,0.23684210526315788,0,0,0,0,0
8752,1,1,0,0.0,0.0,0.0,0.02631578947368421,0,0,0,0,0
8754,1,1,0,0.0,0.0,0.0,0.07894736842105263,0,0,0,0,0
8755,1,0,0,0.0,0.0,0.0,0.0,1,1,0,1,0
8756,1,0,1,0.0,0.15384615384615385,0.3529411764705882,0.21052631578947367,0,1,1,1,1
8757,1,1,1,0.0,0.0,0.0,0.02631578947368421,0,0,0,0,0
8758,1,1,0,0.0,0.0,0.0,0.3421052631578947,1,1,1,1,0
8759,0,0,0,0.0,0.0,0.0,0.10526315789473684,0,0,0,0,0
8760,0,0,0,0.0,0.0,0.0,0.15789473684210525,0,1,0,1,1
8761,1,1,0,0.0,0.0,0.0,0.10526315789473684,1,1,1,1,0
8762,1,1,0,0.0,0.0,0.0,0.02631578947368421,0,0,0,0,0
8764,1,0,0,0.0,0.0,0.0,0.05263157894736842,0,0,0,0,0
8765,1,0,0,0.0,0.0,0.0,0.21052631578947367,1,1,0,1,0
8768,1,0,1,0.0,0.0,0.0,0.02631578947368421,0,0,0,0,0
8770,1,0,0,0.0,0.0,0.0,0.0,1,0,0,0,0
8771,1,0,0,0.0,0.0,0.0,0.02631578947368421,1,0,0,0,0
8773,1,0,0,0.1,0.0,0.0,0.6052631578947368,1,1,1,1,0
8774,1,1,0,0.0,0.0,0.0,0.07894736842105263,1,0,0,0,0
8775,1,0,0,0.0,0.0,0.0,0.18421052631578946,0,0,0,0,1
8776,1,1,0,0.0,0.0,0.0,0.18421052631578946,0,1,0,1,1
8777,1,1,1,0.0,0.0,0.0,0.02631578947368421,0,0,0,0,0
8778,0,1,0,0.0,0.0,0.0,0.0,1,0,0,0,0
8781,1,1,0,0.0,0.0,0.0,0.13157894736842105,1,1,0,1,0
8783,1,0,0,0.0,0.0,0.0,0.2894736842105263,0,1,0,1,1
8785,0,0,0,0.0,0.0,0.0,0.0,1,0,0,0,0
8786,1,0,0,0.0,0.07692307692307693,0.0,0.02631578947368421,1,0,0,0,0
8787,0,1,0,0.0,0.0,0.0,0.07894736842105263,0,1,1,1,0
8789,1,1,1,0.0,0.0,0.0,0.05263157894736842,1,0,0,0,0
8790,1,0,0,0.0,0.0,0.0,0.0,0,0,0,0,0
8791,0,1,0,0.0,0.0,0.0,0.0,1,0,0,0,0
8792,0,1,0,0.0,0.0,0.0,0.0,0,1,0,1,0
8794,0,1,0,0.0,0.0,0.058823529411764705,0.02631578947368421,0,0,0,0,0
8797,1,0,0,0.0,0.0,0.0,0.0,0,0,0,0,0
8798,1,0,0,0.0,0.0,0.0,0.02631578947368421,0,0,0,0,0
8799,1,0,1,0.0,0.0,0.058823529411764705,0.05263157894736842,0,1,0,1,0
8800,0,1,0,0.0,0.0,0.0,0.23684210526315788,1,1,0,1,0
8802,0,0,0,0.0,0.0,0.0,0.13157894736842105,1,0,0,0,1
8803,1,0,0,0.0,0.0,0.0,0.07894736842105263,0,0,0,0,1
8805,0,0,0,0.0,0.0,0.0,0.07894736842105263,0,0,0,0,0
8807,1,0,1,0.0,0.0,0.1764705882352941,0.02631578947368421,0,0,0,0,1
8809,0,0,1,0.0,0.0,0.0,0.02631578947368421,0,1,0,0,0
8812,1,0,0,0.0,0.0,0.0,0.07894736842105263,0,0,0,0,0
8813,1,0,0,0.0,0.0,0.0,0.0,0,1,1,1,0
8814,0,0,0,0.0,0.0,0.0,0.0,1,1,1,0,0
8816,1,1,0,0.0,0.0,0.0,0.0,0,0,0,0,0
8818,1,0,0,0.0,0.0,0.0,0.05263157894736842,1,1,1,0,0
8819,0,0,0,0.0,0.0,0.0,0.0,0,0,0,0,0
8820,1,0,1,0.0,0.0,0.11764705882352941,0.05263157894736842,1,1,1,1,1
8821,1,0,1,0.25,0.07692307692307693,0.0,0.2631578947368421,0,1,1,1,1
8823,1,0,0,0.0,0.07692307692307693,0.0,0.6842105263157894,0,1,0,1,1
8826,1,0,0,0.0,0.0,0.0,0.3421052631578947,0,0,0,0,0
8827,1,0,0,0.0,0.0,0.0,0.13157894736842105,0,0,0,0,0
8828,1,1,0,0.0,0.0,0.0,0.02631578947368421,0,0,0,0,0
8830,1,0,1,0.0,0.0,0.0,0.02631578947368421,0,1,0,1,1
8831,1,0,0,0.0,0.0,0.0,0.0,1,0,0,0,0
8832,1,0,1,0.0,0.0,0.11764705882352941,0.05263157894736842,0,1,0,1,0
8834,1,0,0,0.0,0.15384615384615385,0.1764705882352941,0.2894736842105263,0,1,0,1,1
8835,1,0,0,0.0,0.0,0.0,0.07894736842105263,1,0,0,0,0
8838,0,1,0,0.0,0.0,0.0,0.0,1,0,0,0,0
8841,1,0,0,0.0,0.0,0.0,0.0,0,1,0,1,0
8842,1,1,0,0.0,0.0,0.0,0.02631578947368421,0,0,0,0,0
8843,1,0,0,0.0,0.0,0.11764705882352941,0.23684210526315788,1,1,1,1,1
8844,1,0,0,0.0,0.07692307692307693,0.0,0.5,0,1,1,1,1
8845,1,0,1,0.0,0.0,0.0,0.0,1,0,0,0,0
8846,1,0,0,0.0,0.0,0.0,0.02631578947368421,1,1,0,1,0
8847,0,0,0,0.0,0.0,0.0,0.07894736842105263,0,1,0,1,0
8849,1,0,1,0.0,0.0,0.0,0.02631578947368421,0,0,0,0,0
8852,0,0,1,0.0,0.0,0.0,0.07894736842105263,1,1,0,1,0
8854,1,0,0,0.0,0.0,0.0,0.10526315789473684,0,0,0,0,0
8855,1,1,0,0.0,0.0,0.0,0.3157894736842105,0,1,0,1,0
8856,1,0,0,0.0,0.0,0.0,0.02631578947368421,1,0,0,0,0
8857,1,1,0,0.0,0.0,0.0,0.0,1,0,0,0,0
8858,1,0,1,0.0,0.07692307692307693,0.1764705882352941,0.05263157894736842,0,0,0,0,0
8859,0,0,0,0.0,0.0,0.0,0.0,0,1,1,1,0
8861,1,0,0,0.0,0.0,0.0,0.0,1,0,0,0,1
8863,1,0,0,0.0,0.0,0.0,0.13157894736842105,0,1,0,1,0
8864,0,0,0,0.0,0.0,0.0,0.0,0,0,0,0,0
8865,0,1,0,0.0,0.0,0.0,0.0,0,0,0,0,0
8866,0,0,0,0.0,0.0,0.0,0.02631578947368421,1,0,0,0,0
8867,1,1,1,0.0,0.0,0.11764705882352941,0.15789473684210525,0,0,0,0,1
8869,1,0,0,0.0,0.0,0.0,0.0,1,0,0,0,0
8870,1,0,0,0.0,0.0,0.0,0.07894736842105263,0,0,0,0,0
8871,1,0,1,0.0,0.0,0.0,0.0,0,1,0,1,0
8873,1,0,0,0.0,0.0,0.0,0.42105263157894735,0,1,0,1,1
8876,1,0,0,0.0,0.0,0.0,0.18421052631578946,0,1,0,0,0
8877,0,1,0,0.0,0.0,0.0,0.07894736842105263,0,0,0,0,0
8879,1,0,1,0.0,0.0,0.0,0.0,0,0,0,0,0
8881,1,0,0,0.0,0.0,0.0,0.0,0,1,1,1,1
8882,1,0,1,0.0,0.0,0.0,0.05263157894736842,1,1,1,1,1
8884,1,1,0,0.0,0.0,0.0,0.0,1,0,0,0,0
8885,1,0,1,0.0,0.07692307692307693,0.0,0.02631578947368421,0,1,0,1,1
8887,0,0,0,0.0,0.0,0.0,0.13157894736842105,0,1,0,1,0
8889,1,1,0,0.0,0.0,0.0,0.02631578947368421,0,0,0,0,0
8890,1,0,0,0.0,0.0,0.0,0.0,0,0,0,0,0
8891,1,1,0,0.0,0.0,0.0,0.4473684210526315,0,1,1,1,0
8893,1,0,0,0.0,0.0,0.0,0.0,1,0,0,0,0
8894,1,0,0,0.0,0.0,0.0,0.13157894736842105,1,0,0,0,1
8897,1,0,0,0.0,0.0,0.0,0.0,0,0,0,0,0
8899,0,0,0,0.0,0.0,0.0,0.13157894736842105,0,1,0,1,1
8902,1,0,1,0.0,0.0,0.0,0.0,1,1,0,0,0
8905,1,1,0,0.0,0.0,0.0,0.0,1,0,0,0,0
8906,1,1,1,0.0,0.07692307692307693,0.058823529411764705,0.02631578947368421,0,1,0,1,1
8908,1,0,0,0.0,0.0,0.0,0.13157894736842105,1,0,0,0,0
8909,1,1,0,0.0,0.0,0.0,0.0,1,0,0,0,0
8910,1,0,0,0.0,0.0,0.0,0.0,0,1,0,1,0
8914,1,0,1,0.0,0.0,0.0,0.05263157894736842,0,1,1,1,0
8916,0,0,0,0.0,0.0,0.0,0.02631578947368421,1,0,0,0,0
8918,0,1,0,0.0,0.0,0.0,0.02631578947368421,0,1,0,1,0
8920,0,0,0,0.0,0.0,0.0,0.18421052631578946,0,1,0,1,0
8921,1,1,0,0.0,0.0,0.0,0.02631578947368421,1,1,0,1,0
8922,1,1,0,0.0,0.0,0.0,0.0,0,0,0,0,0
8923,1,0,0,0.0,0.0,0.0,0.05263157894736842,0,0,0,0,0
8924,1,0,0,0.0,0.0,0.0,0.02631578947368421,0,1,1,1,0
8925,1,0,0,0.0,0.0,0.0,0.0,0,0,0,0,0
8926,1,0,1,0.0,0.0,0.0,0.05263157894736842,1,1,0,1,0
8929,1,0,0,0.0,0.0,0.0,0.02631578947368421,0,1,0,1,0
8930,1,0,0,0.0,0.07692307692307693,0.0,0.3421052631578947,1,1,0,1,1
8933,1,1,0,0.0,0.0,0.0,0.10526315789473684,0,1,0,1,1
8935,1,0,1,0.1,0.07692307692307693,0.0,0.2631578947368421,1,0,0,0,1
8936,1,0,0,0.0,0.0,0.0,0.0,1,0,0,0,0
8938,0,0,0,0.0,0.0,0.0,0.0,1,0,0,0,0
8939,0,0,0,0.0,0.0,0.0,0.02631578947368421,1,0,0,0,0
8940,1,0,0,0.0,0.0,0.0,0.0,0,0,0,0,0
8941,1,1,1,0.0,0.0,0.11764705882352941,0.02631578947368421,0,1,0,1,0
8942,1,1,1,0.0,0.07692307692307693,0.058823529411764705,0.07894736842105263,1,1,0,1,0
8943,0,0,0,0.0,0.0,0.0,0.10526315789473684,0,0,0,0,0
8944,1,0,0,0.0,0.0,0.0,0.0,0,0,0,0,0
8945,1,0,1,0.0,0.0,0.0,0.0,0,0,0,0,1
8946,1,0,0,0.0,0.0,0.0,0.02631578947368421,1,0,0,0,1
8948,1,0,0,0.0,0.0,0.0,0.0,1,0,0,0,0
8949,0,0,0,0.0,0.0,0.0,0.07894736842105263,1,0,0,0,0
8950,0,0,0,0.0,0.0,0.0,0.0,1,0,0,0,0
8954,1,1,0,0.0,0.0,0.0,0.0,1,0,0,0,0
8955,1,0,0,0.0,0.0,0.0,0.05263157894736842,1,0,0,0,1
8957,1,0,1,0.0,0.0,0.0,0.02631578947368421,1,1,0,1,1
8959,1,0,0,0.0,0.07692307692307693,0.0,0.18421052631578946,0,1,1,1,1
8960,1,0,0,0.0,0.0,0.0,0.05263157894736842,0,1,0,1,0
8961,1,0,1,0.0,0.07692307692307693,0.0,0.02631578947368421,0,1,1,1,1
8962,1,1,0,0.0,0.0,0.0,0.0,1,0,0,0,0
8964,1,0,0,0.0,0.0,0.0,0.4473684210526315,1,1,0,1,0
8967,1,0,0,0.0,0.0,0.0,0.02631578947368421,1,0,0,0,0
8969,1,0,1,0.0,0.0,0.0,0.02631578947368421,0,1,0,1,0
8970,1,1,0,0.0,0.0,0.0,0.0,1,1,0,1,0
8971,1,0,0,0.0,0.0,0.0,0.05263157894736842,0,0,0,0,0
8972,0,0,0,0.0,0.0,0.0,0.02631578947368421,1,1,0,1,0
8973,0,1,0,0.0,0.0,0.0,0.02631578947368421,1,0,0,0,0
8974,1,0,1,0.0,0.0,0.0,0.05263157894736842,0,1,1,0,1
8976,0,1,0,0.0,0.0,0.0,0.0,0,0,0,0,0
8980,1,0,1,0.0,0.0,0.0,0.0,0,1,0,1,0
8981,1,1,1,0.0,0.0,0.0,0.05263157894736842,1,1,0,1,0
8983,0,1,0,0.0,0.0,0.0,0.0,1,0,0,0,0
8984,1,0,0,0.0,0.0,0.0,0.0,1,0,0,0,0
8988,1,0,1,0.0,0.0,0.11764705882352941,0.02631578947368421,0,0,0,0,0
8989,1,0,1,0.0,0.0,0.0,0.02631578947368421,1,1,0,1,1
8991,1,0,0,0.0,0.3076923076923077,0.058823529411764705,0.39473684210526316,0,1,1,1,1
8992,1,1,0,0.0,0.0,0.0,0.23684210526315788,0,1,0,1,1
8995,1,1,0,0.0,0.0,0.0,0.18421052631578946,0,0,0,0,1
8996,1,0,1,0.0,0.0,0.0,0.02631578947368421,0,0,0,0,0
8997,1,0,0,0.0,0.0,0.0,0.02631578947368421,0,0,0,0,0
8998,0,1,0,0.0,0.0,0.0,0.0,0,1,0,1,0
8999,1,0,1,0.0,0.0,0.1764705882352941,0.0,0,1,1,1,1
9003,1,0,0,0.05,0.0,0.0,0.15789473684210525,0,0,0,0,0
9004,1,0,1,0.0,0.0,0.0,0.0,0,0,0,0,0
9005,0,1,0,0.0,0.0,0.0,0.02631578947368421,1,0,0,0,0
9008,1,0,0,0.0,0.0,0.0,0.0,0,0,0,0,0
9010,1,0,0,0.0,0.0,0.0,0.02631578947368421,0,1,0,0,0
9012,1,1,0,0.0,0.0,0.0,0.02631578947368421,1,0,0,0,0
9013,1,1,0,0.0,0.0,0.0,0.02631578947368421,0,0,0,0,0
9017,1,0,1,0.0,0.15384615384615385,0.058823529411764705,0.05263157894736842,0,1,0,1,1
9018,1,0,0,0.05,0.0,0.0,0.13157894736842105,1,0,0,0,1
9020,1,1,0,0.0,0.07692307692307693,0.0,0.10526315789473684,1,1,0,1,0
9022,1,0,0,0.0,0.0,0.0,0.13157894736842105,0,1,0,1,0
9023,1,1,0,0.0,0.0,0.0,0.02631578947368421,1,0,0,0,0
9027,0,0,0,0.0,0.0,0.0,0.0,1,1,0,1,1
9028,1,0,0,0.0,0.0,0.0,0.05263157894736842,1,0,0,0,0
9030,1,0,1,0.0,0.0,0.11764705882352941,0.0,0,0,0,0,0
9031,1,0,0,0.0,0.0,0.0,0.5526315789473684,0,1,0,1,1
9032,1,0,0,0.0,0.0,0.0,0.0,1,0,0,0,0
9033,1,0,1,0.0,0.0,0.0,0.02631578947368421,0,0,0,0,0
9034,1,0,0,0.0,0.0,0.0,0.07894736842105263,1,1,0,1,0
9038,0,0,0,0.0,0.0,0.0,0.02631578947368421,0,0,0,0,0
9039,1,0,1,0.0,0.0,0.0,0.0,0,0,0,0,0
9040,1,0,0,0.0,0.0,0.0,0.07894736842105263,0,0,0,0,0
9041,1,1,0,0.0,0.0,0.0,0.0,1,0,0,0,0
9042,1,1,0,0.0,0.0,0.0,0.0,0,0,0,0,0
9043,1,1,0,0.0,0.0,0.0,0.13157894736842105,0,1,1,1,0
9044,1,0,1,0.0,0.0,0.0,0.02631578947368421,0,1,0,1,1
9045,1,1,0,0.0,0.0,0.0,0.0,0,0,0,0,0
9046,1,1,0,0.0,0.0,0.0,0.02631578947368421,1,0,0,0,0
9047,0,0,0,0.0,0.0,0.0,0.0,1,0,0,0,0
9049,1,0,0,0.0,0.0,0.0,0.0,1,0,0,0,0
9054,1,0,0,0.0,0.0,0.058823529411764705,0.15789473684210525,1,1,1,1,1
9055,0,0,1,0.0,0.0,0.058823529411764705,0.0,1,1,0,1,0
9056,1,0,0,0.0,0.0,0.0,0.23684210526315788,0,1,0,1,0
9058,1,1,1,0.0,0.0,0.0,0.21052631578947367,0,1,0,1,0
9060,1,1,0,0.0,0.0,0.0,0.05263157894736842,1,1,0,0,0
9061,1,0,1,0.0,0.23076923076923078,0.0,0.07894736842105263,0,1,0,1,1
9062,0,1,0,0.0,0.0,0.0,0.0,1,0,0,0,0
9064,1,0,0,0.0,0.0,0.0,0.18421052631578946,0,1,0,1,1
9067,1,1,0,0.0,0.0,0.0,0.2631578947368421,1,1,1,1,0
9070,1,1,0,0.0,0.0,0.0,0.13157894736842105,0,1,0,0,1
9072,1,0,0,0.0,0.0,0.0,0.10526315789473684,1,1,1,1,1
9074,1,0,0,0.0,0.0,0.0,0.02631578947368421,0,0,0,0,1
9075,0,0,0,0.0,0.0,0.0,0.0,0,0,0,0,0
9076,0,0,0,0.0,0.0,0.0,0.02631578947368421,1,1,0,1,0
9077,1,1,1,0.0,0.0,0.058823529411764705,0.2631578947368421,0,1,0,0,1
9079,1,0,1,0.0,0.0,0.0,0.0,0,1,0,1,0
9080,1,1,0,0.0,0.0,0.0,0.05263157894736842,0,1,0,1,0
9081,1,0,1,0.0,0.0,0.0,0.0,0,0,0,0,0
9083,1,0,0,0.0,0.0,0.0,0.5789473684210527,0,1,0,1,1
9085,1,1,0,0.0,0.0,0.0,0.05263157894736842,0,0,0,0,0
9086,1,0,0,0.0,0.0,0.0,0.3157894736842105,0,1,0,1,1
9087,1,1,0,0.0,0.0,0.0,0.05263157894736842,1,1,1,1,0
9088,1,1,0,0.0,0.0,0.0,0.05263157894736842,0,0,0,0,0
9089,1,1,0,0.0,0.0,0.0,0.05263157894736842,1,0,0,0,0
9091,1,0,0,0.0,0.0,0.0,0.0,0,1,0,1,0
9092,1,1,0,0.0,0.0,0.0,0.02631578947368421,0,1,0,1,0
9093,1,0,1,0.0,0.0,0.0,0.02631578947368421,0,0,0,0,1
9094,1,0,1,0.0,0.0,0.058823529411764705,0.07894736842105263,0,1,0,1,1
9096,1,0,0,0.0,0.0,0.0,0.13157894736842105,0,0,0,0,0
9097,1,0,1,0.0,0.0,0.0,0.15789473684210525,0,1,0,1,0
9099,0,0,0,0.0,0.0,0.0,0.07894736842105263,1,0,0,0,0
9102,1,0,1,0.0,0.0,0.0,0.02631578947368421,1,1,1,1,0
9104,1,0,0,0.0,0.0,0.0,0.15789473684210525,0,0,0,0,0
9106,0,1,0,0.0,0.0,0.0,0.05263157894736842,0,1,0,1,0
9109,1,1,0,0.0,0.0,0.0,0.21052631578947367,0,0,0,0,0
9110,1,0,0,0.0,0.0,0.0,0.07894736842105263,0,1,0,1,1
9111,1,0,1,0.05,0.0,0.0,0.02631578947368421,0,1,0,1,0
9112,1,1,0,0.0,0.0,0.0,0.2894736842105263,0,1,0,1,1
9115,1,1,0,0.0,0.0,0.0,0.18421052631578946,0,1,0,1,1
9116,1,0,0,0.0,0.0,0.0,0.05263157894736842,1,0,0,0,0
9119,1,0,0,0.0,0.07692307692307693,0.058823529411764705,0.2894736842105263,0,1,0,1,1
9120,1,0,1,0.05,0.0,0.0,0.02631578947368421,0,0,0,0,0
9123,1,1,0,0.0,0.0,0.0,0.02631578947368421,0,0,0,0,0
9125,1,1,0,0.0,0.0,0.0,0.02631578947368421,1,1,1,1,0
9126,1,0,0,0.0,0.0,0.0,0.05263157894736842,1,0,0,0,0
9127,1,0,0,0.0,0.0,0.0,0.0,1,1,0,0,0
9128,1,1,0,0.05,0.0,0.0,0.23684210526315788,0,1,0,1,1
9129,1,0,0,0.0,0.0,0.0,0.05263157894736842,0,0,0,0,0
9130,1,0,0,0.05,0.0,0.0,0.3421052631578947,0,1,0,1,1
9131,1,0,1,0.0,0.0,0.0,0.0,1,0,0,0,0
9132,0,1,0,0.0,0.0,0.0,0.18421052631578946,0,0,0,0,0
9133,0,1,0,0.0,0.0,0.0,0.0,0,0,0,0,0
9136,1,0,0,0.0,0.0,0.0,0.13157894736842105,0,0,0,0,0
9143,1,1,1,0.0,0.0,0.11764705882352941,0.0,0,0,0,0,0
9144,1,0,0,0.0,0.0,0.0,0.0,0,1,1,1,0
9145,1,0,1,0.0,0.07692307692307693,0.11764705882352941,0.02631578947368421,1,1,0,1,0
9146,0,0,1,0.0,0.0,0.0,0.0,1,0,0,0,0
9147,1,0,0,0.0,0.0,0.0,0.0,0,1,1,1,1
9148,1,1,0,0.0,0.0,0.0,0.0,0,0,0,0,0
9150,1,1,1,0.0,0.15384615384615385,0.4117647058823529,0.05263157894736842,0,1,1,1,1
9155,1,1,1,0.05,0.0,0.0,0.02631578947368421,0,1,0,1,1
9156,1,1,1,0.0,0.0,0.0,0.13157894736842105,0,1,0,1,0
9157,1,0,0,0.0,0.0,0.0,0.5789473684210527,0,1,1,1,1
9158,0,0,0,0.0,0.0,0.0,0.0,0,1,0,1,0
9159,1,1,0,0.0,0.0,0.0,0.05263157894736842,0,1,1,1,0
9160,1,0,0,0.0,0.0,0.0,0.13157894736842105,1,0,0,0,1
9161,0,1,0,0.0,0.0,0.0,0.02631578947368421,0,0,0,0,1
9163,1,0,0,0.05,0.07692307692307693,0.058823529411764705,0.3157894736842105,1,1,0,1,1
9165,1,0,0,0.0,0.0,0.0,0.0,0,0,0,0,1
9166,1,0,1,0.0,0.0,0.0,0.0,0,0,0,0,0
9167,1,0,0,0.0,0.0,0.0,0.0,0,0,0,0,0
9169,1,0,0,0.0,0.0,0.0,0.05263157894736842,0,1,0,1,0
9170,1,1,0,0.0,0.0,0.0,0.02631578947368421,0,0,0,0,0
9171,1,0,0,0.0,0.0,0.0,0.0,1,1,0,1,0
9172,1,0,1,0.0,0.0,0.0,0.0,0,1,0,0,1
9173,1,1,1,0.0,0.0,0.0,0.02631578947368421,0,0,0,0,1
9174,0,1,1,0.0,0.0,0.0,0.0,0,1,0,1,1
9175,1,0,0,0.0,0.0,0.0,0.02631578947368421,1,1,0,1,0
9176,1,1,0,0.0,0.0,0.0,0.02631578947368421,0,1,0,1,0
9178,0,0,0,0.0,0.0,0.0,0.07894736842105263,1,1,0,1,0
9180,1,0,1,0.0,0.0,0.0,0.07894736842105263,0,0,0,0,1
9181,0,0,0,0.0,0.0,0.0,0.0,1,1,0,1,0
9182,0,0,0,0.0,0.0,0.0,0.2894736842105263,0,1,0,1,1
9183,0,1,0,0.0,0.0,0.0,0.0,1,0,0,0,0
9185,1,0,0,0.0,0.0,0.0,0.3421052631578947,0,1,0,1,0
9186,1,0,0,0.0,0.07692307692307693,0.0,0.23684210526315788,1,0,0,0,1
9187,1,0,1,0.05,0.0,0.0,0.10526315789473684,0,1,0,1,1
9188,1,0,0,0.0,0.0,0.0,0.02631578947368421,0,0,0,0,0
9189,1,1,0,0.0,0.0,0.0,0.15789473684210525,0,0,0,0,0
9191,1,0,0,0.0,0.0,0.0,0.05263157894736842,0,1,0,1,1
9192,0,0,0,0.0,0.0,0.0,0.02631578947368421,1,0,0,0,0
9196,1,1,0,0.0,0.0,0.0,0.0,0,1,0,1,0
9197,1,0,0,0.0,0.0,0.0,0.02631578947368421,0,1,0,1,0
9200,1,0,0,0.0,0.0,0.0,0.02631578947368421,0,0,0,0,0
9201,1,0,1,0.0,0.0,0.058823529411764705,0.02631578947368421,0,1,0,1,0
9202,0,1,0,0.0,0.0,0.0,0.4473684210526315,0,0,0,0,1
9203,1,0,0,0.0,0.0,0.0,0.02631578947368421,0,0,0,0,1
9205,1,0,0,0.0,0.0,0.0,0.0,1,1,0,0,0
9206,1,0,0,0.0,0.0,0.0,0.07894736842105263,0,1,0,1,1
9207,1,0,0,0.0,0.0,0.0,0.02631578947368421,1,0,0,0,0
9208,1,0,0,0.0,0.07692307692307693,0.0,0.5263157894736842,0,1,0,1,1
9209,1,0,0,0.0,0.0,0.0,0.05263157894736842,0,1,0,1,0
9210,1,0,1,0.05,0.0,0.0,0.10526315789473684,0,1,0,1,0
9212,1,1,0,0.0,0.0,0.0,0.15789473684210525,0,0,0,0,0
9214,1,0,1,0.0,0.0,0.0,0.0,0,0,0,0,0
9215,1,1,1,0.0,0.0,0.0,0.0,1,0,0,0,0
9216,1,1,0,0.0,0.0,0.0,0.0,1,0,0,0,0
9219,1,0,0,0.0,0.0,0.0,0.18421052631578946,1,0,0,0,1
9220,1,1,0,0.0,0.0,0.0,0.0,1,0,0,0,0
9221,1,1,1,0.0,0.0,0.0,0.07894736842105263,0,1,0,1,1
9224,1,1,0,0.0,0.0,0.0,0.0,0,0,0,0,0
9225,1,0,0,0.0,0.0,0.058823529411764705,0.23684210526315788,1,1,0,1,1
9226,1,1,0,0.0,0.0,0.0,0.05263157894736842,0,1,0,1,0
9227,1,1,0,0.0,0.0,0.0,0.02631578947368421,0,0,0,0,0
9229,1,0,1,0.0,0.0,0.0,0.0,1,0,0,0,1
9230,0,1,1,0.0,0.0,0.0,0.0,1,0,0,0,0
9231,1,1,0,0.0,0.0,0.11764705882352941,0.07894736842105263,0,0,0,0,0
9232,1,1,0,0.0,0.0,0.0,0.07894736842105263,0,1,0,1,0
9233,0,0,0,0.0,0.0,0.0,0.0,0,0,0,0,0
9234,0,0,0,0.0,0.0,0.0,0.0,0,0,0,0,0
9235,1,1,0,0.0,0.0,0.0,0.02631578947368421,0,1,1,0,0
9238,0,0,0,0.0,0.0,0.0,0.0,0,0,0,0,0
9239,1,0,1,0.0,0.0,0.0,0.02631578947368421,0,1,0,1,0
9240,1,0,0,0.05,0.0,0.0,0.02631578947368421,0,1,0,1,0
9241,1,1,0,0.0,0.0,0.0,0.05263157894736842,0,0,0,0,0
9242,1,1,0,0.0,0.0,0.0,0.0,0,0,0,0,0
9243,1,1,0,0.0,0.0,0.0,0.07894736842105263,0,0,0,0,0
9244,1,0,1,0.0,0.0,0.058823529411764705,0.02631578947368421,0,1,0,1,0
9245,1,0,0,0.0,0.0,0.0,0.05263157894736842,1,0,0,0,0
9246,0,1,0,0.0,0.0,0.0,0.0,1,0,0,0,0
9247,1,0,0,0.0,0.0,0.0,0.02631578947368421,0,1,0,1,0
9248,1,0,0,0.0,0.0,0.0,0.6578947368421052,0,0,0,0,1
9249,1,0,0,0.0,0.0,0.0,0.0,1,0,0,0,0
9253,1,1,0,0.0,0.0,0.0,0.10526315789473684,0,0,0,0,1
9254,1,0,0,0.0,0.0,0.0,0.07894736842105263,0,0,0,0,0
9255,1,1,0,0.0,0.0,0.0,0.0,0,1,1,1,0
9256,1,1,0,0.0,0.07692307692307693,0.0,0.39473684210526316,0,1,0,1,1
9257,1,0,0,0.0,0.0,0.0,0.0,0,0,0,0,0
9258,1,1,0,0.0,0.0,0.0,0.0,1,0,0,0,0
9259,1,1,0,0.0,0.0,0.0,0.0,0,1,0,1,1
9260,0,1,0,0.0,0.0,0.0,0.10526315789473684,0,0,0,0,0
9261,1,0,0,0.0,0.0,0.0,0.07894736842105263,0,1,1,1,1
9262,1,0,0,0.0,0.0,0.0,0.02631578947368421,0,0,0,0,1
9264,1,0,0,0.0,0.0,0.0,0.0,0,0,0,0,0
9266,0,0,0,0.0,0.0,0.0,0.0,0,0,0,0,0
9267,0,1,0,0.0,0.0,0.0,0.0,1,0,0,0,0
9268,1,1,0,0.0,0.0,0.0,0.02631578947368421,0,1,0,1,0
9269,0,0,0,0.0,0.0,0.058823529411764705,0.0,1,0,0,0,0
9270,1,0,0,0.0,0.0,0.0,0.07894736842105263,1,0,0,0,0
9271,1,1,0,0.0,0.0,0.0,0.02631578947368421,1,0,0,0,0
9272,0,1,0,0.0,0.0,0.0,0.02631578947368421,0,0,0,0,0
9273,1,1,1,0.0,0.0,0.058823529411764705,0.10526315789473684,0,1,0,1,0
9275,1,0,0,0.0,0.0,0.0,0.0,0,0,0,0,0
9276,1,1,0,0.0,0.0,0.0,0.0,1,0,0,0,0
9277,0,0,0,0.0,0.0,0.0,0.0,1,0,0,0,0
9279,0,1,0,0.0,0.0,0.0,0.0,1,0,0,0,1
9280,0,1,0,0.0,0.0,0.0,0.10526315789473684,1,0,0,0,0
9282,0,0,1,0.0,0.0,0.0,0.0,0,0,0,0,1
9283,1,1,0,0.0,0.0,0.0,0.13157894736842105,0,1,0,1,0
9284,1,1,0,0.0,0.0,0.0,0.0,0,0,0,0,0
9285,1,0,0,0.0,0.0,0.0,0.07894736842105263,0,0,0,0,0
9287,1,0,1,0.0,0.0,0.0,0.21052631578947367,0,1,0,1,1
9288,0,1,1,0.0,0.0,0.0,0.02631578947368421,0,0,0,0,0
9292,1,0,0,0.0,0.0,0.0,0.10526315789473684,0,0,0,0,1
9293,1,0,0,0.0,0.0,0.0,0.2631578947368421,0,1,0,1,0
9295,1,0,0,0.0,0.0,0.0,0.05263157894736842,0,0,0,0,0
9296,0,0,0,0.0,0.0,0.0,0.10526315789473684,0,1,0,1,1
9297,1,0,0,0.0,0.0,0.0,0.05263157894736842,1,0,0,0,1
9298,1,0,0,0.0,0.0,0.0,0.07894736842105263,1,0,0,0,0
9299,1,0,0,0.0,0.0,0.0,0.02631578947368421,0,1,1,1,0
9300,1,1,1,0.0,0.0,0.0,0.05263157894736842,0,1,0,1,0
9303,1,0,0,0.0,0.0,0.0,0.0,1,0,0,0,1
9306,1,0,1,0.0,0.0,0.058823529411764705,0.0,1,1,0,1,0
9307,1,0,0,0.0,0.0,0.0,0.5789473684210527,0,1,0,1,1
9308,0,1,0,0.0,0.0,0.0,0.07894736842105263,0,1,0,1,0
9309,1,0,0,0.0,0.0,0.0,0.0,0,0,0,0,0
9310,1,1,0,0.0,0.0,0.0,0.13157894736842105,0,0,0,0,0
9311,0,0,0,0.0,0.0,0.0,0.02631578947368421,0,0,0,0,0
9318,1,0,0,0.0,0.0,0.0,0.2631578947368421,0,1,0,1,0
9319,1,0,0,0.0,0.0,0.0,0.3157894736842105,1,1,1,1,0
9320,1,0,0,0.0,0.0,0.0,0.02631578947368421,1,0,0,0,0
9322,1,0,1,0.05,0.0,0.0,0.02631578947368421,0,1,0,1,1
9323,1,1,1,0.0,0.07692307692307693,0.0,0.10526315789473684,1,1,1,1,1
9324,0,1,0,0.0,0.0,0.0,0.05263157894736842,0,1,0,1,0
9325,1,0,0,0.0,0.0,0.0,0.07894736842105263,0,1,0,1,1
9326,1,1,0,0.0,0.0,0.0,0.07894736842105263,1,1,0,1,0
9327,1,0,1,0.0,0.0,0.0,0.02631578947368421,0,1,0,1,1
9328,0,0,0,0.0,0.0,0.0,0.0,0,0,0,0,0
9332,1,0,1,0.0,0.0,0.0,0.0,0,0,0,0,1
9334,1,0,0,0.0,0.0,0.0,0.07894736842105263,1,1,0,1,0
9335,1,0,0,0.0,0.0,0.0,0.21052631578947367,0,1,0,1,0
9336,1,0,0,0.0,0.0,0.0,0.13157894736842105,0,0,0,0,0
9337,1,1,0,0.0,0.0,0.0,0.02631578947368421,0,0,0,0,0
9338,0,0,0,0.0,0.0,0.0,0.0,1,1,1,1,0
9339,1,1,0,0.0,0.0,0.0,0.02631578947368421,0,1,0,1,0
9341,1,0,1,0.0,0.0,0.0,0.02631578947368421,0,1,0,1,1
9343,1,0,0,0.0,0.0,0.0,0.21052631578947367,1,0,0,0,1
9344,1,0,0,0.0,0.0,0.0,0.13157894736842105,0,1,0,1,0
9346,0,0,0,0.0,0.0,0.0,0.0,1,0,0,0,0
9348,1,1,1,0.0,0.0,0.0,0.05263157894736842,0,0,0,0,0
9350,1,1,0,0.0,0.0,0.0,0.10526315789473684,0,0,0,0,0
9351,1,0,0,0.0,0.0,0.0,0.5526315789473684,0,0,0,0,0
9352,1,1,1,0.0,0.3076923076923077,0.0,0.10526315789473684,0,0,0,0,1
9353,1,1,0,0.0,0.0,0.0,0.02631578947368421,0,1,1,1,0
9354,1,1,1,0.0,0.0,0.0,0.0,1,0,0,0,0
9357,1,0,0,0.0,0.0,0.0,0.15789473684210525,1,0,0,0,0
9358,1,0,0,0.15000000000000002,0.07692307692307693,0.0,0.23684210526315788,0,1,0,1,1
9359,1,1,0,0.0,0.0,0.0,0.07894736842105263,1,0,0,0,0
9363,1,0,0,0.0,0.0,0.0,0.07894736842105263,0,1,0,1,1
9364,1,0,0,0.0,0.0,0.0,0.39473684210526316,1,0,0,0,1
9365,1,0,0,0.2,0.0,0.0,0.5789473684210527,0,1,0,1,1
9366,0,0,0,0.0,0.0,0.0,0.0,1,0,0,0,0
9367,0,0,0,0.0,0.0,0.0,0.18421052631578946,0,1,0,1,1
9369,1,0,0,0.0,0.0,0.0,0.02631578947368421,1,0,0,0,0
9370,1,0,0,0.0,0.0,0.0,0.2631578947368421,0,1,0,1,0
9372,1,0,1,0.05,0.0,0.058823529411764705,0.05263157894736842,0,0,0,0,1
9375,0,0,0,0.0,0.0,0.0,0.13157894736842105,0,1,0,1,1
9376,1,0,0,0.0,0.0,0.0,0.0,0,0,0,0,0
9377,1,0,0,0.0,0.0,0.0,0.0,0,0,0,0,0
9378,0,1,0,0.0,0.0,0.0,0.05263157894736842,0,1,1,1,1
9379,0,0,0,0.0,0.0,0.0,0.02631578947368421,0,0,0,0,0
9380,1,1,0,0.0,0.0,0.0,0.13157894736842105,0,0,0,0,0
9381,1,1,0,0.0,0.0,0.0,0.05263157894736842,1,0,0,0,0
9383,1,0,0,0.0,0.0,0.0,0.2631578947368421,0,0,0,0,0
9385,1,0,0,0.0,0.0,0.0,0.21052631578947367,0,1,0,1,0
9386,1,0,0,0.0,0.0,0.0,0.10526315789473684,0,1,0,1,0
9387,1,1,0,0.0,0.0,0.0,0.02631578947368421,0,0,0,0,0
9388,1,1,0,0.0,0.0,0.0,0.0,0,0,0,0,0
9392,1,1,0,0.0,0.0,0.0,0.02631578947368421,1,1,1,0,0
9393,0,1,0,0.0,0.0,0.0,0.02631578947368421,0,1,1,1,0
9394,1,1,0,0.0,0.0,0.0,0.10526315789473684,0,0,0,0,1
9397,1,0,0,0.0,0.0,0.0,0.0,0,1,0,1,0
9398,1,0,1,0.0,0.0,0.0,0.07894736842105263,1,1,0,1,0
9399,1,0,0,0.0,0.0,0.0,0.07894736842105263,1,1,0,1,0
9401,1,1,1,0.0,0.0,0.0,0.02631578947368421,1,1,0,0,0
9402,1,0,0,0.0,0.0,0.0,0.47368421052631576,0,1,0,1,1
9404,1,0,0,0.0,0.0,0.0,0.02631578947368421,1,1,0,1,0
9405,0,0,0,0.0,0.0,0.0,0.18421052631578946,0,1,0,1,1
9407,1,0,0,0.0,0.0,0.0,0.5263157894736842,0,0,0,0,1
9408,0,0,0,0.0,0.0,0.0,0.13157894736842105,0,1,0,1,0
9412,0,0,0,0.0,0.0,0.0,0.02631578947368421,1,0,0,0,0
9413,1,0,0,0.0,0.0,0.0,0.42105263157894735,0,1,0,1,1
9414,1,1,0,0.0,0.0,0.0,0.02631578947368421,1,1,0,1,0
9415,1,1,0,0.0,0.0,0.0,0.18421052631578946,0,1,0,0,0
9416,1,0,0,0.0,0.0,0.0,0.02631578947368421,0,1,0,0,0
9417,1,1,0,0.0,0.0,0.0,0.05263157894736842,0,1,0,1,0
9419,1,0,0,0.0,0.0,0.0,0.0,0,1,0,1,0
9420,1,0,0,0.0,0.0,0.058823529411764705,0.05263157894736842,0,0,0,0,0
9425,0,1,0,0.0,0.0,0.0,0.0,0,0,0,0,0
9428,1,1,0,0.0,0.0,0.0,0.18421052631578946,1,0,0,0,0
9429,1,0,1,0.0,0.0,0.0,0.05263157894736842,0,1,0,1,0
9433,0,0,0,0.0,0.0,0.0,0.0,1,0,0,0,0
9434,1,0,0,0.0,0.0,0.0,0.05263157894736842,0,0,0,0,0
9435,1,1,1,0.0,0.0,0.0,0.07894736842105263,0,0,0,0,0
9436,1,0,0,0.0,0.0,0.0,0.2894736842105263,0,1,0,1,1
9437,1,0,1,0.0,0.07692307692307693,0.0,0.05263157894736842,0,0,0,0,1
9438,1,0,0,0.0,0.0,0.0,0.7368421052631579,0,0,0,0,1
9439,1,0,0,0.0,0.0,0.0,0.05263157894736842,0,1,0,1,0
9440,1,0,1,0.0,0.0,0.0,0.0,0,0,0,0,0
9441,1,0,0,0.0,0.0,0.0,0.13157894736842105,1,1,0,1,1
9442,1,0,0,0.0,0.0,0.0,0.02631578947368421,0,1,0,1,1
9443,1,0,0,0.0,0.15384615384615385,0.0,0.4473684210526315,0,1,0,1,1
9444,0,1,0,0.0,0.0,0.0,0.0,0,0,0,0,0
9446,1,0,0,0.0,0.0,0.0,0.07894736842105263,0,1,0,0,0
9448,1,1,0,0.0,0.0,0.0,0.0,1,0,0,0,0
9450,0,0,1,0.0,0.0,0.0,0.0,0,0,0,0,1
9451,1,0,0,0.0,0.0,0.0,0.10526315789473684,0,1,0,1,1
9452,1,0,0,0.0,0.0,0.058823529411764705,0.3157894736842105,1,1,0,1,1
9458,1,0,1,0.0,0.0,0.0,0.0,1,1,0,1,0
9459,1,0,1,0.0,0.0,0.0,0.0,1,0,0,0,0
9460,1,0,0,0.0,0.0,0.0,0.0,1,0,0,0,0
9461,1,0,0,0.0,0.0,0.0,0.02631578947368421,1,0,0,0,0
9462,1,1,0,0.0,0.0,0.0,0.02631578947368421,1,1,0,1,0
9463,1,0,0,0.0,0.0,0.0,0.02631578947368421,1,0,0,0,0
9464,1,1,1,0.0,0.0,0.0,0.0,1,0,0,0,0
9465,0,0,0,0.0,0.0,0.0,0.05263157894736842,0,0,0,0,0
9467,1,0,1,0.0,0.0,0.0,0.0,0,1,0,1,1
9473,1,0,0,0.0,0.0,0.0,0.3684210526315789,0,0,0,0,1
9475,1,0,0,0.0,0.0,0.0,0.02631578947368421,0,0,0,0,0
9476,0,0,0,0.0,0.0,0.0,0.07894736842105263,0,0,0,0,0
9479,1,1,0,0.0,0.0,0.0,0.02631578947368421,0,0,0,0,0
9483,1,0,0,0.0,0.0,0.0,0.42105263157894735,0,1,1,1,1
9484,0,1,0,0.0,0.0,0.0,0.02631578947368421,1,0,0,0,0
9486,1,0,1,0.0,0.0,0.0,0.0,0,1,1,1,0
9488,1,1,1,0.0,0.0,0.0,0.0,1,1,0,1,0
9491,1,1,1,0.0,0.0,0.0,0.02631578947368421,1,0,0,0,0
9492,1,0,0,0.0,0.0,0.0,0.18421052631578946,1,0,0,0,0
9493,1,0,0,0.0,0.0,0.0,0.0,0,0,0,0,0
9494,1,1,0,0.0,0.0,0.0,0.0,0,0,0,0,1
9495,1,0,1,0.0,0.07692307692307693,0.0,0.05263157894736842,0,1,1,1,1
9497,1,0,0,0.0,0.0,0.0,0.02631578947368421,0,0,0,0,1
9499,1,0,0,0.0,0.0,0.0,0.5789473684210527,0,1,0,1,1
9500,1,1,0,0.0,0.07692307692307693,0.0,0.05263157894736842,0,0,0,0,0
9501,1,0,0,0.0,0.0,0.0,0.0,1,0,0,0,0
9504,1,0,0,0.0,0.0,0.11764705882352941,0.18421052631578946,1,0,0,0,0
9506,1,0,1,0.0,0.0,0.0,0.0,1,1,0,1,1
9509,1,0,0,0.0,0.0,0.0,0.23684210526315788,0,1,1,1,1
9511,1,0,0,0.0,0.0,0.0,0.0,0,0,0,0,0
9512,1,0,0,0.0,0.0,0.0,0.21052631578947367,1,0,0,0,0
9513,1,0,0,0.0,0.0,0.0,0.05263157894736842,0,0,0,0,0
9515,1,0,0,0.0,0.0,0.0,0.02631578947368421,0,0,0,0,0
9516,1,0,0,0.0,0.23076923076923078,0.0,0.18421052631578946,0,1,0,0,0
9517,0,1,0,0.0,0.0,0.0,0.05263157894736842,0,0,0,0,0
9518,0,1,0,0.0,0.0,0.0,0.0,1,0,0,0,0
9519,1,1,0,0.0,0.0,0.0,0.15789473684210525,0,1,0,1,0
9523,1,0,0,0.0,0.0,0.0,0.05263157894736842,0,1,0,1,0
9524,1,1,0,0.0,0.0,0.0,0.02631578947368421,1,0,0,0,1
9526,0,1,1,0.0,0.0,0.0,0.02631578947368421,0,1,0,0,1
9527,1,0,0,0.0,0.0,0.0,0.05263157894736842,1,0,0,0,0
9528,1,0,0,0.0,0.0,0.0,0.4473684210526315,0,0,0,0,0
9529,1,0,0,0.0,0.0,0.0,0.15789473684210525,0,1,1,1,1
9530,1,0,0,0.0,0.0,0.0,0.0,1,0,0,0,0
9531,1,0,0,0.0,0.0,0.0,0.13157894736842105,0,1,0,1,1
9532,1,0,1,0.0,0.07692307692307693,0.0,0.05263157894736842,0,1,1,1,0
9534,1,0,0,0.0,0.0,0.0,0.763157894736842,0,1,0,1,0
9535,1,0,1,0.0,0.0,0.0,0.02631578947368421,0,0,0,0,1
9536,0,0,0,0.0,0.0,0.0,0.6052631578947368,1,1,0,1,1
9537,1,0,0,0.0,0.0,0.0,0.0,1,0,0,0,0
9538,1,0,1,0.05,0.0,0.0,0.02631578947368421,0,1,1,1,0
9539,1,1,0,0.0,0.0,0.0,0.02631578947368421,0,0,0,0,1
9540,1,0,0,0.0,0.0,0.0,0.07894736842105263,0,1,0,1,0
9541,1,0,0,0.0,0.0,0.058823529411764705,0.02631578947368421,0,1,0,1,0
9542,1,0,1,0.0,0.0,0.0,0.05263157894736842,0,1,0,1,1
9544,1,1,0,0.0,0.0,0.0,0.07894736842105263,1,1,0,1,1
9545,1,0,0,0.0,0.0,0.0,0.13157894736842105,0,0,0,0,0
9547,1,1,0,0.0,0.0,0.0,0.0,1,0,0,0,0
9548,0,1,0,0.0,0.0,0.0,0.15789473684210525,0,0,0,0,0
9550,1,0,0,0.0,0.0,0.0,0.42105263157894735,0,1,1,1,1
9552,1,0,0,0.0,0.0,0.0,0.02631578947368421,0,1,0,1,1
9553,1,1,0,0.0,0.0,0.0,0.05263157894736842,1,0,0,0,0
9554,1,1,0,0.0,0.0,0.0,0.0,1,0,0,0,0
9556,1,0,0,0.0,0.0,0.0,0.02631578947368421,0,0,0,0,0
9557,0,0,0,0.0,0.0,0.0,0.05263157894736842,1,0,0,0,0
9560,0,1,1,0.0,0.0,0.0,0.10526315789473684,0,1,0,1,1
9561,1,1,0,0.0,0.0,0.0,0.07894736842105263,0,1,0,1,1
9562,1,0,0,0.0,0.0,0.0,0.07894736842105263,1,1,0,0,0
9563,1,1,1,0.0,0.0,0.0,0.02631578947368421,0,0,0,0,0
9566,1,1,1,0.0,0.0,0.0,0.02631578947368421,0,1,0,1,1
9567,0,0,0,0.0,0.0,0.0,0.0,0,0,0,0,0
9568,1,0,0,0.0,0.0,0.0,0.2631578947368421,0,1,0,1,0
9569,1,1,0,0.0,0.0,0.0,0.0,1,0,0,0,0
9570,1,0,1,0.0,0.0,0.11764705882352941,0.0,0,1,0,1,0
9574,1,0,0,0.0,0.0,0.0,0.23684210526315788,0,0,0,0,0
9576,0,0,0,0.0,0.0,0.0,0.02631578947368421,0,0,0,0,0
9577,1,0,0,0.0,0.0,0.0,0.07894736842105263,1,0,0,0,0
9578,1,0,0,0.0,0.0,0.0,0.13157894736842105,1,0,0,0,1
9579,1,0,0,0.0,0.0,0.0,0.07894736842105263,0,0,0,0,0
9581,0,0,1,0.0,0.0,0.0,0.0,0,0,0,0,0
9584,0,0,0,0.0,0.0,0.0,0.0,0,1,0,1,1
9586,0,0,1,0.0,0.0,0.29411764705882354,0.0,1,1,0,1,0
9588,1,1,0,0.0,0.0,0.0,0.0,0,0,0,0,0
9589,1,0,0,0.0,0.0,0.0,0.05263157894736842,1,0,0,0,0
9591,1,0,1,0.0,0.0,0.23529411764705882,0.05263157894736842,0,1,0,1,0
9592,1,1,0,0.0,0.0,0.0,0.02631578947368421,0,0,0,0,0
9593,0,1,0,0.0,0.0,0.0,0.0,0,0,0,0,0
9596,1,0,0,0.0,0.0,0.058823529411764705,0.02631578947368421,0,1,0,1,1
9597,1,1,1,0.0,0.0,0.0,0.0,1,0,0,0,0
9600,1,1,0,0.05,0.0,0.0,0.2631578947368421,0,1,1,1,0
9601,0,0,0,0.0,0.0,0.0,0.23684210526315788,0,1,0,1,0
9603,0,0,0,0.0,0.0,0.0,0.13157894736842105,0,1,0,1,0
9604,1,0,1,0.25,0.0,0.11764705882352941,0.10526315789473684,0,1,1,1,0
9606,0,1,0,0.0,0.0,0.0,0.07894736842105263,0,1,0,1,0
9608,0,1,1,0.0,0.0,0.0,0.0,0,0,0,0,0
9609,0,0,0,0.0,0.0,0.058823529411764705,0.21052631578947367,1,1,1,1,0
9612,1,1,0,0.0,0.0,0.0,0.02631578947368421,1,1,0,1,0
9613,1,1,0,0.0,0.0,0.0,0.23684210526315788,0,1,0,1,0
9616,1,0,0,0.0,0.0,0.0,0.15789473684210525,0,0,0,0,0
9617,1,0,0,0.0,0.0,0.0,0.10526315789473684,0,1,0,1,0
9618,1,1,0,0.0,0.0,0.0,0.05263157894736842,0,1,0,0,0
9619,1,1,0,0.0,0.0,0.0,0.47368421052631576,0,1,0,1,0
9620,1,1,1,0.0,0.07692307692307693,0.1764705882352941,0.02631578947368421,0,1,0,1,1
9621,1,1,0,0.0,0.0,0.0,0.0,0,0,0,0,0
9624,1,0,0,0.0,0.0,0.0,0.0,1,0,0,0,0
9625,1,0,0,0.0,0.0,0.0,0.05263157894736842,0,1,1,1,0
9626,1,0,0,0.05,0.0,0.0,0.15789473684210525,0,1,0,1,1
9627,0,1,0,0.0,0.0,0.0,0.02631578947368421,0,1,0,1,0
9628,0,0,1,0.0,0.0,0.0,0.05263157894736842,0,1,0,1,1
9629,0,0,1,0.0,0.0,0.0,0.18421052631578946,0,0,0,0,1
9630,1,1,0,0.0,0.0,0.0,0.0,1,0,0,0,0
9631,0,1,1,0.0,0.0,0.23529411764705882,0.02631578947368421,1,0,0,0,0
9632,1,1,0,0.0,0.0,0.0,0.02631578947368421,0,0,0,0,0
9633,1,0,0,0.0,0.0,0.0,0.18421052631578946,0,0,0,0,1
9634,1,0,1,0.0,0.0,0.0,0.05263157894736842,0,0,0,0,0
9635,0,1,0,0.0,0.0,0.0,0.0,0,0,0,0,0
9636,1,0,0,0.0,0.15384615384615385,0.11764705882352941,0.3421052631578947,0,1,0,1,1
9640,1,0,0,0.0,0.15384615384615385,0.11764705882352941,0.7105263157894737,1,1,0,1,1
9641,1,1,0,0.0,0.0,0.0,0.05263157894736842,0,0,0,0,0
9643,1,1,0,0.0,0.0,0.0,0.0,0,0,0,0,0
9644,1,0,1,0.0,0.0,0.0,0.0,1,0,0,0,0
9645,1,1,0,0.0,0.0,0.0,0.02631578947368421,1,0,0,0,0
9646,0,0,0,0.0,0.0,0.0,0.23684210526315788,1,1,1,1,1
9648,1,1,0,0.0,0.0,0.0,0.07894736842105263,0,0,0,0,0
9651,1,0,0,0.0,0.0,0.0,0.07894736842105263,0,0,0,0,0
9653,1,1,1,0.0,0.0,0.0,0.02631578947368421,0,0,0,0,1
9654,1,0,0,0.0,0.0,0.0,0.07894736842105263,0,1,0,1,0
9655,1,1,0,0.0,0.0,0.0,0.0,1,1,0,1,0
9656,1,0,0,0.0,0.0,0.0,0.15789473684210525,0,1,0,1,0
9658,1,0,0,0.05,0.15384615384615385,0.058823529411764705,0.15789473684210525,1,0,0,0,1
9659,1,0,0,0.0,0.0,0.0,0.0,1,0,0,0,0
9662,1,1,0,0.0,0.0,0.0,0.07894736842105263,1,0,0,0,0
9663,0,0,0,0.0,0.0,0.0,0.02631578947368421,1,0,0,0,0
9664,0,1,0,0.0,0.0,0.0,0.07894736842105263,0,1,0,1,0
9666,1,0,1,0.0,0.0,0.0,0.0,0,0,0,0,1
9667,1,1,1,0.0,0.0,0.0,0.02631578947368421,0,1,0,1,0
9668,0,0,0,0.0,0.0,0.0,0.0,1,0,0,0,0
9669,1,0,0,0.0,0.0,0.0,0.05263157894736842,0,0,0,0,0
9670,1,1,1,0.0,0.0,0.0,0.0,0,0,0,0,0
9672,1,0,0,0.0,0.0,0.0,0.10526315789473684,0,0,0,0,1
9674,1,1,1,0.0,0.07692307692307693,0.11764705882352941,0.10526315789473684,1,1,0,1,1
9676,1,0,0,0.0,0.0,0.0,0.05263157894736842,0,0,0,0,1
9677,1,0,0,0.0,0.0,0.0,0.0,0,0,0,0,0
9681,1,0,1,0.0,0.0,0.058823529411764705,0.13157894736842105,0,1,1,1,1
9685,1,0,1,0.0,0.0,0.058823529411764705,0.0,1,1,0,1,1
9686,1,0,1,0.0,0.0,0.0,0.0,0,0,0,0,0
9687,1,0,0,0.0,0.0,0.0,0.05263157894736842,1,0,0,0,1
9689,1,0,0,0.0,0.0,0.0,0.10526315789473684,1,0,0,0,0
9690,0,0,0,0.0,0.0,0.0,0.0,1,0,0,0,0
9691,1,0,0,0.0,0.0,0.0,0.05263157894736842,0,0,0,0,0
9693,1,0,0,0.0,0.0,0.058823529411764705,0.0,0,0,0,0,0
9695,1,1,0,0.0,0.0,0.0,0.02631578947368421,1,0,0,0,0
9698,1,0,1,0.0,0.0,0.0,0.02631578947368421,0,1,0,1,0
9699,1,0,0,0.0,0.0,0.0,0.02631578947368421,0,0,0,0,0
9703,0,0,0,0.0,0.0,0.0,0.0,0,1,1,1,0
9704,1,0,1,0.0,0.0,0.0,0.0,0,0,0,0,0
9706,0,1,1,0.0,0.15384615384615385,0.0,0.18421052631578946,1,0,0,0,1
9707,0,0,0,0.0,0.07692307692307693,0.0,0.15789473684210525,0,1,0,1,1
9708,1,0,0,0.0,0.0,0.0,0.15789473684210525,0,1,0,1,0
9709,0,0,1,0.0,0.0,0.0,0.02631578947368421,0,0,0,0,1
9710,1,0,0,0.0,0.0,0.0,0.21052631578947367,0,1,1,1,0
9712,1,0,0,0.0,0.0,0.0,0.05263157894736842,0,1,0,1,0
9713,1,1,0,0.0,0.0,0.0,0.0,1,0,0,0,0
9714,1,0,1,0.0,0.0,0.0,0.21052631578947367,0,1,0,1,1
9715,1,1,0,0.0,0.0,0.0,0.02631578947368421,0,0,0,0,0
9717,0,1,0,0.0,0.0,0.0,0.0,1,0,0,0,0
9720,1,1,0,0.0,0.0,0.0,0.0,0,1,0,1,0
9722,1,1,1,0.0,0.0,0.0,0.02631578947368421,0,1,0,1,0
9723,1,0,1,0.0,0.0,0.0,0.0,1,0,0,0,0
9724,0,0,0,0.0,0.0,0.0,0.0,0,0,0,0,0
9725,1,0,0,0.0,0.0,0.0,0.0,1,0,0,0,0
9727,1,0,0,0.0,0.07692307692307693,0.11764705882352941,0.2894736842105263,0,1,0,1,0
9729,0,0,0,0.0,0.0,0.0,0.0,0,1,0,1,0
9730,1,1,0,0.0,0.0,0.0,0.0,1,0,0,0,0
9731,0,0,1,0.0,0.0,0.0,0.02631578947368421,1,0,0,0,0
9732,1,0,1,0.0,0.0,0.0,0.05263157894736842,0,1,0,1,0
9733,1,0,1,0.0,0.0,0.0,0.0,0,1,0,1,0
9734,1,1,1,0.0,0.0,0.0,0.0,0,0,0,0,0
9735,1,0,0,0.0,0.0,0.0,0.05263157894736842,1,1,0,0,0
9737,1,1,0,0.0,0.0,0.0,0.05263157894736842,0,0,0,0,0
9738,1,0,0,0.0,0.0,0.0,0.07894736842105263,1,0,0,0,1
9739,1,0,0,0.0,0.0,0.0,0.3157894736842105,0,1,0,1,1
9740,1,0,1,0.0,0.15384615384615385,0.0,0.05263157894736842,1,1,1,1,1
9741,1,0,1,0.05,0.0,0.11764705882352941,0.02631578947368421,0,1,0,1,1
9743,1,0,0,0.0,0.0,0.0,0.02631578947368421,0,0,0,0,1
9745,1,0,1,0.0,0.0,0.0,0.05263157894736842,1,1,0,1,1
9746,1,0,1,0.0,0.0,0.0,0.0,1,0,0,0,1
9747,1,0,0,0.0,0.0,0.0,0.10526315789473684,0,1,0,1,0
9748,1,0,0,0.0,0.0,0.0,0.2894736842105263,0,1,1,1,0
9749,1,1,0,0.05,0.0,0.0,0.42105263157894735,0,1,0,1,1
9750,1,0,1,0.0,0.0,0.058823529411764705,0.0,0,0,0,0,0
9752,0,0,1,0.0,0.0,0.0,0.02631578947368421,0,1,0,1,0
9753,1,0,0,0.0,0.0,0.0,0.02631578947368421,1,0,0,0,0
9754,1,0,0,0.0,0.0,0.0,0.07894736842105263,0,1,1,1,0
9755,1,0,0,0.0,0.0,0.0,0.15789473684210525,0,1,0,1,0
9756,1,0,0,0.0,0.0,0.0,0.10526315789473684,1,1,1,1,0
9758,1,1,0,0.0,0.0,0.0,0.15789473684210525,0,1,0,1,0
9759,1,1,0,0.0,0.0,0.0,0.0,0,0,0,0,0
9767,1,1,0,0.0,0.0,0.0,0.0,1,0,0,0,0
9771,1,0,0,0.0,0.0,0.0,0.10526315789473684,1,0,0,0,0
9773,1,0,1,0.0,0.0,0.058823529411764705,0.07894736842105263,0,1,0,1,0
9774,1,1,0,0.0,0.0,0.0,0.0,1,1,0,1,0
9776,1,1,0,0.0,0.0,0.0,0.02631578947368421,0,0,0,0,0
9777,1,0,0,0.0,0.0,0.0,0.0,0,1,0,1,0
9778,1,0,0,0.0,0.0,0.0,0.0,0,0,0,0,0
9780,0,0,0,0.0,0.07692307692307693,0.0,0.2631578947368421,1,1,0,1,1
9781,1,1,1,0.0,0.0,0.0,0.15789473684210525,0,1,0,1,1
9782,1,0,0,0.0,0.0,0.0,0.2894736842105263,1,0,0,0,1
9783,1,0,1,0.0,0.0,0.0,0.15789473684210525,0,1,0,1,0
9784,1,0,0,0.0,0.0,0.0,0.05263157894736842,1,0,0,0,0
9785,1,1,0,0.0,0.0,0.0,0.0,1,0,0,0,0
9786,1,0,0,0.0,0.0,0.0,0.18421052631578946,0,1,0,1,1
9787,0,0,1,0.0,0.0,0.0,0.0,0,1,0,1,0
9788,1,0,0,0.0,0.0,0.0,0.3157894736842105,0,0,0,0,1
9789,1,0,0,0.0,0.0,0.0,0.05263157894736842,1,0,0,0,0
9790,1,0,0,0.0,0.0,0.0,0.05263157894736842,0,1,0,1,0
9791,1,1,0,0.0,0.0,0.0,0.7105263157894737,1,0,0,0,0
9793,1,1,0,0.0,0.0,0.0,0.5526315789473684,1,1,0,1,0
9795,1,0,1,0.0,0.0,0.0,0.02631578947368421,0,0,0,0,0
9796,1,0,0,0.0,0.0,0.0,0.05263157894736842,1,1,1,1,0
9797,1,0,0,0.0,0.0,0.0,0.05263157894736842,0,1,0,1,0
9798,1,0,0,0.0,0.07692307692307693,0.0,0.07894736842105263,1,0,0,0,0
9799,1,1,0,0.0,0.0,0.0,0.0,0,1,0,1,0
9800,1,1,0,0.0,0.0,0.0,0.02631578947368421,1,0,0,0,0
9801,1,0,0,0.0,0.0,0.0,0.10526315789473684,1,0,0,0,0
9802,1,0,0,0.0,0.0,0.0,0.0,0,0,0,0,0
9804,0,0,0,0.0,0.0,0.0,0.10526315789473684,0,1,0,1,0
9805,1,0,0,0.05,0.07692307692307693,0.0,0.05263157894736842,0,1,0,1,1
9806,1,0,0,0.0,0.0,0.0,0.0,0,1,1,0,0
9808,1,1,0,0.0,0.0,0.0,0.05263157894736842,0,0,0,0,0
9809,1,0,1,0.0,0.0,0.0,0.0,0,1,0,1,0
9810,1,0,0,0.0,0.0,0.058823529411764705,0.21052631578947367,0,0,0,0,1
9811,0,0,0,0.0,0.0,0.0,0.13157894736842105,0,1,0,1,1
9814,1,0,0,0.0,0.0,0.0,0.10526315789473684,0,1,1,1,1
9815,0,0,0,0.0,0.0,0.0,0.05263157894736842,0,1,0,1,0
9817,1,0,0,0.0,0.0,0.0,0.05263157894736842,0,1,1,1,0
9818,1,1,0,0.0,0.0,0.0,0.2631578947368421,0,1,0,1,0
9820,1,0,0,0.0,0.0,0.0,0.05263157894736842,1,0,0,0,0
9822,1,1,0,0.0,0.0,0.0,0.15789473684210525,1,1,0,1,0
9823,1,0,0,0.0,0.0,0.0,0.5263157894736842,0,0,0,0,0
9824,1,0,0,0.0,0.0,0.0,0.02631578947368421,1,0,0,0,0
9826,1,0,0,0.0,0.07692307692307693,0.0,0.07894736842105263,0,1,1,1,1
9827,1,1,0,0.0,0.0,0.0,0.0,0,0,0,0,0
9830,1,1,0,0.0,0.0,0.0,0.0,0,0,0,0,0
9831,1,0,0,0.0,0.0,0.0,0.0,1,1,1,1,0
9832,1,1,0,0.0,0.0,0.0,0.02631578947368421,1,1,1,1,0
9833,1,1,0,0.0,0.0,0.0,0.0,0,0,0,0,0
9834,1,0,0,0.0,0.0,0.058823529411764705,0.05263157894736842,1,1,0,0,0
9835,0,0,0,0.0,0.0,0.0,0.07894736842105263,0,0,0,0,0
9837,1,1,1,0.0,0.0,0.0,0.02631578947368421,0,0,0,0,0
9838,1,0,0,0.0,0.0,0.0,0.0,0,0,0,0,0
9840,0,1,0,0.0,0.0,0.0,0.0,1,1,0,0,0
9842,0,0,0,0.0,0.0,0.0,0.0,0,0,0,0,0
9843,1,0,0,0.05,0.0,0.0,0.2631578947368421,0,1,0,1,1
9844,1,1,0,0.0,0.0,0.0,0.05263157894736842,0,1,0,1,0
9845,1,0,0,0.0,0.0,0.0,0.0,1,1,0,0,0
9846,1,1,0,0.0,0.0,0.0,0.02631578947368421,0,1,0,1,0
9847,0,0,0,0.0,0.0,0.0,0.0,0,1,1,1,0
9851,1,0,0,0.0,0.0,0.0,0.02631578947368421,1,1,1,1,0
9852,1,0,1,0.0,0.15384615384615385,0.11764705882352941,0.05263157894736842,0,1,0,1,1
9853,1,1,0,0.0,0.0,0.0,0.2894736842105263,0,1,0,1,0
9854,1,0,0,0.0,0.0,0.0,0.10526315789473684,0,1,0,1,0
9855,1,1,0,0.0,0.0,0.0,0.07894736842105263,0,0,0,0,0
9856,1,0,0,0.0,0.0,0.0,0.39473684210526316,0,0,0,0,1
9857,1,0,1,0.0,0.07692307692307693,0.058823529411764705,0.21052631578947367,0,1,0,1,1
9858,1,0,0,0.0,0.0,0.0,0.02631578947368421,0,0,0,0,0
9861,1,1,0,0.0,0.0,0.0,0.05263157894736842,0,0,0,0,0
9862,1,0,0,0.0,0.0,0.0,0.3421052631578947,0,0,0,0,1
9864,1,0,0,0.0,0.0,0.0,0.02631578947368421,1,1,0,1,0
9865,1,0,0,0.05,0.0,0.0,0.23684210526315788,1,1,0,1,0
9867,1,0,0,0.0,0.0,0.0,0.15789473684210525,0,1,0,0,0
9868,1,0,0,0.0,0.0,0.0,0.02631578947368421,1,0,0,0,1
9869,1,0,0,0.0,0.0,0.0,0.3157894736842105,1,0,0,0,0
9871,1,1,0,0.0,0.0,0.0,0.05263157894736842,0,0,0,0,0
9872,1,0,0,0.0,0.0,0.0,0.0,1,1,1,1,0
9875,1,0,0,0.0,0.07692307692307693,0.0,0.07894736842105263,0,1,0,1,0
9877,1,1,1,0.0,0.0,0.1764705882352941,0.02631578947368421,0,1,0,1,0
9879,1,0,0,0.0,0.0,0.0,0.10526315789473684,1,1,1,1,0
9880,0,1,0,0.0,0.0,0.0,0.0,1,0,0,0,0
9881,0,1,0,0.0,0.0,0.0,0.6052631578947368,0,1,0,1,1
9883,1,0,0,0.0,0.0,0.0,0.18421052631578946,0,1,0,1,0
9885,0,0,1,0.0,0.0,0.0,0.0,0,0,0,0,1
9886,1,0,0,0.0,0.0,0.0,0.02631578947368421,0,0,0,0,0
9888,1,0,0,0.0,0.0,0.0,0.21052631578947367,0,0,0,0,0
9889,1,0,0,0.0,0.0,0.0,0.23684210526315788,0,0,0,0,0
9890,1,0,0,0.0,0.0,0.0,0.02631578947368421,1,0,0,0,0
9891,1,0,0,0.0,0.0,0.0,0.02631578947368421,0,1,0,0,0
9892,1,0,0,0.0,0.0,0.0,0.13157894736842105,0,1,1,1,1
9894,0,1,0,0.0,0.0,0.0,0.2631578947368421,0,1,1,1,1
9898,1,0,0,0.0,0.0,0.0,0.5526315789473684,0,1,0,1,1
9899,1,0,0,0.0,0.0,0.0,0.05263157894736842,1,0,0,0,0
9900,1,0,0,0.0,0.0,0.0,0.15789473684210525,0,1,0,0,0
9902,0,0,0,0.0,0.0,0.0,0.0,1,1,1,1,0
9903,1,0,0,0.0,0.0,0.0,0.21052631578947367,1,1,0,1,1
9904,1,0,0,0.0,0.0,0.058823529411764705,0.13157894736842105,0,1,0,1,1
9905,1,1,1,0.0,0.0,0.058823529411764705,0.05263157894736842,1,1,0,1,0
9906,1,1,0,0.0,0.0,0.0,0.10526315789473684,1,0,0,0,0
9907,1,0,0,0.0,0.0,0.0,0.18421052631578946,0,1,1,1,1
9908,1,0,1,0.0,0.0,0.0,0.05263157894736842,0,1,1,1,1
9909,1,0,0,0.0,0.07692307692307693,0.0,0.2894736842105263,0,1,0,1,1
9910,1,0,1,0.0,0.0,0.0,0.02631578947368421,0,1,1,1,1
9912,1,0,0,0.0,0.0,0.0,0.0,0,0,0,0,0
9914,1,1,1,0.0,0.07692307692307693,0.0,0.10526315789473684,1,1,0,1,0
9915,1,0,0,0.0,0.0,0.0,0.07894736842105263,1,0,0,0,0
9917,1,0,0,0.0,0.0,0.0,0.02631578947368421,1,0,0,0,0
9918,1,1,0,0.0,0.0,0.0,0.02631578947368421,1,0,0,0,0
9919,1,0,0,0.0,0.0,0.0,0.0,1,0,0,0,0
9920,0,1,0,0.0,0.0,0.0,0.0,1,1,1,1,0
9921,1,0,0,0.0,0.0,0.0,0.02631578947368421,1,0,0,0,0
9922,0,0,0,0.0,0.07692307692307693,0.0,0.10526315789473684,0,0,0,0,0
9923,1,0,0,0.05,0.0,0.0,0.10526315789473684,0,1,1,1,0
9924,1,1,0,0.0,0.0,0.0,0.0,0,1,0,1,0
9926,1,1,0,0.0,0.0,0.0,0.2894736842105263,1,1,0,1,1
9931,1,0,0,0.0,0.0,0.0,0.0,1,0,0,0,0
9933,1,0,0,0.1,0.0,0.0,0.3684210526315789,0,1,0,1,1
9934,1,0,0,0.0,0.0,0.0,0.13157894736842105,0,1,0,1,0
9935,1,0,1,0.0,0.38461538461538464,0.058823529411764705,0.39473684210526316,0,1,1,1,1
9937,1,0,0,0.0,0.0,0.0,0.02631578947368421,0,1,0,1,0
9939,1,1,0,0.0,0.0,0.0,0.0,1,0,0,0,0
9940,0,0,0,0.0,0.0,0.0,0.39473684210526316,0,1,0,1,1
9941,1,0,0,0.0,0.0,0.0,0.02631578947368421,0,1,0,1,0
9942,1,0,0,0.0,0.0,0.0,0.0,0,0,0,0,0
9944,1,1,0,0.0,0.0,0.0,0.0,0,1,0,1,0
9945,1,1,1,0.0,0.0,0.0,0.0,0,1,0,1,0
9948,1,0,0,0.0,0.0,0.0,0.2631578947368421,0,0,0,0,1
9949,1,0,0,0.0,0.0,0.0,0.05263157894736842,0,0,0,0,0
9951,1,1,0,0.0,0.0,0.0,0.05263157894736842,0,0,0,0,0
9952,1,1,0,0.0,0.0,0.0,0.0,0,0,0,0,0
9953,1,0,1,0.0,0.0,0.1764705882352941,0.02631578947368421,0,1,0,1,0
9955,1,0,0,0.0,0.0,0.0,0.0,0,0,0,0,0
9956,1,0,0,0.0,0.0,0.0,0.10526315789473684,0,1,0,1,0
9959,0,0,1,0.0,0.0,0.0,0.0,1,0,0,0,0
9960,0,0,0,0.0,0.0,0.0,0.0,1,0,0,0,0
9963,0,0,1,0.0,0.07692307692307693,0.0,0.05263157894736842,0,0,0,0,1
9965,1,1,1,0.0,0.0,0.0,0.02631578947368421,0,0,0,0,0
9966,1,0,0,0.0,0.0,0.0,0.3157894736842105,1,1,1,1,0
9968,0,0,0,0.0,0.0,0.0,0.05263157894736842,0,1,1,1,0
9969,1,1,0,0.0,0.0,0.0,0.13157894736842105,0,1,0,1,0
9970,1,0,0,0.15000000000000002,0.07692307692307693,0.0,0.3421052631578947,0,1,0,1,1
9971,0,1,0,0.0,0.0,0.0,0.0,0,0,0,0,0
9972,1,0,1,0.0,0.0,0.0,0.0,1,0,0,0,0
9973,1,0,1,0.0,0.0,0.058823529411764705,0.0,0,1,1,1,1
9977,1,0,0,0.0,0.0,0.0,0.13157894736842105,1,1,0,1,0
9979,0,1,0,0.0,0.0,0.0,0.02631578947368421,1,0,0,0,0
9980,0,0,0,0.0,0.0,0.0,0.05263157894736842,0,1,0,1,0
9981,1,0,1,0.0,0.0,0.0,0.02631578947368421,0,1,0,1,0
9983,1,0,1,0.0,0.0,0.0,0.07894736842105263,0,1,0,1,0
9984,1,0,1,0.0,0.0,0.0,0.0,0,0,0,0,1
9985,1,1,0,0.0,0.0,0.0,0.21052631578947367,0,0,0,0,0
9987,0,0,1,0.0,0.0,0.0,0.0,1,1,0,1,0
9988,0,0,0,0.0,0.0,0.0,0.02631578947368421,0,0,0,0,0
9989,1,0,1,0.15000000000000002,0.0,0.0,0.05263157894736842,0,1,0,1,1
9991,1,1,1,0.0,0.0,0.0,0.0,1,0,0,0,0
9996,0,1,0,0.0,0.0,0.0,0.0,0,1,0,1,0
9997,1,0,1,0.0,0.0,0.0,0.0,1,1,1,0,0
10004,1,0,0,0.0,0.0,0.0,0.13157894736842105,1,0,0,0,0
10006,1,1,1,0.0,0.0,0.0,0.0,1,1,1,1,1
10007,1,0,1,0.0,0.0,0.0,0.0,0,0,0,0,0
10008,1,1,0,0.0,0.0,0.0,0.02631578947368421,0,1,0,1,0
10009,1,0,0,0.0,0.0,0.0,0.23684210526315788,0,1,1,1,1
10010,1,0,1,0.0,0.0,0.0,0.0,0,1,0,1,1
10011,1,0,0,0.0,0.0,0.0,0.10526315789473684,1,1,0,1,0
10012,0,0,1,0.0,0.0,0.0,0.05263157894736842,0,1,0,1,0
10013,1,0,0,0.0,0.0,0.0,0.39473684210526316,0,1,0,1,0
10015,1,0,0,0.05,0.0,0.0,0.21052631578947367,0,1,0,1,0
10017,1,0,1,0.0,0.0,0.0,0.0,0,1,0,1,0
10018,0,0,1,0.0,0.0,0.0,0.0,0,0,0,0,0
10019,1,0,1,0.0,0.07692307692307693,0.0,0.07894736842105263,0,1,0,1,0
10020,1,1,0,0.0,0.0,0.0,0.0,0,0,0,0,0
10021,1,1,1,0.0,0.0,0.0,0.0,0,0,0,0,0
10022,1,0,0,0.0,0.07692307692307693,0.0,0.15789473684210525,1,1,1,1,0
10025,1,0,1,0.0,0.0,0.0,0.0,0,1,0,1,0
10027,0,0,0,0.0,0.0,0.0,0.10526315789473684,0,0,0,0,0
10028,1,0,0,0.0,0.0,0.0,0.07894736842105263,1,0,0,0,1
10029,1,1,0,0.0,0.0,0.0,0.0,0,0,0,0,0
10032,0,1,0,0.0,0.0,0.0,0.13157894736842105,0,1,0,1,0
10033,0,0,0,0.0,0.0,0.0,0.18421052631578946,0,1,1,1,0
10035,0,0,0,0.0,0.0,0.0,0.0,0,0,0,0,0
10036,1,0,0,0.0,0.0,0.0,0.23684210526315788,1,1,1,1,0
10037,1,0,0,0.0,0.0,0.0,0.18421052631578946,1,1,0,1,0
10039,1,0,0,0.0,0.0,0.0,0.5789473684210527,1,1,0,1,1
10040,0,0,0,0.0,0.0,0.0,0.05263157894736842,1,1,0,1,0
10042,1,0,0,0.0,0.0,0.0,0.15789473684210525,0,1,1,1,1
10043,0,1,0,0.0,0.0,0.0,0.0,0,0,0,0,0
10044,1,1,0,0.0,0.0,0.0,0.0,1,1,0,1,0
10045,1,0,1,0.0,0.0,0.0,0.0,1,1,0,1,0
10046,1,1,1,0.0,0.0,0.0,0.0,0,1,0,1,0
10047,1,1,0,0.0,0.0,0.0,0.0,0,0,0,0,0
10048,1,1,0,0.0,0.07692307692307693,0.0,0.21052631578947367,0,1,0,1,0
10050,0,0,0,0.0,0.0,0.0,0.0,0,1,1,0,0
10051,1,1,0,0.0,0.0,0.0,0.13157894736842105,0,1,1,1,1
10052,0,0,0,0.0,0.0,0.0,0.02631578947368421,0,0,0,0,0
10054,1,0,0,0.0,0.0,0.0,0.02631578947368421,0,0,0,0,0
10055,1,0,0,0.0,0.0,0.0,0.18421052631578946,0,0,0,0,1
10056,1,0,0,0.0,0.07692307692307693,0.0,0.13157894736842105,1,0,0,0,0
10057,1,0,0,0.0,0.07692307692307693,0.0,0.23684210526315788,0,0,0,0,1
10058,1,0,0,0.0,0.0,0.0,0.3421052631578947,1,0,0,0,0
10059,0,0,0,0.0,0.0,0.0,0.15789473684210525,0,0,0,0,1
10061,1,0,0,0.0,0.0,0.0,0.0,0,0,0,0,0
10062,0,1,0,0.0,0.0,0.0,0.05263157894736842,0,1,0,1,0
10064,1,0,0,0.0,0.0,0.0,0.0,1,0,0,0,0
10065,1,1,0,0.0,0.0,0.0,0.02631578947368421,1,0,0,0,0
10066,1,0,0,0.0,0.0,0.0,0.13157894736842105,0,0,0,0,0
10068,1,1,1,0.0,0.0,0.058823529411764705,0.0,0,0,0,0,0
10069,0,1,0,0.0,0.0,0.0,0.0,0,0,0,0,0
10071,0,0,0,0.0,0.0,0.0,0.02631578947368421,1,0,0,0,0
10072,1,1,0,0.0,0.0,0.0,0.10526315789473684,0,1,0,1,0
10073,1,0,0,0.0,0.0,0.0,0.05263157894736842,1,0,0,0,0
10076,1,0,1,0.0,0.0,0.0,0.05263157894736842,0,0,0,0,0
10077,1,0,0,0.0,0.23076923076923078,0.058823529411764705,0.15789473684210525,1,0,0,0,0
10078,1,0,0,0.0,0.0,0.0,0.02631578947368421,0,1,1,1,0
10079,0,0,0,0.0,0.0,0.0,0.05263157894736842,0,1,0,1,0
10081,1,0,1,0.0,0.0,0.058823529411764705,0.18421052631578946,1,1,0,1,1
10083,1,1,0,0.0,0.0,0.0,0.0,1,0,0,0,0
10084,1,1,0,0.0,0.0,0.0,0.13157894736842105,0,0,0,0,0
10086,0,1,0,0.0,0.0,0.0,0.07894736842105263,0,1,0,1,0
10087,1,1,0,0.0,0.0,0.0,0.0,0,1,0,1,0
10088,0,0,0,0.0,0.0,0.0,0.02631578947368421,0,0,0,0,0
10091,1,0,0,0.05,0.0,0.0,0.13157894736842105,0,1,1,1,0
10092,1,0,0,0.0,0.0,0.0,0.13157894736842105,0,1,0,1,0
10094,1,1,1,0.0,0.0,0.0,0.0,1,0,0,0,0
10095,1,0,0,0.0,0.0,0.0,0.05263157894736842,0,0,0,0,0
10096,0,0,1,0.0,0.0,0.0,0.0,0,0,0,0,0
10097,1,0,0,0.0,0.0,0.0,0.07894736842105263,0,1,0,1,0
10105,1,1,0,0.0,0.0,0.0,0.21052631578947367,1,0,0,0,1
10107,0,0,0,0.0,0.0,0.0,0.02631578947368421,0,0,0,0,0
10110,0,0,0,0.0,0.0,0.0,0.18421052631578946,0,1,0,1,0
10111,1,0,0,0.0,0.0,0.0,0.0,0,0,0,0,0
10112,1,0,0,0.0,0.0,0.0,0.05263157894736842,1,1,0,1,0
10115,1,0,0,0.0,0.0,0.0,0.13157894736842105,0,0,0,0,0
10118,1,0,0,0.0,0.0,0.0,0.0,1,0,0,0,0
10119,1,0,1,0.0,0.0,0.0,0.05263157894736842,0,1,0,1,1
10120,0,0,0,0.0,0.0,0.0,0.05263157894736842,1,1,0,1,0
10121,1,0,0,0.0,0.0,0.0,0.18421052631578946,0,1,0,1,1
10123,1,1,0,0.0,0.0,0.0,0.47368421052631576,1,1,0,1,0
10124,0,1,0,0.0,0.0,0.0,0.05263157894736842,1,0,0,0,0
10125,1,0,0,0.0,0.0,0.0,0.13157894736842105,0,1,1,1,0
10126,0,1,1,0.0,0.0,0.0,0.0,1,1,0,1,0
10127,1,1,0,0.0,0.0,0.0,0.13157894736842105,1,1,1,0,1
10129,1,0,0,0.0,0.0,0.0,0.13157894736842105,0,1,0,1,1
10130,0,0,0,0.0,0.0,0.0,0.02631578947368421,0,0,0,0,0
10131,1,0,1,0.0,0.0,0.0,0.02631578947368421,0,0,0,0,1
10132,1,1,0,0.0,0.0,0.0,0.05263157894736842,1,1,0,1,0
10133,1,1,0,0.0,0.0,0.0,0.0,1,0,0,0,0
10134,1,0,0,0.0,0.0,0.0,0.15789473684210525,1,1,0,1,1
10136,1,0,0,0.0,0.0,0.0,0.05263157894736842,0,1,0,1,0
10137,1,0,0,0.0,0.0,0.0,0.0,0,0,0,0,1
10138,1,0,0,0.0,0.0,0.0,0.02631578947368421,1,0,0,0,0
10139,0,0,0,0.0,0.0,0.0,0.02631578947368421,0,1,0,1,0
10141,1,0,0,0.0,0.0,0.0,0.15789473684210525,0,1,0,1,0
10142,1,0,0,0.0,0.0,0.0,0.05263157894736842,0,0,0,0,1
10143,1,0,0,0.0,0.0,0.0,0.3421052631578947,1,1,0,0,1
10145,0,0,0,0.0,0.0,0.0,0.0,1,0,0,0,0
10148,1,0,0,0.0,0.0,0.0,0.2894736842105263,1,1,0,1,1
10150,1,0,0,0.0,0.0,0.0,0.07894736842105263,1,1,0,1,0
10151,0,0,0,0.0,0.0,0.0,0.02631578947368421,0,0,0,0,0
10157,0,0,0,0.0,0.07692307692307693,0.0,0.2631578947368421,0,1,0,1,1
10158,1,0,1,0.0,0.0,0.11764705882352941,0.0,0,1,0,1,1
10159,1,1,0,0.0,0.0,0.0,0.0,0,0,0,0,0
10161,0,1,0,0.0,0.0,0.0,0.0,0,0,0,0,0
10163,1,0,1,0.0,0.0,0.0,0.10526315789473684,1,0,0,0,0
10165,1,0,0,0.0,0.0,0.0,0.13157894736842105,0,1,0,1,0
10166,0,1,0,0.0,0.0,0.0,0.02631578947368421,0,0,0,0,0
10167,1,0,1,0.0,0.0,0.0,0.05263157894736842,0,1,0,1,0
10168,1,1,0,0.0,0.0,0.0,0.02631578947368421,1,0,0,0,0
10169,1,1,0,0.0,0.0,0.0,0.0,1,1,0,1,1
10171,1,0,0,0.0,0.0,0.0,0.15789473684210525,0,1,0,1,0
10173,1,0,0,0.0,0.0,0.058823529411764705,0.21052631578947367,1,1,1,1,1
10174,1,1,0,0.0,0.0,0.0,0.0,0,1,0,1,1
10176,1,0,0,0.0,0.0,0.1764705882352941,0.3157894736842105,0,1,1,1,0
10178,1,1,0,0.0,0.0,0.0,0.0,0,0,0,0,0
10179,1,0,0,0.0,0.0,0.0,0.05263157894736842,1,0,0,0,0
10180,0,1,0,0.0,0.0,0.0,0.02631578947368421,1,0,0,0,0
10181,1,0,0,0.0,0.0,0.0,0.0,0,0,0,0,1
10183,1,0,0,0.0,0.0,0.0,0.02631578947368421,1,0,0,0,1
10184,1,0,0,0.0,0.0,0.0,0.02631578947368421,1,0,0,0,1
10185,1,0,0,0.0,0.0,0.0,0.0,1,0,0,0,0
10188,1,1,0,0.0,0.0,0.0,0.07894736842105263,1,1,0,1,0
10189,1,0,0,0.05,0.0,0.0,0.21052631578947367,0,1,1,1,1
10193,1,0,1,0.0,0.0,0.0,0.02631578947368421,1,0,0,0,0
10194,1,0,1,0.05,0.0,0.0,0.13157894736842105,0,1,1,1,1
10195,1,0,0,0.0,0.0,0.0,0.0,1,0,0,0,0
10196,1,1,0,0.0,0.0,0.0,0.10526315789473684,0,0,0,0,1
10197,0,0,0,0.0,0.0,0.0,0.6578947368421052,0,1,0,1,1
10198,1,0,0,0.0,0.0,0.0,0.05263157894736842,0,0,0,0,0
10201,1,0,0,0.0,0.0,0.0,0.0,0,1,1,1,0
10202,0,0,0,0.0,0.0,0.0,0.02631578947368421,1,1,1,1,1
10205,1,0,0,0.05,0.0,0.0,0.05263157894736842,1,1,0,1,1
10207,1,0,0,0.0,0.0,0.0,0.23684210526315788,0,0,0,0,0
10208,1,1,0,0.0,0.0,0.0,0.10526315789473684,1,0,0,0,0
10209,1,1,0,0.0,0.0,0.0,0.21052631578947367,0,0,0,0,0
10210,1,0,0,0.0,0.0,0.0,0.0,1,0,0,0,1
10211,0,0,1,0.0,0.0,0.0,0.0,1,0,0,0,0
10212,1,0,0,0.0,0.0,0.0,0.07894736842105263,0,0,0,0,0
10214,1,0,1,0.05,0.07692307692307693,0.11764705882352941,0.10526315789473684,0,0,0,0,1
10216,0,0,0,0.0,0.0,0.0,0.0,1,0,0,0,1
10217,1,0,0,0.0,0.0,0.0,0.23684210526315788,0,1,0,1,1
10218,1,0,1,0.0,0.0,0.0,0.0,1,1,0,1,0
10219,0,1,1,0.0,0.0,0.0,0.0,0,1,0,1,1
10220,1,0,1,0.0,0.0,0.0,0.02631578947368421,0,0,0,0,0
10223,1,0,0,0.0,0.0,0.0,0.0,1,0,0,0,1
10224,1,0,0,0.0,0.0,0.0,0.0,0,0,0,0,0
10225,1,0,0,0.0,0.0,0.0,0.0,0,0,0,0,0
10226,1,0,0,0.0,0.0,0.058823529411764705,0.23684210526315788,0,1,0,1,1
10228,1,1,0,0.0,0.0,0.0,0.07894736842105263,0,0,0,0,0
10229,1,0,0,0.0,0.0,0.0,0.05263157894736842,0,0,0,0,0
10230,1,1,0,0.0,0.0,0.0,0.0,1,0,0,0,0
10232,1,0,0,0.0,0.0,0.0,0.05263157894736842,1,1,0,1,0
10233,1,0,1,0.0,0.0,0.058823529411764705,0.02631578947368421,0,0,0,0,0
10234,1,0,0,0.0,0.0,0.0,0.07894736842105263,0,1,0,1,0
10235,1,0,1,0.0,0.0,0.0,0.02631578947368421,0,0,0,0,1
10237,1,1,1,0.0,0.0,0.0,0.0,0,1,0,1,1
10239,1,0,0,0.0,0.0,0.0,0.0,0,0,0,0,0
10241,1,0,0,0.0,0.0,0.058823529411764705,0.2631578947368421,0,1,0,1,0
10242,1,1,0,0.0,0.0,0.0,0.07894736842105263,1,0,0,0,1
10243,0,0,0,0.0,0.0,0.0,0.0,1,0,0,0,0
10244,1,0,0,0.0,0.0,0.0,0.13157894736842105,1,1,0,1,0
10250,1,0,0,0.0,0.0,0.0,0.18421052631578946,0,1,0,0,1
10251,1,1,0,0.0,0.0,0.0,0.0,0,0,0,0,0
10252,1,0,1,0.0,0.0,0.0,0.0,1,0,0,0,0
10253,1,0,0,0.0,0.0,0.0,0.02631578947368421,0,0,0,0,0
10254,1,0,0,0.05,0.15384615384615385,0.0,0.2894736842105263,0,0,0,0,1
10256,1,1,0,0.0,0.0,0.0,0.10526315789473684,0,0,0,0,0
10257,0,0,0,0.0,0.0,0.0,0.0,0,0,0,0,0
10258,1,1,0,0.0,0.0,0.0,0.07894736842105263,0,1,1,1,0
10259,1,1,0,0.0,0.0,0.0,0.0,1,0,0,0,0
10260,1,1,0,0.0,0.0,0.0,0.2894736842105263,0,1,0,1,1
10261,1,0,0,0.0,0.0,0.0,0.05263157894736842,0,0,0,0,0
10262,1,0,0,0.0,0.0,0.0,0.0,1,0,0,0,0
10267,0,0,0,0.0,0.0,0.0,0.10526315789473684,0,0,0,0,1
10269,1,1,0,0.0,0.0,0.0,0.0,0,0,0,0,0
10270,0,0,0,0.0,0.0,0.0,0.0,1,1,1,1,0
10271,1,0,0,0.0,0.0,0.0,0.05263157894736842,1,0,0,0,0
10272,1,0,1,0.0,0.0,0.0,0.0,1,0,0,0,0
10273,1,0,0,0.0,0.0,0.0,0.05263157894736842,0,1,0,0,0
10274,1,0,0,0.0,0.0,0.0,0.0,1,1,1,1,1
10276,1,0,0,0.0,0.0,0.0,0.05263157894736842,0,1,0,1,0
10277,1,0,0,0.0,0.07692307692307693,0.0,0.3684210526315789,0,1,0,0,1
10279,0,0,0,0.0,0.0,0.0,0.02631578947368421,1,0,0,0,0
10280,1,0,0,0.0,0.0,0.0,0.05263157894736842,0,1,0,1,1
10281,0,1,0,0.0,0.0,0.0,0.0,1,0,0,0,0
10283,1,0,0,0.0,0.0,0.0,0.15789473684210525,0,1,0,1,0
10288,1,0,0,0.0,0.0,0.0,0.07894736842105263,1,0,0,0,0
10289,1,1,0,0.0,0.0,0.0,0.0,0,1,1,1,1
10290,1,0,0,0.0,0.0,0.058823529411764705,0.13157894736842105,0,1,0,1,1
10292,1,0,1,0.0,0.0,0.0,0.0,0,0,0,0,1
10293,1,1,1,0.0,0.0,0.0,0.02631578947368421,0,0,0,0,0
10295,1,0,0,0.0,0.0,0.0,0.02631578947368421,0,0,0,0,0
10296,1,0,0,0.0,0.0,0.0,0.02631578947368421,0,0,0,0,0
10298,1,0,0,0.0,0.0,0.0,0.07894736842105263,1,1,1,1,0
10299,1,0,0,0.0,0.0,0.0,0.02631578947368421,1,0,0,0,0
10300,1,1,0,0.0,0.0,0.0,0.0,1,0,0,0,0
10301,1,0,1,0.0,0.0,0.0,0.02631578947368421,0,1,0,1,0
10302,1,0,0,0.0,0.0,0.0,0.3684210526315789,1,1,0,0,0
10303,1,0,1,0.0,0.0,0.0,0.0,0,1,0,1,1
10305,1,0,1,0.0,0.0,0.0,0.0,0,1,0,1,0
10306,1,1,0,0.0,0.0,0.0,0.05263157894736842,0,1,0,1,0
10307,1,0,0,0.1,0.0,0.0,0.15789473684210525,0,0,0,0,0
10309,1,0,0,0.0,0.0,0.0,0.18421052631578946,0,1,0,1,0
10312,0,0,0,0.0,0.0,0.0,0.07894736842105263,1,1,0,1,0
10313,1,0,0,0.05,0.0,0.11764705882352941,0.10526315789473684,0,0,0,0,1
10314,0,1,0,0.0,0.0,0.0,0.18421052631578946,0,1,0,1,0
10315,1,0,0,0.0,0.0,0.0,0.0,0,1,0,1,0
10316,1,0,0,0.0,0.0,0.0,0.0,1,0,0,0,0
10317,1,0,0,0.0,0.0,0.0,0.0,1,0,0,0,0
10319,1,0,0,0.0,0.0,0.0,0.07894736842105263,0,1,0,1,0
10323,1,0,0,0.1,0.07692307692307693,0.0,0.21052631578947367,1,1,0,1,1
10324,0,0,1,0.0,0.0,0.0,0.02631578947368421,1,1,0,1,0
10326,1,0,0,0.0,0.0,0.0,0.3421052631578947,0,1,0,1,1
10327,1,1,1,0.0,0.0,0.0,0.0,1,0,0,0,0
10328,1,0,0,0.0,0.0,0.0,0.02631578947368421,0,0,0,0,0
10329,1,0,0,0.0,0.0,0.0,0.0,1,0,0,0,0
10330,1,1,0,0.0,0.0,0.0,0.0,1,0,0,0,0
10332,1,0,0,0.0,0.0,0.0,0.0,1,0,0,0,0
10333,1,0,0,0.0,0.0,0.0,0.02631578947368421,0,0,0,0,0
10334,1,0,1,0.0,0.0,0.0,0.0,0,1,0,1,0
10335,0,0,0,0.0,0.0,0.0,0.02631578947368421,0,0,0,0,0
10336,1,0,0,0.05,0.0,0.0,0.07894736842105263,1,1,1,1,1
10337,1,0,0,0.0,0.0,0.0,0.0,1,0,0,0,0
10338,0,1,0,0.0,0.0,0.058823529411764705,0.0,0,1,0,1,0
10339,1,0,1,0.0,0.0,0.0,0.02631578947368421,1,1,1,1,1
10343,0,0,0,0.0,0.0,0.0,0.0,0,0,0,0,0
10344,1,0,0,0.0,0.0,0.0,0.0,0,0,0,0,0
10345,1,0,0,0.0,0.0,0.0,0.10526315789473684,0,0,0,0,0
10346,1,0,0,0.0,0.0,0.0,0.23684210526315788,1,1,1,1,1
10348,1,0,1,0.0,0.0,0.0,0.02631578947368421,1,0,0,0,0
10349,1,0,0,0.0,0.0,0.0,0.02631578947368421,0,1,1,1,0
10351,0,0,0,0.0,0.0,0.0,0.0,1,1,0,1,0
10354,0,0,1,0.0,0.0,0.0,0.0,1,0,0,0,0
10355,1,0,0,0.0,0.0,0.0,0.13157894736842105,0,0,0,0,0
10356,1,0,0,0.0,0.0,0.0,0.07894736842105263,0,1,1,1,1
10357,1,1,0,0.0,0.0,0.0,0.02631578947368421,0,0,0,0,0
10359,1,0,0,0.0,0.0,0.0,0.05263157894736842,1,1,1,0,0
10360,1,1,0,0.0,0.0,0.0,0.0,0,0,0,0,0
10361,0,1,0,0.0,0.0,0.0,0.02631578947368421,0,0,0,0,1
10363,1,0,1,0.05,0.0,0.0,0.07894736842105263,0,1,0,1,1
10364,1,0,1,0.0,0.0,0.0,0.02631578947368421,0,1,0,1,1
10367,1,0,0,0.0,0.0,0.0,0.10526315789473684,0,1,1,1,0
10369,1,0,0,0.0,0.0,0.0,0.02631578947368421,0,0,0,0,0
10370,0,1,0,0.0,0.0,0.0,0.0,0,0,0,0,0
10371,1,0,0,0.0,0.0,0.0,0.07894736842105263,0,0,0,0,0
10372,1,1,0,0.0,0.0,0.0,0.0,1,1,0,1,0
10375,1,0,1,0.0,0.0,0.0,0.0,1,1,0,1,0
10376,0,1,0,0.0,0.0,0.0,0.0,1,0,0,0,0
10377,1,1,0,0.0,0.0,0.0,0.0,0,0,0,0,0
10378,1,1,1,0.0,0.0,0.058823529411764705,0.0,1,1,0,1,0
10379,1,0,0,0.0,0.0,0.0,0.18421052631578946,1,1,0,1,1
10380,0,0,0,0.0,0.0,0.0,0.0,1,0,0,0,0
10381,0,0,1,0.0,0.0,0.0,0.02631578947368421,0,1,1,1,0
10383,1,0,0,0.0,0.0,0.0,0.2631578947368421,0,1,0,1,1
10386,1,1,1,0.0,0.0,0.0,0.02631578947368421,1,0,0,0,1
10387,0,0,0,0.0,0.0,0.0,0.07894736842105263,0,1,0,1,0
10388,1,0,0,0.0,0.07692307692307693,0.0,0.07894736842105263,1,1,0,1,0
10389,1,1,0,0.0,0.0,0.0,0.18421052631578946,1,0,0,0,0
10390,1,1,0,0.0,0.0,0.0,0.07894736842105263,0,1,0,1,0
10393,0,0,0,0.15000000000000002,0.0,0.0,0.4473684210526315,0,1,0,1,1
10394,1,0,0,0.0,0.0,0.0,0.0,1,0,0,0,0
10399,1,1,0,0.0,0.0,0.0,0.02631578947368421,0,0,0,0,0
10400,1,1,1,0.0,0.0,0.4117647058823529,0.07894736842105263,1,0,0,0,1
10401,0,1,0,0.0,0.0,0.0,0.0,1,0,0,0,0
10402,1,1,0,0.0,0.0,0.0,0.05263157894736842,1,0,0,0,0
10403,0,1,0,0.0,0.0,0.0,0.13157894736842105,0,1,1,1,0
10404,1,0,0,0.0,0.0,0.0,0.0,1,0,0,0,0
10406,1,0,0,0.0,0.0,0.0,0.05263157894736842,0,0,0,0,1
10407,1,0,0,0.0,0.0,0.0,1.0,0,1,1,1,1
10408,1,0,0,0.0,0.0,0.0,0.0,1,0,0,0,0
10410,0,1,0,0.0,0.0,0.0,0.39473684210526316,0,0,0,0,0
10411,1,0,0,0.0,0.0,0.0,0.42105263157894735,1,0,0,0,1
10412,1,1,0,0.0,0.0,0.0,0.0,0,0,0,0,0
10413,1,0,0,0.0,0.0,0.0,0.02631578947368421,1,0,0,0,0
10415,1,0,0,0.0,0.0,0.0,0.02631578947368421,0,0,0,0,0
10416,1,0,1,0.0,0.0,0.0,0.02631578947368421,1,0,0,0,1
10417,1,1,0,0.0,0.0,0.0,0.0,0,0,0,0,0
10419,1,0,0,0.0,0.0,0.0,0.15789473684210525,1,1,1,1,0
10420,1,1,0,0.0,0.0,0.0,0.10526315789473684,0,1,1,1,0
10422,1,1,0,0.0,0.0,0.058823529411764705,0.05263157894736842,0,1,0,1,0
10423,1,1,0,0.0,0.0,0.0,0.05263157894736842,0,1,0,1,0
10424,1,0,0,0.0,0.0,0.0,0.05263157894736842,0,0,0,0,0
10425,0,0,0,0.0,0.0,0.0,0.15789473684210525,1,1,0,1,0
10426,1,1,0,0.0,0.0,0.0,0.02631578947368421,0,0,0,0,0
10427,1,1,0,0.0,0.0,0.0,0.02631578947368421,0,0,0,0,0
10428,1,1,0,0.0,0.0,0.0,0.21052631578947367,1,0,0,0,0
10429,1,0,0,0.0,0.0,0.0,0.05263157894736842,1,1,1,1,0
10430,1,0,0,0.0,0.0,0.0,0.4473684210526315,0,1,0,1,0
10431,1,1,0,0.0,0.0,0.0,0.07894736842105263,1,0,0,0,0
10432,1,0,0,0.0,0.0,0.0,0.15789473684210525,0,0,0,0,0
10434,1,1,0,0.0,0.0,0.0,0.05263157894736842,1,0,0,0,0
10436,0,0,1,0.0,0.0,0.0,0.0,0,0,0,0,1
10437,1,1,0,0.0,0.0,0.058823529411764705,0.05263157894736842,1,1,1,1,0
10439,1,0,1,0.0,0.0,0.0,0.0,0,0,0,0,0
10440,1,1,0,0.0,0.0,0.0,0.0,0,0,0,0,0
10443,0,0,0,0.0,0.0,0.0,0.0,1,0,0,0,0
10444,1,0,0,0.1,0.0,0.0,0.21052631578947367,0,1,1,0,0
10445,1,0,0,0.0,0.0,0.0,0.02631578947368421,1,1,0,1,0
10446,1,0,1,0.0,0.0,0.0,0.0,0,0,0,0,0
10447,1,1,0,0.0,0.0,0.0,0.02631578947368421,0,0,0,0,0
10448,1,0,0,0.0,0.0,0.0,0.2894736842105263,1,1,0,1,0
10449,0,0,0,0.0,0.0,0.0,0.07894736842105263,1,0,0,0,0
10450,1,1,0,0.0,0.0,0.0,0.02631578947368421,1,1,0,1,0
10451,0,0,0,0.0,0.0,0.0,0.13157894736842105,0,1,0,1,0
10452,0,0,0,0.0,0.0,0.0,0.0,0,0,0,0,0
10454,1,0,0,0.0,0.0,0.0,0.3157894736842105,0,1,0,1,0
10455,0,0,0,0.0,0.0,0.0,0.0,0,0,0,0,0
10456,1,0,0,0.05,0.15384615384615385,0.0,0.13157894736842105,0,1,0,1,1
10457,1,0,0,0.0,0.0,0.0,0.23684210526315788,0,1,0,1,1
10461,1,0,0,0.0,0.0,0.0,0.0,1,1,1,0,0
10462,0,1,0,0.0,0.0,0.0,0.0,0,0,0,0,0
10463,1,0,1,0.0,0.15384615384615385,0.058823529411764705,0.07894736842105263,1,1,1,1,1
10464,1,1,0,0.0,0.0,0.0,0.07894736842105263,1,0,0,0,0
10467,1,1,0,0.0,0.0,0.0,0.05263157894736842,1,0,0,0,0
10468,0,0,0,0.0,0.0,0.0,0.13157894736842105,0,1,0,1,1
10469,1,0,0,0.0,0.0,0.0,0.0,1,0,0,0,0
10471,1,0,0,0.0,0.0,0.0,0.6052631578947368,0,1,0,1,0
10476,1,1,0,0.0,0.0,0.0,0.02631578947368421,0,0,0,0,0
10477,1,0,0,0.0,0.0,0.0,0.0,1,1,0,1,0
10479,1,0,0,0.0,0.0,0.0,0.13157894736842105,0,0,0,0,0
10480,1,0,0,0.0,0.0,0.0,0.4473684210526315,0,1,0,1,1
10482,1,0,0,0.0,0.0,0.0,0.02631578947368421,0,1,1,1,0
10483,1,0,1,0.0,0.0,0.0,0.0,1,0,0,0,0
10484,1,1,0,0.0,0.0,0.0,0.05263157894736842,1,0,0,0,0
10486,1,1,0,0.0,0.0,0.0,0.0,1,0,0,0,0
10487,1,1,0,0.0,0.0,0.0,0.3157894736842105,0,1,0,1,0
10489,0,1,1,0.0,0.0,0.0,0.02631578947368421,1,0,0,0,1
10490,1,1,0,0.0,0.0,0.0,0.0,0,1,0,1,0
10491,1,1,0,0.0,0.0,0.0,0.02631578947368421,1,0,0,0,0
10492,0,0,0,0.0,0.07692307692307693,0.11764705882352941,0.3684210526315789,0,0,0,0,0
10493,1,0,0,0.0,0.0,0.0,0.0,1,0,0,0,0
10494,0,0,1,0.0,0.0,0.0,0.05263157894736842,1,1,0,1,1
10497,1,0,1,0.0,0.0,0.0,0.02631578947368421,0,1,0,1,0
10498,0,1,0,0.0,0.0,0.0,0.02631578947368421,0,0,0,0,0
10499,0,1,0,0.0,0.0,0.0,0.13157894736842105,0,1,0,1,1
10500,1,0,0,0.0,0.23076923076923078,0.23529411764705882,0.39473684210526316,0,1,0,1,0
10502,1,1,0,0.0,0.0,0.0,0.0,0,0,0,0,0
10505,1,0,1,0.0,0.0,0.0,0.0,0,0,0,0,1
10506,1,0,0,0.0,0.15384615384615385,0.0,0.4473684210526315,0,1,1,1,1
10507,1,1,0,0.0,0.0,0.0,0.02631578947368421,0,0,0,0,0
10509,1,0,0,0.0,0.07692307692307693,0.0,0.07894736842105263,0,0,0,0,1
10510,1,1,0,0.0,0.0,0.0,0.02631578947368421,0,0,0,0,0
10511,1,0,0,0.0,0.0,0.0,0.21052631578947367,1,1,1,1,1
10512,1,0,0,0.0,0.0,0.0,0.39473684210526316,0,1,0,1,1
10513,0,1,0,0.0,0.0,0.0,0.0,0,0,0,0,0
10514,1,1,1,0.0,0.0,0.0,0.0,0,0,0,0,1
10518,1,0,0,0.0,0.0,0.058823529411764705,0.13157894736842105,1,1,0,1,0
10519,1,0,0,0.0,0.0,0.0,0.05263157894736842,1,1,1,1,1
10520,0,0,1,0.0,0.0,0.0,0.0,0,1,1,1,0
10522,0,1,0,0.0,0.0,0.0,0.0,1,0,0,0,0
10523,1,0,0,0.0,0.0,0.0,0.10526315789473684,0,1,1,1,0
10524,0,0,0,0.0,0.0,0.0,0.05263157894736842,0,0,0,0,0
10525,1,0,0,0.0,0.0,0.0,0.07894736842105263,0,1,1,1,0
10526,1,1,0,0.0,0.0,0.0,0.13157894736842105,0,0,0,0,0
10528,1,0,0,0.0,0.0,0.0,0.02631578947368421,1,0,0,0,0
10530,0,0,0,0.0,0.0,0.0,0.02631578947368421,0,0,0,0,0
10531,1,1,0,0.0,0.0,0.0,0.21052631578947367,0,1,0,1,1
10532,1,0,0,0.0,0.0,0.0,0.10526315789473684,1,1,1,1,0
10533,0,0,0,0.0,0.0,0.0,0.21052631578947367,0,1,0,1,1
10535,0,0,0,0.0,0.0,0.0,0.3157894736842105,1,1,0,1,0
10536,1,0,0,0.0,0.0,0.0,0.21052631578947367,0,1,0,1,1
10538,1,0,1,0.0,0.0,0.0,0.02631578947368421,1,0,0,0,0
10539,1,1,0,0.0,0.0,0.0,0.21052631578947367,1,1,0,1,0
10540,0,1,0,0.0,0.0,0.0,0.02631578947368421,1,1,1,1,0
10541,1,1,1,0.0,0.0,0.0,0.02631578947368421,0,1,0,1,0
10542,1,1,0,0.0,0.0,0.0,0.10526315789473684,0,1,0,1,1
10543,1,1,0,0.0,0.0,0.0,0.05263157894736842,1,1,0,1,0
10544,1,1,0,0.0,0.0,0.0,0.0,1,0,0,0,0
10545,1,0,0,0.0,0.0,0.0,0.2631578947368421,0,0,0,0,1
10546,0,1,0,0.0,0.0,0.0,0.02631578947368421,1,0,0,0,0
10547,1,0,0,0.0,0.0,0.0,0.07894736842105263,1,1,0,1,0
10548,1,1,0,0.0,0.0,0.0,0.02631578947368421,0,0,0,0,0
10549,1,0,0,0.0,0.0,0.0,0.0,0,0,0,0,0
10550,1,1,0,0.0,0.0,0.0,0.0,1,0,0,0,0
10552,0,1,0,0.0,0.0,0.0,0.0,1,0,0,0,0
10553,1,0,0,0.0,0.0,0.0,0.3421052631578947,0,1,0,1,1
10554,1,0,1,0.0,0.0,0.0,0.0,0,1,0,1,1
10555,1,0,0,0.0,0.0,0.0,0.05263157894736842,0,1,0,1,0
10556,0,0,0,0.0,0.07692307692307693,0.0,0.02631578947368421,0,0,0,0,0
10557,1,0,0,0.0,0.0,0.0,0.13157894736842105,1,0,0,0,0
10558,1,0,0,0.0,0.0,0.0,0.2894736842105263,0,1,0,1,0
10559,1,0,0,0.0,0.0,0.0,0.10526315789473684,1,0,0,0,0
10560,1,1,0,0.0,0.0,0.0,0.02631578947368421,0,1,1,1,0
10561,1,0,1,0.0,0.23076923076923078,0.0,0.3157894736842105,1,0,0,0,1
10563,1,0,0,0.0,0.0,0.0,0.2894736842105263,0,0,0,0,0
10567,0,1,0,0.0,0.0,0.0,0.07894736842105263,0,0,0,0,0
10568,1,1,0,0.0,0.0,0.0,0.2894736842105263,0,0,0,0,0
10570,1,1,0,0.0,0.0,0.0,0.0,0,0,0,0,0
10571,1,1,1,0.0,0.15384615384615385,0.058823529411764705,0.07894736842105263,0,1,0,1,1
10572,1,0,0,0.0,0.0,0.0,0.5263157894736842,0,1,0,1,1
10573,1,0,1,0.1,0.0,0.0,0.07894736842105263,0,0,0,0,0
10575,1,1,0,0.0,0.0,0.0,0.15789473684210525,0,0,0,0,0
10577,1,1,0,0.0,0.0,0.0,0.0,1,1,0,1,0
10579,1,0,0,0.0,0.0,0.0,0.21052631578947367,1,1,0,1,0
10580,0,1,1,0.0,0.0,0.058823529411764705,0.02631578947368421,1,0,0,0,1
10581,1,0,1,0.0,0.07692307692307693,0.0,0.02631578947368421,1,1,0,1,0
10582,1,0,1,0.05,0.0,0.058823529411764705,0.02631578947368421,0,1,0,1,0
10584,1,1,0,0.0,0.0,0.0,0.05263157894736842,0,1,0,1,0
10585,0,0,0,0.0,0.0,0.0,0.02631578947368421,0,0,0,0,0
10586,1,0,0,0.0,0.0,0.0,0.07894736842105263,1,1,0,1,0
10588,1,0,0,0.0,0.0,0.0,0.02631578947368421,0,0,0,0,0
10589,1,0,1,0.0,0.0,0.0,0.13157894736842105,1,1,0,1,0
10590,1,0,0,0.0,0.0,0.0,0.02631578947368421,0,1,1,1,0
10591,1,1,0,0.0,0.0,0.0,0.10526315789473684,0,1,0,1,0
10594,0,0,0,0.0,0.0,0.0,0.02631578947368421,0,0,0,0,0
10595,1,1,0,0.0,0.0,0.0,0.0,1,0,0,0,0
10596,1,0,1,0.0,0.0,0.058823529411764705,0.07894736842105263,0,0,0,0,0
10599,0,0,0,0.0,0.0,0.0,0.0,1,1,0,1,0
10604,0,1,1,0.0,0.0,0.0,0.05263157894736842,0,1,1,1,0
10606,1,1,0,0.0,0.0,0.0,0.0,1,0,0,0,1
10607,0,1,1,0.0,0.0,0.0,0.0,1,1,0,1,0
10608,1,1,0,0.0,0.0,0.0,0.0,1,1,0,1,0
10611,1,1,0,0.0,0.0,0.0,0.02631578947368421,0,1,0,1,0
10614,1,0,0,0.0,0.0,0.0,0.13157894736842105,1,1,0,1,1
10617,1,1,0,0.0,0.0,0.0,0.10526315789473684,1,1,0,1,0
10618,1,0,0,0.0,0.0,0.0,0.10526315789473684,0,1,0,1,0
10619,1,0,1,0.0,0.0,0.0,0.0,1,1,1,1,1
10621,1,0,1,0.0,0.0,0.0,0.15789473684210525,0,1,0,1,1
10622,0,0,0,0.0,0.0,0.0,0.15789473684210525,0,0,0,0,0
10623,1,0,0,0.0,0.0,0.0,0.5263157894736842,0,1,0,1,0
10624,1,0,0,0.0,0.0,0.0,0.0,1,1,0,1,0
10625,1,0,1,0.0,0.0,0.0,0.0,0,0,0,0,0
10626,1,1,0,0.0,0.0,0.0,0.0,0,0,0,0,0
10627,1,1,0,0.0,0.0,0.0,0.05263157894736842,0,0,0,0,0
10628,1,0,0,0.0,0.0,0.0,0.02631578947368421,1,1,0,1,0
10629,0,1,0,0.0,0.0,0.0,0.07894736842105263,0,1,1,1,0
10631,1,1,0,0.0,0.0,0.0,0.18421052631578946,0,0,0,0,0
10636,1,1,1,0.0,0.0,0.0,0.0,1,0,0,0,1
10637,1,1,0,0.0,0.0,0.0,0.15789473684210525,1,1,1,1,0
10641,1,0,1,0.0,0.0,0.0,0.07894736842105263,0,1,0,1,0
10643,1,0,1,0.0,0.0,0.0,0.0,1,0,0,0,1
10645,1,0,0,0.0,0.0,0.0,0.0,0,0,0,0,1
10646,1,0,0,0.0,0.0,0.0,0.15789473684210525,0,1,0,1,1
10647,0,1,0,0.0,0.0,0.0,0.07894736842105263,0,1,0,0,0
10648,1,0,0,0.0,0.0,0.0,0.10526315789473684,0,1,1,1,0
10649,1,0,1,0.0,0.0,0.0,0.02631578947368421,1,0,0,0,0
10651,1,1,1,0.0,0.0,0.0,0.0,1,0,0,0,0
10652,1,0,0,0.0,0.0,0.0,0.07894736842105263,1,1,0,1,0
10653,1,0,0,0.0,0.0,0.0,0.0,1,0,0,0,0
10655,0,0,0,0.0,0.0,0.0,0.0,0,0,0,0,0
10656,1,0,1,0.0,0.0,0.058823529411764705,0.0,0,0,0,0,0
10657,1,1,0,0.0,0.0,0.0,0.02631578947368421,1,0,0,0,0
10659,1,0,0,0.0,0.07692307692307693,0.058823529411764705,0.47368421052631576,0,1,0,1,1
10660,1,0,1,0.0,0.0,0.0,0.0,1,1,1,1,0
10664,1,0,1,0.0,0.0,0.058823529411764705,0.2631578947368421,0,1,0,1,1
10665,1,0,0,0.0,0.0,0.0,0.3421052631578947,0,1,0,1,0
10666,1,0,0,0.0,0.0,0.0,0.05263157894736842,0,1,0,1,1
10667,0,0,0,0.0,0.0,0.0,0.0,0,0,0,0,0
10669,1,1,0,0.0,0.0,0.0,0.0,1,1,0,1,0
10670,0,0,0,0.0,0.0,0.0,0.0,0,0,0,0,0
10671,1,0,0,0.0,0.0,0.0,0.10526315789473684,0,1,0,1,0
10672,0,0,0,0.0,0.0,0.0,0.10526315789473684,1,0,0,0,0
10673,0,0,0,0.0,0.07692307692307693,0.0,0.18421052631578946,0,1,0,1,1
10674,1,0,0,0.1,0.07692307692307693,0.0,0.23684210526315788,0,0,0,0,1
10675,1,1,0,0.0,0.0,0.0,0.05263157894736842,0,1,1,1,0
10676,1,0,1,0.0,0.0,0.0,0.0,0,0,0,0,0
10677,1,0,0,0.0,0.0,0.0,0.2631578947368421,0,1,0,1,1
10678,1,0,0,0.0,0.0,0.058823529411764705,0.2894736842105263,0,1,0,1,0
10680,1,0,1,0.0,0.0,0.0,0.02631578947368421,0,1,0,1,0
10682,0,0,0,0.0,0.0,0.0,0.05263157894736842,0,0,0,0,0
10685,0,0,0,0.0,0.0,0.0,0.02631578947368421,0,0,0,0,0
10686,1,1,0,0.0,0.0,0.0,0.0,0,0,0,0,0
10689,1,0,0,0.0,0.0,0.0,0.02631578947368421,0,0,0,0,0
10690,1,0,1,0.0,0.0,0.0,0.0,0,0,0,0,0
10692,1,0,0,0.1,0.0,0.0,0.23684210526315788,1,1,0,1,1
10694,1,0,0,0.0,0.0,0.0,0.05263157894736842,1,0,0,0,0
10695,1,1,0,0.0,0.0,0.0,0.23684210526315788,1,1,0,1,1
10697,1,1,0,0.0,0.0,0.0,0.07894736842105263,0,1,0,1,1
10698,1,0,1,0.0,0.0,0.1764705882352941,0.0,0,1,0,1,0
10699,1,0,0,0.0,0.0,0.0,0.7368421052631579,0,1,1,1,1
10700,1,0,0,0.05,0.15384615384615385,0.0,0.3684210526315789,0,1,0,1,1
10703,1,0,0,0.0,0.07692307692307693,0.0,0.6052631578947368,0,0,0,0,1
10706,1,0,0,0.0,0.0,0.0,0.0,1,0,0,0,1
10707,1,1,0,0.0,0.0,0.0,0.10526315789473684,0,1,0,1,1
10708,1,1,0,0.0,0.0,0.0,0.02631578947368421,0,0,0,0,0
10709,1,1,0,0.0,0.0,0.0,0.0,1,0,0,0,0
10712,1,0,1,0.0,0.0,0.058823529411764705,0.07894736842105263,0,1,0,1,0
10713,0,0,1,0.0,0.0,0.0,0.02631578947368421,1,0,0,0,0
10718,1,0,1,0.0,0.0,0.058823529411764705,0.0,0,0,0,0,0
10719,1,0,0,0.0,0.0,0.0,0.05263157894736842,1,0,0,0,0
10720,1,0,1,0.0,0.0,0.0,0.02631578947368421,1,1,1,1,0
10721,1,1,0,0.0,0.0,0.0,0.10526315789473684,1,0,0,0,0
10723,0,1,0,0.0,0.0,0.0,0.18421052631578946,0,1,0,1,0
10728,0,0,0,0.0,0.0,0.058823529411764705,0.13157894736842105,0,1,1,1,1
10729,1,0,0,0.0,0.0,0.0,0.0,0,1,1,1,0
10730,0,0,0,0.0,0.0,0.0,0.02631578947368421,1,0,0,0,0
10733,1,0,0,0.0,0.0,0.0,0.05263157894736842,0,1,0,1,0
10735,1,0,0,0.0,0.0,0.0,0.02631578947368421,0,0,0,0,0
10736,1,0,1,0.0,0.0,0.0,0.2894736842105263,0,1,0,1,0
10737,0,1,0,0.0,0.0,0.0,0.13157894736842105,0,0,0,0,0
10743,1,0,0,0.05,0.0,0.0,0.47368421052631576,0,1,0,1,0
10748,1,1,0,0.0,0.0,0.0,0.02631578947368421,1,0,0,0,0
10749,0,0,0,0.0,0.0,0.0,0.0,0,0,0,0,0
10750,0,1,0,0.0,0.0,0.0,0.0,1,0,0,0,0
10753,1,0,1,0.0,0.0,0.0,0.02631578947368421,0,1,1,1,1
10754,0,0,1,0.0,0.0,0.0,0.0,1,0,0,0,0
10756,1,1,0,0.0,0.0,0.0,0.0,0,0,0,0,0
10757,1,0,1,0.0,0.0,0.0,0.0,1,1,1,1,0
10758,1,0,0,0.0,0.0,0.0,0.10526315789473684,1,0,0,0,0
10760,1,0,1,0.0,0.0,0.0,0.0,0,1,0,1,0
10761,1,0,1,0.0,0.0,0.0,0.10526315789473684,0,1,0,1,0
10762,0,0,0,0.0,0.0,0.0,0.02631578947368421,1,0,0,0,0
10763,1,0,0,0.0,0.0,0.0,0.0,1,0,0,0,0
10764,1,0,1,0.05,0.0,0.0,0.05263157894736842,0,1,1,1,1
10765,1,0,0,0.0,0.0,0.0,0.0,0,0,0,0,0
10766,1,0,0,0.0,0.0,0.0,0.23684210526315788,0,1,0,1,1
10768,1,1,0,0.0,0.0,0.0,0.05263157894736842,1,1,0,1,0
10769,1,1,0,0.0,0.0,0.0,0.02631578947368421,1,0,0,0,0
10770,1,1,0,0.0,0.0,0.0,0.0,0,0,0,0,0
10773,1,1,1,0.0,0.0,0.1764705882352941,0.02631578947368421,0,1,0,1,1
10774,1,0,0,0.0,0.0,0.0,0.18421052631578946,0,1,1,1,0
10778,1,1,0,0.0,0.0,0.0,0.02631578947368421,1,1,1,1,0
10779,1,1,0,0.0,0.0,0.0,0.02631578947368421,0,0,0,0,0
10781,1,0,0,0.0,0.0,0.0,0.02631578947368421,0,1,0,0,0
10783,1,1,0,0.0,0.0,0.0,0.0,1,0,0,0,0
10784,1,1,0,0.0,0.0,0.0,0.0,0,0,0,0,0
10786,0,1,0,0.0,0.0,0.0,0.05263157894736842,1,0,0,0,0
10787,0,0,0,0.0,0.0,0.0,0.23684210526315788,1,1,0,0,1
10788,1,0,1,0.0,0.0,0.0,0.02631578947368421,1,0,0,0,0
10793,0,1,0,0.0,0.0,0.0,0.18421052631578946,0,1,0,1,1
10794,1,0,0,0.0,0.0,0.0,0.39473684210526316,0,1,0,1,0
10795,1,0,0,0.0,0.0,0.0,0.05263157894736842,1,1,0,1,0
10799,0,0,1,0.0,0.0,0.0,0.0,0,1,0,1,0
10801,1,0,1,0.05,0.0,0.058823529411764705,0.02631578947368421,0,1,0,1,0
10803,1,1,0,0.0,0.0,0.0,0.13157894736842105,0,0,0,0,0
10805,1,1,0,0.0,0.0,0.0,0.3421052631578947,0,0,0,0,0
10806,1,0,1,0.0,0.07692307692307693,0.0,0.21052631578947367,0,1,1,1,0
10807,1,1,0,0.0,0.0,0.0,0.07894736842105263,1,1,0,1,1
10808,1,1,0,0.0,0.15384615384615385,0.058823529411764705,0.3421052631578947,0,1,1,1,0
10810,1,0,0,0.0,0.0,0.0,0.02631578947368421,0,0,0,0,0
10811,1,1,0,0.0,0.0,0.0,0.02631578947368421,0,0,0,0,0
10814,1,0,0,0.0,0.0,0.0,0.2631578947368421,0,1,0,1,0
10817,1,0,0,0.0,0.0,0.0,0.0,0,1,0,1,0
10818,0,1,0,0.0,0.0,0.0,0.13157894736842105,0,1,0,1,0
10819,1,0,1,0.0,0.07692307692307693,0.0,0.05263157894736842,0,1,1,1,1
10821,1,0,0,0.05,0.0,0.11764705882352941,0.21052631578947367,0,1,0,1,0
10823,1,0,0,0.0,0.0,0.0,0.0,1,1,0,1,0
10824,0,0,1,0.0,0.0,0.0,0.02631578947368421,0,1,0,1,0
10827,1,1,0,0.0,0.0,0.0,0.0,0,0,0,0,0
10828,1,0,0,0.0,0.0,0.0,0.05263157894736842,1,1,0,1,0
10829,0,0,1,0.0,0.0,0.0,0.02631578947368421,0,0,0,0,0
10831,0,1,0,0.0,0.0,0.0,0.0,1,1,1,1,1
10835,1,0,1,0.0,0.0,0.0,0.05263157894736842,0,0,0,0,0
10836,1,0,0,0.0,0.0,0.0,0.07894736842105263,0,1,0,1,0
10837,1,0,0,0.0,0.0,0.0,0.3684210526315789,1,0,0,0,0
10838,0,0,0,0.0,0.0,0.058823529411764705,0.07894736842105263,0,1,0,1,0
10839,1,0,0,0.1,0.23076923076923078,0.0,0.42105263157894735,1,1,1,1,1
10841,1,0,0,0.0,0.0,0.0,0.0,1,1,0,1,0
10843,1,0,1,0.0,0.0,0.0,0.0,1,0,0,0,0
10844,1,1,0,0.0,0.0,0.0,0.10526315789473684,0,1,0,1,1
10848,1,0,0,0.0,0.0,0.0,0.02631578947368421,0,0,0,0,0
10849,1,0,0,0.0,0.0,0.0,0.10526315789473684,1,1,0,1,1
10851,0,0,0,0.0,0.0,0.0,0.05263157894736842,0,1,0,1,0
10854,1,0,0,0.0,0.0,0.0,0.0,1,0,0,0,0
10855,1,0,0,0.0,0.0,0.0,0.8157894736842105,0,1,0,1,0
10858,1,0,0,0.0,0.0,0.0,0.0,0,0,0,0,0
10859,0,0,0,0.0,0.0,0.0,0.13157894736842105,0,0,0,0,1
10860,1,0,0,0.0,0.0,0.0,0.13157894736842105,1,0,0,0,0
10863,1,0,0,0.0,0.0,0.0,0.05263157894736842,0,1,1,1,0
10864,1,0,1,0.0,0.0,0.058823529411764705,0.02631578947368421,0,1,0,1,1
10865,1,1,0,0.0,0.0,0.0,0.05263157894736842,0,0,0,0,0
10869,1,0,0,0.0,0.0,0.0,0.10526315789473684,0,1,1,1,1
10870,0,1,0,0.0,0.0,0.0,0.10526315789473684,0,1,0,1,1
10871,0,1,0,0.0,0.0,0.0,0.0,1,0,0,0,0
10873,0,0,0,0.0,0.0,0.0,0.15789473684210525,1,1,0,1,0
10874,0,0,1,0.0,0.0,0.0,0.0,0,0,0,0,0
10875,1,0,0,0.0,0.0,0.0,0.05263157894736842,0,1,1,1,0
10876,1,0,0,0.0,0.0,0.0,0.0,1,0,0,0,0
10878,1,0,0,0.0,0.0,0.0,0.07894736842105263,1,1,0,1,0
10879,1,1,0,0.0,0.0,0.0,0.0,0,0,0,0,0
10880,0,0,0,0.0,0.0,0.0,0.02631578947368421,1,0,0,0,0
10881,1,0,0,0.05,0.0,0.0,0.5263157894736842,0,1,0,1,1
10882,0,1,1,0.0,0.0,0.0,0.02631578947368421,0,0,0,0,0
10883,1,0,0,0.0,0.0,0.0,0.07894736842105263,0,1,0,1,0
10884,1,1,0,0.0,0.0,0.0,0.2894736842105263,0,1,0,0,0
10885,0,0,0,0.0,0.0,0.0,0.02631578947368421,0,1,0,1,0
10886,0,0,0,0.0,0.0,0.0,0.02631578947368421,0,1,0,1,1
10888,0,0,0,0.0,0.0,0.0,0.10526315789473684,0,1,1,1,1
10889,1,0,0,0.0,0.0,0.0,0.10526315789473684,0,0,0,0,1
10893,1,1,0,0.0,0.0,0.0,0.21052631578947367,1,0,0,0,0
10894,1,0,0,0.0,0.0,0.0,0.07894736842105263,0,0,0,0,0
10895,0,0,0,0.0,0.0,0.0,0.23684210526315788,0,1,0,1,1
10896,1,0,0,0.0,0.0,0.0,0.47368421052631576,0,1,0,1,0
10897,1,1,0,0.2,0.0,0.0,0.13157894736842105,1,1,1,0,1
10899,1,1,0,0.0,0.0,0.0,0.18421052631578946,1,1,0,1,0
10900,1,0,1,0.0,0.0,0.058823529411764705,0.0,0,0,0,0,0
10903,1,0,1,0.0,0.0,0.058823529411764705,0.02631578947368421,0,1,0,1,1
10907,0,1,0,0.0,0.0,0.0,0.07894736842105263,0,0,0,0,0
10909,1,1,0,0.0,0.0,0.11764705882352941,0.3684210526315789,0,1,0,1,1
10910,1,0,0,0.0,0.0,0.0,0.02631578947368421,1,0,0,0,0
10911,1,1,0,0.0,0.0,0.0,0.13157894736842105,1,0,0,0,0
10913,1,0,1,0.0,0.0,0.0,0.0,0,1,1,1,1
10914,1,0,0,0.0,0.0,0.0,0.3421052631578947,0,1,0,1,0
10917,1,0,0,0.0,0.0,0.058823529411764705,0.2894736842105263,0,1,1,1,0
10918,1,1,0,0.0,0.0,0.0,0.05263157894736842,0,0,0,0,0
10919,1,0,0,0.0,0.0,0.058823529411764705,0.3157894736842105,1,1,0,1,0
10920,1,1,0,0.0,0.0,0.0,0.10526315789473684,0,0,0,0,0
10921,1,0,0,0.0,0.0,0.0,0.05263157894736842,1,0,0,0,0
10922,1,1,0,0.0,0.0,0.0,0.10526315789473684,1,0,0,0,0
10924,1,0,0,0.0,0.0,0.0,0.0,1,0,0,0,0
10925,1,1,0,0.0,0.0,0.0,0.07894736842105263,1,1,0,1,0
10927,1,0,1,0.0,0.0,0.0,0.02631578947368421,0,0,0,0,0
10928,1,0,0,0.0,0.0,0.0,0.13157894736842105,1,0,0,0,0
10930,1,0,0,0.0,0.15384615384615385,0.0,0.18421052631578946,0,1,0,1,1
10931,1,0,0,0.0,0.0,0.0,0.02631578947368421,0,0,0,0,0
10932,1,0,0,0.0,0.0,0.0,0.10526315789473684,0,0,0,0,0
10934,1,1,0,0.0,0.0,0.0,0.0,1,0,0,0,0
10935,1,0,0,0.05,0.0,0.0,0.18421052631578946,1,1,0,1,1
10936,1,0,1,0.0,0.0,0.0,0.0,0,1,0,1,0
10939,0,1,0,0.0,0.0,0.0,0.02631578947368421,1,0,0,0,0
10940,1,1,0,0.0,0.0,0.0,0.05263157894736842,1,0,0,0,1
10941,1,1,0,0.0,0.0,0.0,0.0,1,1,1,1,0
10942,1,0,1,0.0,0.0,0.0,0.0,1,1,0,0,0
10945,1,0,1,0.0,0.0,0.0,0.0,0,1,0,1,1
10946,1,0,0,0.0,0.0,0.11764705882352941,0.02631578947368421,1,0,0,0,0
10947,1,0,0,0.0,0.0,0.0,0.10526315789473684,1,1,0,1,1
10948,1,1,0,0.0,0.0,0.0,0.18421052631578946,0,0,0,0,0
10949,1,0,1,0.05,0.0,0.0,0.02631578947368421,0,1,0,1,1
10950,1,1,0,0.0,0.0,0.0,0.0,1,1,0,1,0
10951,1,0,1,0.0,0.0,0.058823529411764705,0.0,1,0,0,0,0
10952,1,1,0,0.0,0.0,0.0,0.02631578947368421,0,0,0,0,0
10954,0,1,1,0.0,0.0,0.0,0.02631578947368421,0,0,0,0,1
10955,0,1,0,0.0,0.0,0.0,0.07894736842105263,0,0,0,0,0
10956,0,1,0,0.0,0.0,0.0,0.02631578947368421,1,0,0,0,0
10957,1,0,0,0.0,0.0,0.0,0.18421052631578946,1,1,0,1,0
10958,0,1,0,0.0,0.0,0.0,0.05263157894736842,0,0,0,0,0
10960,0,0,1,0.0,0.0,0.0,0.0,0,1,0,1,0
10962,0,1,0,0.0,0.0,0.0,0.10526315789473684,1,1,0,1,0
10963,1,1,0,0.0,0.0,0.0,0.13157894736842105,0,0,0,0,0
10964,1,0,0,0.0,0.0,0.0,0.23684210526315788,0,0,0,0,0
10965,1,1,0,0.0,0.0,0.0,0.3684210526315789,0,1,0,1,0
10966,1,1,0,0.0,0.0,0.0,0.0,1,0,0,0,0
10967,1,0,0,0.0,0.0,0.0,0.07894736842105263,1,1,0,1,0
10969,1,0,1,0.0,0.0,0.0,0.05263157894736842,1,1,1,1,0
10971,1,1,0,0.0,0.0,0.0,0.05263157894736842,0,0,0,0,0
10972,1,1,0,0.0,0.0,0.0,0.0,0,0,0,0,0
10975,1,0,0,0.0,0.0,0.0,0.02631578947368421,0,0,0,0,0
10976,0,1,0,0.0,0.0,0.0,0.05263157894736842,1,1,1,1,0
10977,1,0,0,0.0,0.0,0.0,0.21052631578947367,1,1,0,1,1
10979,1,0,0,0.0,0.0,0.0,0.0,1,0,0,0,0
10980,1,0,0,0.0,0.0,0.0,0.02631578947368421,0,0,0,0,0
10981,1,0,0,0.0,0.0,0.0,0.10526315789473684,0,0,0,0,0
10982,1,1,1,0.0,0.0,0.0,0.0,0,0,0,0,1
10984,0,0,1,0.0,0.0,0.0,0.0,1,1,0,1,1
10985,1,0,0,0.0,0.07692307692307693,0.0,0.5,0,1,0,1,1
10987,1,0,0,0.0,0.0,0.0,0.0,0,0,0,0,0
10988,1,0,0,0.0,0.0,0.0,0.0,0,0,0,0,0
10989,1,0,0,0.0,0.0,0.0,0.05263157894736842,1,0,0,0,0
10990,1,1,1,0.0,0.15384615384615385,0.058823529411764705,0.13157894736842105,1,1,1,1,1
10992,1,1,1,0.0,0.0,0.0,0.0,1,1,0,1,0
10994,1,0,0,0.0,0.0,0.0,0.0,1,1,0,1,0
10995,1,0,1,0.0,0.0,0.0,0.0,0,0,0,0,1
10996,1,0,1,0.0,0.0,0.0,0.0,0,0,0,0,1
10997,1,0,1,0.0,0.0,0.0,0.0,0,0,0,0,0
10999,1,0,0,0.0,0.0,0.0,0.0,0,0,0,0,0
11000,0,0,0,0.0,0.0,0.0,0.07894736842105263,1,0,0,0,0
11001,0,0,1,0.0,0.0,0.0,0.05263157894736842,0,1,0,1,0
